source,target,cluster_id,expected_cluster_size,topology
size_002_chain_01_node_001,size_002_chain_01_node_002,size_002_chain_01,2,chain
size_002_star_02_node_001,size_002_star_02_node_002,size_002_star_02,2,star
size_002_cycle_03_node_001,size_002_cycle_03_node_002,size_002_cycle_03,2,cycle
size_002_binary_tree_04_node_001,size_002_binary_tree_04_node_002,size_002_binary_tree_04,2,binary_tree
size_003_chain_01_node_001,size_003_chain_01_node_002,size_003_chain_01,3,chain
size_003_chain_01_node_002,size_003_chain_01_node_003,size_003_chain_01,3,chain
size_003_star_02_node_001,size_003_star_02_node_002,size_003_star_02,3,star
size_003_star_02_node_001,size_003_star_02_node_003,size_003_star_02,3,star
size_003_cycle_03_node_001,size_003_cycle_03_node_002,size_003_cycle_03,3,cycle
size_003_cycle_03_node_002,size_003_cycle_03_node_003,size_003_cycle_03,3,cycle
size_003_cycle_03_node_003,size_003_cycle_03_node_001,size_003_cycle_03,3,cycle
size_003_binary_tree_04_node_001,size_003_binary_tree_04_node_002,size_003_binary_tree_04,3,binary_tree
size_003_binary_tree_04_node_001,size_003_binary_tree_04_node_003,size_003_binary_tree_04,3,binary_tree
size_004_chain_01_node_001,size_004_chain_01_node_002,size_004_chain_01,4,chain
size_004_chain_01_node_002,size_004_chain_01_node_003,size_004_chain_01,4,chain
size_004_chain_01_node_003,size_004_chain_01_node_004,size_004_chain_01,4,chain
size_004_star_02_node_001,size_004_star_02_node_002,size_004_star_02,4,star
size_004_star_02_node_001,size_004_star_02_node_003,size_004_star_02,4,star
size_004_star_02_node_001,size_004_star_02_node_004,size_004_star_02,4,star
size_004_cycle_03_node_001,size_004_cycle_03_node_002,size_004_cycle_03,4,cycle
size_004_cycle_03_node_002,size_004_cycle_03_node_003,size_004_cycle_03,4,cycle
size_004_cycle_03_node_003,size_004_cycle_03_node_004,size_004_cycle_03,4,cycle
size_004_cycle_03_node_004,size_004_cycle_03_node_001,size_004_cycle_03,4,cycle
size_004_binary_tree_04_node_001,size_004_binary_tree_04_node_002,size_004_binary_tree_04,4,binary_tree
size_004_binary_tree_04_node_001,size_004_binary_tree_04_node_003,size_004_binary_tree_04,4,binary_tree
size_004_binary_tree_04_node_002,size_004_binary_tree_04_node_004,size_004_binary_tree_04,4,binary_tree
size_005_chain_01_node_001,size_005_chain_01_node_002,size_005_chain_01,5,chain
size_005_chain_01_node_002,size_005_chain_01_node_003,size_005_chain_01,5,chain
size_005_chain_01_node_003,size_005_chain_01_node_004,size_005_chain_01,5,chain
size_005_chain_01_node_004,size_005_chain_01_node_005,size_005_chain_01,5,chain
size_005_star_02_node_001,size_005_star_02_node_002,size_005_star_02,5,star
size_005_star_02_node_001,size_005_star_02_node_003,size_005_star_02,5,star
size_005_star_02_node_001,size_005_star_02_node_004,size_005_star_02,5,star
size_005_star_02_node_001,size_005_star_02_node_005,size_005_star_02,5,star
size_005_cycle_03_node_001,size_005_cycle_03_node_002,size_005_cycle_03,5,cycle
size_005_cycle_03_node_002,size_005_cycle_03_node_003,size_005_cycle_03,5,cycle
size_005_cycle_03_node_003,size_005_cycle_03_node_004,size_005_cycle_03,5,cycle
size_005_cycle_03_node_004,size_005_cycle_03_node_005,size_005_cycle_03,5,cycle
size_005_cycle_03_node_005,size_005_cycle_03_node_001,size_005_cycle_03,5,cycle
size_005_binary_tree_04_node_001,size_005_binary_tree_04_node_002,size_005_binary_tree_04,5,binary_tree
size_005_binary_tree_04_node_001,size_005_binary_tree_04_node_003,size_005_binary_tree_04,5,binary_tree
size_005_binary_tree_04_node_002,size_005_binary_tree_04_node_004,size_005_binary_tree_04,5,binary_tree
size_005_binary_tree_04_node_002,size_005_binary_tree_04_node_005,size_005_binary_tree_04,5,binary_tree
size_006_chain_01_node_001,size_006_chain_01_node_002,size_006_chain_01,6,chain
size_006_chain_01_node_002,size_006_chain_01_node_003,size_006_chain_01,6,chain
size_006_chain_01_node_003,size_006_chain_01_node_004,size_006_chain_01,6,chain
size_006_chain_01_node_004,size_006_chain_01_node_005,size_006_chain_01,6,chain
size_006_chain_01_node_005,size_006_chain_01_node_006,size_006_chain_01,6,chain
size_006_star_02_node_001,size_006_star_02_node_002,size_006_star_02,6,star
size_006_star_02_node_001,size_006_star_02_node_003,size_006_star_02,6,star
size_006_star_02_node_001,size_006_star_02_node_004,size_006_star_02,6,star
size_006_star_02_node_001,size_006_star_02_node_005,size_006_star_02,6,star
size_006_star_02_node_001,size_006_star_02_node_006,size_006_star_02,6,star
size_006_cycle_03_node_001,size_006_cycle_03_node_002,size_006_cycle_03,6,cycle
size_006_cycle_03_node_002,size_006_cycle_03_node_003,size_006_cycle_03,6,cycle
size_006_cycle_03_node_003,size_006_cycle_03_node_004,size_006_cycle_03,6,cycle
size_006_cycle_03_node_004,size_006_cycle_03_node_005,size_006_cycle_03,6,cycle
size_006_cycle_03_node_005,size_006_cycle_03_node_006,size_006_cycle_03,6,cycle
size_006_cycle_03_node_006,size_006_cycle_03_node_001,size_006_cycle_03,6,cycle
size_006_binary_tree_04_node_001,size_006_binary_tree_04_node_002,size_006_binary_tree_04,6,binary_tree
size_006_binary_tree_04_node_001,size_006_binary_tree_04_node_003,size_006_binary_tree_04,6,binary_tree
size_006_binary_tree_04_node_002,size_006_binary_tree_04_node_004,size_006_binary_tree_04,6,binary_tree
size_006_binary_tree_04_node_002,size_006_binary_tree_04_node_005,size_006_binary_tree_04,6,binary_tree
size_006_binary_tree_04_node_003,size_006_binary_tree_04_node_006,size_006_binary_tree_04,6,binary_tree
size_007_chain_01_node_001,size_007_chain_01_node_002,size_007_chain_01,7,chain
size_007_chain_01_node_002,size_007_chain_01_node_003,size_007_chain_01,7,chain
size_007_chain_01_node_003,size_007_chain_01_node_004,size_007_chain_01,7,chain
size_007_chain_01_node_004,size_007_chain_01_node_005,size_007_chain_01,7,chain
size_007_chain_01_node_005,size_007_chain_01_node_006,size_007_chain_01,7,chain
size_007_chain_01_node_006,size_007_chain_01_node_007,size_007_chain_01,7,chain
size_007_star_02_node_001,size_007_star_02_node_002,size_007_star_02,7,star
size_007_star_02_node_001,size_007_star_02_node_003,size_007_star_02,7,star
size_007_star_02_node_001,size_007_star_02_node_004,size_007_star_02,7,star
size_007_star_02_node_001,size_007_star_02_node_005,size_007_star_02,7,star
size_007_star_02_node_001,size_007_star_02_node_006,size_007_star_02,7,star
size_007_star_02_node_001,size_007_star_02_node_007,size_007_star_02,7,star
size_007_cycle_03_node_001,size_007_cycle_03_node_002,size_007_cycle_03,7,cycle
size_007_cycle_03_node_002,size_007_cycle_03_node_003,size_007_cycle_03,7,cycle
size_007_cycle_03_node_003,size_007_cycle_03_node_004,size_007_cycle_03,7,cycle
size_007_cycle_03_node_004,size_007_cycle_03_node_005,size_007_cycle_03,7,cycle
size_007_cycle_03_node_005,size_007_cycle_03_node_006,size_007_cycle_03,7,cycle
size_007_cycle_03_node_006,size_007_cycle_03_node_007,size_007_cycle_03,7,cycle
size_007_cycle_03_node_007,size_007_cycle_03_node_001,size_007_cycle_03,7,cycle
size_007_binary_tree_04_node_001,size_007_binary_tree_04_node_002,size_007_binary_tree_04,7,binary_tree
size_007_binary_tree_04_node_001,size_007_binary_tree_04_node_003,size_007_binary_tree_04,7,binary_tree
size_007_binary_tree_04_node_002,size_007_binary_tree_04_node_004,size_007_binary_tree_04,7,binary_tree
size_007_binary_tree_04_node_002,size_007_binary_tree_04_node_005,size_007_binary_tree_04,7,binary_tree
size_007_binary_tree_04_node_003,size_007_binary_tree_04_node_006,size_007_binary_tree_04,7,binary_tree
size_007_binary_tree_04_node_003,size_007_binary_tree_04_node_007,size_007_binary_tree_04,7,binary_tree
size_008_chain_01_node_001,size_008_chain_01_node_002,size_008_chain_01,8,chain
size_008_chain_01_node_002,size_008_chain_01_node_003,size_008_chain_01,8,chain
size_008_chain_01_node_003,size_008_chain_01_node_004,size_008_chain_01,8,chain
size_008_chain_01_node_004,size_008_chain_01_node_005,size_008_chain_01,8,chain
size_008_chain_01_node_005,size_008_chain_01_node_006,size_008_chain_01,8,chain
size_008_chain_01_node_006,size_008_chain_01_node_007,size_008_chain_01,8,chain
size_008_chain_01_node_007,size_008_chain_01_node_008,size_008_chain_01,8,chain
size_008_star_02_node_001,size_008_star_02_node_002,size_008_star_02,8,star
size_008_star_02_node_001,size_008_star_02_node_003,size_008_star_02,8,star
size_008_star_02_node_001,size_008_star_02_node_004,size_008_star_02,8,star
size_008_star_02_node_001,size_008_star_02_node_005,size_008_star_02,8,star
size_008_star_02_node_001,size_008_star_02_node_006,size_008_star_02,8,star
size_008_star_02_node_001,size_008_star_02_node_007,size_008_star_02,8,star
size_008_star_02_node_001,size_008_star_02_node_008,size_008_star_02,8,star
size_008_cycle_03_node_001,size_008_cycle_03_node_002,size_008_cycle_03,8,cycle
size_008_cycle_03_node_002,size_008_cycle_03_node_003,size_008_cycle_03,8,cycle
size_008_cycle_03_node_003,size_008_cycle_03_node_004,size_008_cycle_03,8,cycle
size_008_cycle_03_node_004,size_008_cycle_03_node_005,size_008_cycle_03,8,cycle
size_008_cycle_03_node_005,size_008_cycle_03_node_006,size_008_cycle_03,8,cycle
size_008_cycle_03_node_006,size_008_cycle_03_node_007,size_008_cycle_03,8,cycle
size_008_cycle_03_node_007,size_008_cycle_03_node_008,size_008_cycle_03,8,cycle
size_008_cycle_03_node_008,size_008_cycle_03_node_001,size_008_cycle_03,8,cycle
size_008_binary_tree_04_node_001,size_008_binary_tree_04_node_002,size_008_binary_tree_04,8,binary_tree
size_008_binary_tree_04_node_001,size_008_binary_tree_04_node_003,size_008_binary_tree_04,8,binary_tree
size_008_binary_tree_04_node_002,size_008_binary_tree_04_node_004,size_008_binary_tree_04,8,binary_tree
size_008_binary_tree_04_node_002,size_008_binary_tree_04_node_005,size_008_binary_tree_04,8,binary_tree
size_008_binary_tree_04_node_003,size_008_binary_tree_04_node_006,size_008_binary_tree_04,8,binary_tree
size_008_binary_tree_04_node_003,size_008_binary_tree_04_node_007,size_008_binary_tree_04,8,binary_tree
size_008_binary_tree_04_node_004,size_008_binary_tree_04_node_008,size_008_binary_tree_04,8,binary_tree
size_009_chain_01_node_001,size_009_chain_01_node_002,size_009_chain_01,9,chain
size_009_chain_01_node_002,size_009_chain_01_node_003,size_009_chain_01,9,chain
size_009_chain_01_node_003,size_009_chain_01_node_004,size_009_chain_01,9,chain
size_009_chain_01_node_004,size_009_chain_01_node_005,size_009_chain_01,9,chain
size_009_chain_01_node_005,size_009_chain_01_node_006,size_009_chain_01,9,chain
size_009_chain_01_node_006,size_009_chain_01_node_007,size_009_chain_01,9,chain
size_009_chain_01_node_007,size_009_chain_01_node_008,size_009_chain_01,9,chain
size_009_chain_01_node_008,size_009_chain_01_node_009,size_009_chain_01,9,chain
size_009_star_02_node_001,size_009_star_02_node_002,size_009_star_02,9,star
size_009_star_02_node_001,size_009_star_02_node_003,size_009_star_02,9,star
size_009_star_02_node_001,size_009_star_02_node_004,size_009_star_02,9,star
size_009_star_02_node_001,size_009_star_02_node_005,size_009_star_02,9,star
size_009_star_02_node_001,size_009_star_02_node_006,size_009_star_02,9,star
size_009_star_02_node_001,size_009_star_02_node_007,size_009_star_02,9,star
size_009_star_02_node_001,size_009_star_02_node_008,size_009_star_02,9,star
size_009_star_02_node_001,size_009_star_02_node_009,size_009_star_02,9,star
size_009_cycle_03_node_001,size_009_cycle_03_node_002,size_009_cycle_03,9,cycle
size_009_cycle_03_node_002,size_009_cycle_03_node_003,size_009_cycle_03,9,cycle
size_009_cycle_03_node_003,size_009_cycle_03_node_004,size_009_cycle_03,9,cycle
size_009_cycle_03_node_004,size_009_cycle_03_node_005,size_009_cycle_03,9,cycle
size_009_cycle_03_node_005,size_009_cycle_03_node_006,size_009_cycle_03,9,cycle
size_009_cycle_03_node_006,size_009_cycle_03_node_007,size_009_cycle_03,9,cycle
size_009_cycle_03_node_007,size_009_cycle_03_node_008,size_009_cycle_03,9,cycle
size_009_cycle_03_node_008,size_009_cycle_03_node_009,size_009_cycle_03,9,cycle
size_009_cycle_03_node_009,size_009_cycle_03_node_001,size_009_cycle_03,9,cycle
size_009_binary_tree_04_node_001,size_009_binary_tree_04_node_002,size_009_binary_tree_04,9,binary_tree
size_009_binary_tree_04_node_001,size_009_binary_tree_04_node_003,size_009_binary_tree_04,9,binary_tree
size_009_binary_tree_04_node_002,size_009_binary_tree_04_node_004,size_009_binary_tree_04,9,binary_tree
size_009_binary_tree_04_node_002,size_009_binary_tree_04_node_005,size_009_binary_tree_04,9,binary_tree
size_009_binary_tree_04_node_003,size_009_binary_tree_04_node_006,size_009_binary_tree_04,9,binary_tree
size_009_binary_tree_04_node_003,size_009_binary_tree_04_node_007,size_009_binary_tree_04,9,binary_tree
size_009_binary_tree_04_node_004,size_009_binary_tree_04_node_008,size_009_binary_tree_04,9,binary_tree
size_009_binary_tree_04_node_004,size_009_binary_tree_04_node_009,size_009_binary_tree_04,9,binary_tree
size_010_chain_01_node_001,size_010_chain_01_node_002,size_010_chain_01,10,chain
size_010_chain_01_node_002,size_010_chain_01_node_003,size_010_chain_01,10,chain
size_010_chain_01_node_003,size_010_chain_01_node_004,size_010_chain_01,10,chain
size_010_chain_01_node_004,size_010_chain_01_node_005,size_010_chain_01,10,chain
size_010_chain_01_node_005,size_010_chain_01_node_006,size_010_chain_01,10,chain
size_010_chain_01_node_006,size_010_chain_01_node_007,size_010_chain_01,10,chain
size_010_chain_01_node_007,size_010_chain_01_node_008,size_010_chain_01,10,chain
size_010_chain_01_node_008,size_010_chain_01_node_009,size_010_chain_01,10,chain
size_010_chain_01_node_009,size_010_chain_01_node_010,size_010_chain_01,10,chain
size_010_star_02_node_001,size_010_star_02_node_002,size_010_star_02,10,star
size_010_star_02_node_001,size_010_star_02_node_003,size_010_star_02,10,star
size_010_star_02_node_001,size_010_star_02_node_004,size_010_star_02,10,star
size_010_star_02_node_001,size_010_star_02_node_005,size_010_star_02,10,star
size_010_star_02_node_001,size_010_star_02_node_006,size_010_star_02,10,star
size_010_star_02_node_001,size_010_star_02_node_007,size_010_star_02,10,star
size_010_star_02_node_001,size_010_star_02_node_008,size_010_star_02,10,star
size_010_star_02_node_001,size_010_star_02_node_009,size_010_star_02,10,star
size_010_star_02_node_001,size_010_star_02_node_010,size_010_star_02,10,star
size_010_cycle_03_node_001,size_010_cycle_03_node_002,size_010_cycle_03,10,cycle
size_010_cycle_03_node_002,size_010_cycle_03_node_003,size_010_cycle_03,10,cycle
size_010_cycle_03_node_003,size_010_cycle_03_node_004,size_010_cycle_03,10,cycle
size_010_cycle_03_node_004,size_010_cycle_03_node_005,size_010_cycle_03,10,cycle
size_010_cycle_03_node_005,size_010_cycle_03_node_006,size_010_cycle_03,10,cycle
size_010_cycle_03_node_006,size_010_cycle_03_node_007,size_010_cycle_03,10,cycle
size_010_cycle_03_node_007,size_010_cycle_03_node_008,size_010_cycle_03,10,cycle
size_010_cycle_03_node_008,size_010_cycle_03_node_009,size_010_cycle_03,10,cycle
size_010_cycle_03_node_009,size_010_cycle_03_node_010,size_010_cycle_03,10,cycle
size_010_cycle_03_node_010,size_010_cycle_03_node_001,size_010_cycle_03,10,cycle
size_010_binary_tree_04_node_001,size_010_binary_tree_04_node_002,size_010_binary_tree_04,10,binary_tree
size_010_binary_tree_04_node_001,size_010_binary_tree_04_node_003,size_010_binary_tree_04,10,binary_tree
size_010_binary_tree_04_node_002,size_010_binary_tree_04_node_004,size_010_binary_tree_04,10,binary_tree
size_010_binary_tree_04_node_002,size_010_binary_tree_04_node_005,size_010_binary_tree_04,10,binary_tree
size_010_binary_tree_04_node_003,size_010_binary_tree_04_node_006,size_010_binary_tree_04,10,binary_tree
size_010_binary_tree_04_node_003,size_010_binary_tree_04_node_007,size_010_binary_tree_04,10,binary_tree
size_010_binary_tree_04_node_004,size_010_binary_tree_04_node_008,size_010_binary_tree_04,10,binary_tree
size_010_binary_tree_04_node_004,size_010_binary_tree_04_node_009,size_010_binary_tree_04,10,binary_tree
size_010_binary_tree_04_node_005,size_010_binary_tree_04_node_010,size_010_binary_tree_04,10,binary_tree
size_011_chain_01_node_001,size_011_chain_01_node_002,size_011_chain_01,11,chain
size_011_chain_01_node_002,size_011_chain_01_node_003,size_011_chain_01,11,chain
size_011_chain_01_node_003,size_011_chain_01_node_004,size_011_chain_01,11,chain
size_011_chain_01_node_004,size_011_chain_01_node_005,size_011_chain_01,11,chain
size_011_chain_01_node_005,size_011_chain_01_node_006,size_011_chain_01,11,chain
size_011_chain_01_node_006,size_011_chain_01_node_007,size_011_chain_01,11,chain
size_011_chain_01_node_007,size_011_chain_01_node_008,size_011_chain_01,11,chain
size_011_chain_01_node_008,size_011_chain_01_node_009,size_011_chain_01,11,chain
size_011_chain_01_node_009,size_011_chain_01_node_010,size_011_chain_01,11,chain
size_011_chain_01_node_010,size_011_chain_01_node_011,size_011_chain_01,11,chain
size_011_star_02_node_001,size_011_star_02_node_002,size_011_star_02,11,star
size_011_star_02_node_001,size_011_star_02_node_003,size_011_star_02,11,star
size_011_star_02_node_001,size_011_star_02_node_004,size_011_star_02,11,star
size_011_star_02_node_001,size_011_star_02_node_005,size_011_star_02,11,star
size_011_star_02_node_001,size_011_star_02_node_006,size_011_star_02,11,star
size_011_star_02_node_001,size_011_star_02_node_007,size_011_star_02,11,star
size_011_star_02_node_001,size_011_star_02_node_008,size_011_star_02,11,star
size_011_star_02_node_001,size_011_star_02_node_009,size_011_star_02,11,star
size_011_star_02_node_001,size_011_star_02_node_010,size_011_star_02,11,star
size_011_star_02_node_001,size_011_star_02_node_011,size_011_star_02,11,star
size_011_cycle_03_node_001,size_011_cycle_03_node_002,size_011_cycle_03,11,cycle
size_011_cycle_03_node_002,size_011_cycle_03_node_003,size_011_cycle_03,11,cycle
size_011_cycle_03_node_003,size_011_cycle_03_node_004,size_011_cycle_03,11,cycle
size_011_cycle_03_node_004,size_011_cycle_03_node_005,size_011_cycle_03,11,cycle
size_011_cycle_03_node_005,size_011_cycle_03_node_006,size_011_cycle_03,11,cycle
size_011_cycle_03_node_006,size_011_cycle_03_node_007,size_011_cycle_03,11,cycle
size_011_cycle_03_node_007,size_011_cycle_03_node_008,size_011_cycle_03,11,cycle
size_011_cycle_03_node_008,size_011_cycle_03_node_009,size_011_cycle_03,11,cycle
size_011_cycle_03_node_009,size_011_cycle_03_node_010,size_011_cycle_03,11,cycle
size_011_cycle_03_node_010,size_011_cycle_03_node_011,size_011_cycle_03,11,cycle
size_011_cycle_03_node_011,size_011_cycle_03_node_001,size_011_cycle_03,11,cycle
size_011_binary_tree_04_node_001,size_011_binary_tree_04_node_002,size_011_binary_tree_04,11,binary_tree
size_011_binary_tree_04_node_001,size_011_binary_tree_04_node_003,size_011_binary_tree_04,11,binary_tree
size_011_binary_tree_04_node_002,size_011_binary_tree_04_node_004,size_011_binary_tree_04,11,binary_tree
size_011_binary_tree_04_node_002,size_011_binary_tree_04_node_005,size_011_binary_tree_04,11,binary_tree
size_011_binary_tree_04_node_003,size_011_binary_tree_04_node_006,size_011_binary_tree_04,11,binary_tree
size_011_binary_tree_04_node_003,size_011_binary_tree_04_node_007,size_011_binary_tree_04,11,binary_tree
size_011_binary_tree_04_node_004,size_011_binary_tree_04_node_008,size_011_binary_tree_04,11,binary_tree
size_011_binary_tree_04_node_004,size_011_binary_tree_04_node_009,size_011_binary_tree_04,11,binary_tree
size_011_binary_tree_04_node_005,size_011_binary_tree_04_node_010,size_011_binary_tree_04,11,binary_tree
size_011_binary_tree_04_node_005,size_011_binary_tree_04_node_011,size_011_binary_tree_04,11,binary_tree
size_012_chain_01_node_001,size_012_chain_01_node_002,size_012_chain_01,12,chain
size_012_chain_01_node_002,size_012_chain_01_node_003,size_012_chain_01,12,chain
size_012_chain_01_node_003,size_012_chain_01_node_004,size_012_chain_01,12,chain
size_012_chain_01_node_004,size_012_chain_01_node_005,size_012_chain_01,12,chain
size_012_chain_01_node_005,size_012_chain_01_node_006,size_012_chain_01,12,chain
size_012_chain_01_node_006,size_012_chain_01_node_007,size_012_chain_01,12,chain
size_012_chain_01_node_007,size_012_chain_01_node_008,size_012_chain_01,12,chain
size_012_chain_01_node_008,size_012_chain_01_node_009,size_012_chain_01,12,chain
size_012_chain_01_node_009,size_012_chain_01_node_010,size_012_chain_01,12,chain
size_012_chain_01_node_010,size_012_chain_01_node_011,size_012_chain_01,12,chain
size_012_chain_01_node_011,size_012_chain_01_node_012,size_012_chain_01,12,chain
size_012_star_02_node_001,size_012_star_02_node_002,size_012_star_02,12,star
size_012_star_02_node_001,size_012_star_02_node_003,size_012_star_02,12,star
size_012_star_02_node_001,size_012_star_02_node_004,size_012_star_02,12,star
size_012_star_02_node_001,size_012_star_02_node_005,size_012_star_02,12,star
size_012_star_02_node_001,size_012_star_02_node_006,size_012_star_02,12,star
size_012_star_02_node_001,size_012_star_02_node_007,size_012_star_02,12,star
size_012_star_02_node_001,size_012_star_02_node_008,size_012_star_02,12,star
size_012_star_02_node_001,size_012_star_02_node_009,size_012_star_02,12,star
size_012_star_02_node_001,size_012_star_02_node_010,size_012_star_02,12,star
size_012_star_02_node_001,size_012_star_02_node_011,size_012_star_02,12,star
size_012_star_02_node_001,size_012_star_02_node_012,size_012_star_02,12,star
size_012_cycle_03_node_001,size_012_cycle_03_node_002,size_012_cycle_03,12,cycle
size_012_cycle_03_node_002,size_012_cycle_03_node_003,size_012_cycle_03,12,cycle
size_012_cycle_03_node_003,size_012_cycle_03_node_004,size_012_cycle_03,12,cycle
size_012_cycle_03_node_004,size_012_cycle_03_node_005,size_012_cycle_03,12,cycle
size_012_cycle_03_node_005,size_012_cycle_03_node_006,size_012_cycle_03,12,cycle
size_012_cycle_03_node_006,size_012_cycle_03_node_007,size_012_cycle_03,12,cycle
size_012_cycle_03_node_007,size_012_cycle_03_node_008,size_012_cycle_03,12,cycle
size_012_cycle_03_node_008,size_012_cycle_03_node_009,size_012_cycle_03,12,cycle
size_012_cycle_03_node_009,size_012_cycle_03_node_010,size_012_cycle_03,12,cycle
size_012_cycle_03_node_010,size_012_cycle_03_node_011,size_012_cycle_03,12,cycle
size_012_cycle_03_node_011,size_012_cycle_03_node_012,size_012_cycle_03,12,cycle
size_012_cycle_03_node_012,size_012_cycle_03_node_001,size_012_cycle_03,12,cycle
size_012_binary_tree_04_node_001,size_012_binary_tree_04_node_002,size_012_binary_tree_04,12,binary_tree
size_012_binary_tree_04_node_001,size_012_binary_tree_04_node_003,size_012_binary_tree_04,12,binary_tree
size_012_binary_tree_04_node_002,size_012_binary_tree_04_node_004,size_012_binary_tree_04,12,binary_tree
size_012_binary_tree_04_node_002,size_012_binary_tree_04_node_005,size_012_binary_tree_04,12,binary_tree
size_012_binary_tree_04_node_003,size_012_binary_tree_04_node_006,size_012_binary_tree_04,12,binary_tree
size_012_binary_tree_04_node_003,size_012_binary_tree_04_node_007,size_012_binary_tree_04,12,binary_tree
size_012_binary_tree_04_node_004,size_012_binary_tree_04_node_008,size_012_binary_tree_04,12,binary_tree
size_012_binary_tree_04_node_004,size_012_binary_tree_04_node_009,size_012_binary_tree_04,12,binary_tree
size_012_binary_tree_04_node_005,size_012_binary_tree_04_node_010,size_012_binary_tree_04,12,binary_tree
size_012_binary_tree_04_node_005,size_012_binary_tree_04_node_011,size_012_binary_tree_04,12,binary_tree
size_012_binary_tree_04_node_006,size_012_binary_tree_04_node_012,size_012_binary_tree_04,12,binary_tree
size_013_chain_01_node_001,size_013_chain_01_node_002,size_013_chain_01,13,chain
size_013_chain_01_node_002,size_013_chain_01_node_003,size_013_chain_01,13,chain
size_013_chain_01_node_003,size_013_chain_01_node_004,size_013_chain_01,13,chain
size_013_chain_01_node_004,size_013_chain_01_node_005,size_013_chain_01,13,chain
size_013_chain_01_node_005,size_013_chain_01_node_006,size_013_chain_01,13,chain
size_013_chain_01_node_006,size_013_chain_01_node_007,size_013_chain_01,13,chain
size_013_chain_01_node_007,size_013_chain_01_node_008,size_013_chain_01,13,chain
size_013_chain_01_node_008,size_013_chain_01_node_009,size_013_chain_01,13,chain
size_013_chain_01_node_009,size_013_chain_01_node_010,size_013_chain_01,13,chain
size_013_chain_01_node_010,size_013_chain_01_node_011,size_013_chain_01,13,chain
size_013_chain_01_node_011,size_013_chain_01_node_012,size_013_chain_01,13,chain
size_013_chain_01_node_012,size_013_chain_01_node_013,size_013_chain_01,13,chain
size_013_star_02_node_001,size_013_star_02_node_002,size_013_star_02,13,star
size_013_star_02_node_001,size_013_star_02_node_003,size_013_star_02,13,star
size_013_star_02_node_001,size_013_star_02_node_004,size_013_star_02,13,star
size_013_star_02_node_001,size_013_star_02_node_005,size_013_star_02,13,star
size_013_star_02_node_001,size_013_star_02_node_006,size_013_star_02,13,star
size_013_star_02_node_001,size_013_star_02_node_007,size_013_star_02,13,star
size_013_star_02_node_001,size_013_star_02_node_008,size_013_star_02,13,star
size_013_star_02_node_001,size_013_star_02_node_009,size_013_star_02,13,star
size_013_star_02_node_001,size_013_star_02_node_010,size_013_star_02,13,star
size_013_star_02_node_001,size_013_star_02_node_011,size_013_star_02,13,star
size_013_star_02_node_001,size_013_star_02_node_012,size_013_star_02,13,star
size_013_star_02_node_001,size_013_star_02_node_013,size_013_star_02,13,star
size_013_cycle_03_node_001,size_013_cycle_03_node_002,size_013_cycle_03,13,cycle
size_013_cycle_03_node_002,size_013_cycle_03_node_003,size_013_cycle_03,13,cycle
size_013_cycle_03_node_003,size_013_cycle_03_node_004,size_013_cycle_03,13,cycle
size_013_cycle_03_node_004,size_013_cycle_03_node_005,size_013_cycle_03,13,cycle
size_013_cycle_03_node_005,size_013_cycle_03_node_006,size_013_cycle_03,13,cycle
size_013_cycle_03_node_006,size_013_cycle_03_node_007,size_013_cycle_03,13,cycle
size_013_cycle_03_node_007,size_013_cycle_03_node_008,size_013_cycle_03,13,cycle
size_013_cycle_03_node_008,size_013_cycle_03_node_009,size_013_cycle_03,13,cycle
size_013_cycle_03_node_009,size_013_cycle_03_node_010,size_013_cycle_03,13,cycle
size_013_cycle_03_node_010,size_013_cycle_03_node_011,size_013_cycle_03,13,cycle
size_013_cycle_03_node_011,size_013_cycle_03_node_012,size_013_cycle_03,13,cycle
size_013_cycle_03_node_012,size_013_cycle_03_node_013,size_013_cycle_03,13,cycle
size_013_cycle_03_node_013,size_013_cycle_03_node_001,size_013_cycle_03,13,cycle
size_013_binary_tree_04_node_001,size_013_binary_tree_04_node_002,size_013_binary_tree_04,13,binary_tree
size_013_binary_tree_04_node_001,size_013_binary_tree_04_node_003,size_013_binary_tree_04,13,binary_tree
size_013_binary_tree_04_node_002,size_013_binary_tree_04_node_004,size_013_binary_tree_04,13,binary_tree
size_013_binary_tree_04_node_002,size_013_binary_tree_04_node_005,size_013_binary_tree_04,13,binary_tree
size_013_binary_tree_04_node_003,size_013_binary_tree_04_node_006,size_013_binary_tree_04,13,binary_tree
size_013_binary_tree_04_node_003,size_013_binary_tree_04_node_007,size_013_binary_tree_04,13,binary_tree
size_013_binary_tree_04_node_004,size_013_binary_tree_04_node_008,size_013_binary_tree_04,13,binary_tree
size_013_binary_tree_04_node_004,size_013_binary_tree_04_node_009,size_013_binary_tree_04,13,binary_tree
size_013_binary_tree_04_node_005,size_013_binary_tree_04_node_010,size_013_binary_tree_04,13,binary_tree
size_013_binary_tree_04_node_005,size_013_binary_tree_04_node_011,size_013_binary_tree_04,13,binary_tree
size_013_binary_tree_04_node_006,size_013_binary_tree_04_node_012,size_013_binary_tree_04,13,binary_tree
size_013_binary_tree_04_node_006,size_013_binary_tree_04_node_013,size_013_binary_tree_04,13,binary_tree
size_014_chain_01_node_001,size_014_chain_01_node_002,size_014_chain_01,14,chain
size_014_chain_01_node_002,size_014_chain_01_node_003,size_014_chain_01,14,chain
size_014_chain_01_node_003,size_014_chain_01_node_004,size_014_chain_01,14,chain
size_014_chain_01_node_004,size_014_chain_01_node_005,size_014_chain_01,14,chain
size_014_chain_01_node_005,size_014_chain_01_node_006,size_014_chain_01,14,chain
size_014_chain_01_node_006,size_014_chain_01_node_007,size_014_chain_01,14,chain
size_014_chain_01_node_007,size_014_chain_01_node_008,size_014_chain_01,14,chain
size_014_chain_01_node_008,size_014_chain_01_node_009,size_014_chain_01,14,chain
size_014_chain_01_node_009,size_014_chain_01_node_010,size_014_chain_01,14,chain
size_014_chain_01_node_010,size_014_chain_01_node_011,size_014_chain_01,14,chain
size_014_chain_01_node_011,size_014_chain_01_node_012,size_014_chain_01,14,chain
size_014_chain_01_node_012,size_014_chain_01_node_013,size_014_chain_01,14,chain
size_014_chain_01_node_013,size_014_chain_01_node_014,size_014_chain_01,14,chain
size_014_star_02_node_001,size_014_star_02_node_002,size_014_star_02,14,star
size_014_star_02_node_001,size_014_star_02_node_003,size_014_star_02,14,star
size_014_star_02_node_001,size_014_star_02_node_004,size_014_star_02,14,star
size_014_star_02_node_001,size_014_star_02_node_005,size_014_star_02,14,star
size_014_star_02_node_001,size_014_star_02_node_006,size_014_star_02,14,star
size_014_star_02_node_001,size_014_star_02_node_007,size_014_star_02,14,star
size_014_star_02_node_001,size_014_star_02_node_008,size_014_star_02,14,star
size_014_star_02_node_001,size_014_star_02_node_009,size_014_star_02,14,star
size_014_star_02_node_001,size_014_star_02_node_010,size_014_star_02,14,star
size_014_star_02_node_001,size_014_star_02_node_011,size_014_star_02,14,star
size_014_star_02_node_001,size_014_star_02_node_012,size_014_star_02,14,star
size_014_star_02_node_001,size_014_star_02_node_013,size_014_star_02,14,star
size_014_star_02_node_001,size_014_star_02_node_014,size_014_star_02,14,star
size_014_cycle_03_node_001,size_014_cycle_03_node_002,size_014_cycle_03,14,cycle
size_014_cycle_03_node_002,size_014_cycle_03_node_003,size_014_cycle_03,14,cycle
size_014_cycle_03_node_003,size_014_cycle_03_node_004,size_014_cycle_03,14,cycle
size_014_cycle_03_node_004,size_014_cycle_03_node_005,size_014_cycle_03,14,cycle
size_014_cycle_03_node_005,size_014_cycle_03_node_006,size_014_cycle_03,14,cycle
size_014_cycle_03_node_006,size_014_cycle_03_node_007,size_014_cycle_03,14,cycle
size_014_cycle_03_node_007,size_014_cycle_03_node_008,size_014_cycle_03,14,cycle
size_014_cycle_03_node_008,size_014_cycle_03_node_009,size_014_cycle_03,14,cycle
size_014_cycle_03_node_009,size_014_cycle_03_node_010,size_014_cycle_03,14,cycle
size_014_cycle_03_node_010,size_014_cycle_03_node_011,size_014_cycle_03,14,cycle
size_014_cycle_03_node_011,size_014_cycle_03_node_012,size_014_cycle_03,14,cycle
size_014_cycle_03_node_012,size_014_cycle_03_node_013,size_014_cycle_03,14,cycle
size_014_cycle_03_node_013,size_014_cycle_03_node_014,size_014_cycle_03,14,cycle
size_014_cycle_03_node_014,size_014_cycle_03_node_001,size_014_cycle_03,14,cycle
size_014_binary_tree_04_node_001,size_014_binary_tree_04_node_002,size_014_binary_tree_04,14,binary_tree
size_014_binary_tree_04_node_001,size_014_binary_tree_04_node_003,size_014_binary_tree_04,14,binary_tree
size_014_binary_tree_04_node_002,size_014_binary_tree_04_node_004,size_014_binary_tree_04,14,binary_tree
size_014_binary_tree_04_node_002,size_014_binary_tree_04_node_005,size_014_binary_tree_04,14,binary_tree
size_014_binary_tree_04_node_003,size_014_binary_tree_04_node_006,size_014_binary_tree_04,14,binary_tree
size_014_binary_tree_04_node_003,size_014_binary_tree_04_node_007,size_014_binary_tree_04,14,binary_tree
size_014_binary_tree_04_node_004,size_014_binary_tree_04_node_008,size_014_binary_tree_04,14,binary_tree
size_014_binary_tree_04_node_004,size_014_binary_tree_04_node_009,size_014_binary_tree_04,14,binary_tree
size_014_binary_tree_04_node_005,size_014_binary_tree_04_node_010,size_014_binary_tree_04,14,binary_tree
size_014_binary_tree_04_node_005,size_014_binary_tree_04_node_011,size_014_binary_tree_04,14,binary_tree
size_014_binary_tree_04_node_006,size_014_binary_tree_04_node_012,size_014_binary_tree_04,14,binary_tree
size_014_binary_tree_04_node_006,size_014_binary_tree_04_node_013,size_014_binary_tree_04,14,binary_tree
size_014_binary_tree_04_node_007,size_014_binary_tree_04_node_014,size_014_binary_tree_04,14,binary_tree
size_015_chain_01_node_001,size_015_chain_01_node_002,size_015_chain_01,15,chain
size_015_chain_01_node_002,size_015_chain_01_node_003,size_015_chain_01,15,chain
size_015_chain_01_node_003,size_015_chain_01_node_004,size_015_chain_01,15,chain
size_015_chain_01_node_004,size_015_chain_01_node_005,size_015_chain_01,15,chain
size_015_chain_01_node_005,size_015_chain_01_node_006,size_015_chain_01,15,chain
size_015_chain_01_node_006,size_015_chain_01_node_007,size_015_chain_01,15,chain
size_015_chain_01_node_007,size_015_chain_01_node_008,size_015_chain_01,15,chain
size_015_chain_01_node_008,size_015_chain_01_node_009,size_015_chain_01,15,chain
size_015_chain_01_node_009,size_015_chain_01_node_010,size_015_chain_01,15,chain
size_015_chain_01_node_010,size_015_chain_01_node_011,size_015_chain_01,15,chain
size_015_chain_01_node_011,size_015_chain_01_node_012,size_015_chain_01,15,chain
size_015_chain_01_node_012,size_015_chain_01_node_013,size_015_chain_01,15,chain
size_015_chain_01_node_013,size_015_chain_01_node_014,size_015_chain_01,15,chain
size_015_chain_01_node_014,size_015_chain_01_node_015,size_015_chain_01,15,chain
size_015_star_02_node_001,size_015_star_02_node_002,size_015_star_02,15,star
size_015_star_02_node_001,size_015_star_02_node_003,size_015_star_02,15,star
size_015_star_02_node_001,size_015_star_02_node_004,size_015_star_02,15,star
size_015_star_02_node_001,size_015_star_02_node_005,size_015_star_02,15,star
size_015_star_02_node_001,size_015_star_02_node_006,size_015_star_02,15,star
size_015_star_02_node_001,size_015_star_02_node_007,size_015_star_02,15,star
size_015_star_02_node_001,size_015_star_02_node_008,size_015_star_02,15,star
size_015_star_02_node_001,size_015_star_02_node_009,size_015_star_02,15,star
size_015_star_02_node_001,size_015_star_02_node_010,size_015_star_02,15,star
size_015_star_02_node_001,size_015_star_02_node_011,size_015_star_02,15,star
size_015_star_02_node_001,size_015_star_02_node_012,size_015_star_02,15,star
size_015_star_02_node_001,size_015_star_02_node_013,size_015_star_02,15,star
size_015_star_02_node_001,size_015_star_02_node_014,size_015_star_02,15,star
size_015_star_02_node_001,size_015_star_02_node_015,size_015_star_02,15,star
size_015_cycle_03_node_001,size_015_cycle_03_node_002,size_015_cycle_03,15,cycle
size_015_cycle_03_node_002,size_015_cycle_03_node_003,size_015_cycle_03,15,cycle
size_015_cycle_03_node_003,size_015_cycle_03_node_004,size_015_cycle_03,15,cycle
size_015_cycle_03_node_004,size_015_cycle_03_node_005,size_015_cycle_03,15,cycle
size_015_cycle_03_node_005,size_015_cycle_03_node_006,size_015_cycle_03,15,cycle
size_015_cycle_03_node_006,size_015_cycle_03_node_007,size_015_cycle_03,15,cycle
size_015_cycle_03_node_007,size_015_cycle_03_node_008,size_015_cycle_03,15,cycle
size_015_cycle_03_node_008,size_015_cycle_03_node_009,size_015_cycle_03,15,cycle
size_015_cycle_03_node_009,size_015_cycle_03_node_010,size_015_cycle_03,15,cycle
size_015_cycle_03_node_010,size_015_cycle_03_node_011,size_015_cycle_03,15,cycle
size_015_cycle_03_node_011,size_015_cycle_03_node_012,size_015_cycle_03,15,cycle
size_015_cycle_03_node_012,size_015_cycle_03_node_013,size_015_cycle_03,15,cycle
size_015_cycle_03_node_013,size_015_cycle_03_node_014,size_015_cycle_03,15,cycle
size_015_cycle_03_node_014,size_015_cycle_03_node_015,size_015_cycle_03,15,cycle
size_015_cycle_03_node_015,size_015_cycle_03_node_001,size_015_cycle_03,15,cycle
size_015_binary_tree_04_node_001,size_015_binary_tree_04_node_002,size_015_binary_tree_04,15,binary_tree
size_015_binary_tree_04_node_001,size_015_binary_tree_04_node_003,size_015_binary_tree_04,15,binary_tree
size_015_binary_tree_04_node_002,size_015_binary_tree_04_node_004,size_015_binary_tree_04,15,binary_tree
size_015_binary_tree_04_node_002,size_015_binary_tree_04_node_005,size_015_binary_tree_04,15,binary_tree
size_015_binary_tree_04_node_003,size_015_binary_tree_04_node_006,size_015_binary_tree_04,15,binary_tree
size_015_binary_tree_04_node_003,size_015_binary_tree_04_node_007,size_015_binary_tree_04,15,binary_tree
size_015_binary_tree_04_node_004,size_015_binary_tree_04_node_008,size_015_binary_tree_04,15,binary_tree
size_015_binary_tree_04_node_004,size_015_binary_tree_04_node_009,size_015_binary_tree_04,15,binary_tree
size_015_binary_tree_04_node_005,size_015_binary_tree_04_node_010,size_015_binary_tree_04,15,binary_tree
size_015_binary_tree_04_node_005,size_015_binary_tree_04_node_011,size_015_binary_tree_04,15,binary_tree
size_015_binary_tree_04_node_006,size_015_binary_tree_04_node_012,size_015_binary_tree_04,15,binary_tree
size_015_binary_tree_04_node_006,size_015_binary_tree_04_node_013,size_015_binary_tree_04,15,binary_tree
size_015_binary_tree_04_node_007,size_015_binary_tree_04_node_014,size_015_binary_tree_04,15,binary_tree
size_015_binary_tree_04_node_007,size_015_binary_tree_04_node_015,size_015_binary_tree_04,15,binary_tree
size_016_chain_01_node_001,size_016_chain_01_node_002,size_016_chain_01,16,chain
size_016_chain_01_node_002,size_016_chain_01_node_003,size_016_chain_01,16,chain
size_016_chain_01_node_003,size_016_chain_01_node_004,size_016_chain_01,16,chain
size_016_chain_01_node_004,size_016_chain_01_node_005,size_016_chain_01,16,chain
size_016_chain_01_node_005,size_016_chain_01_node_006,size_016_chain_01,16,chain
size_016_chain_01_node_006,size_016_chain_01_node_007,size_016_chain_01,16,chain
size_016_chain_01_node_007,size_016_chain_01_node_008,size_016_chain_01,16,chain
size_016_chain_01_node_008,size_016_chain_01_node_009,size_016_chain_01,16,chain
size_016_chain_01_node_009,size_016_chain_01_node_010,size_016_chain_01,16,chain
size_016_chain_01_node_010,size_016_chain_01_node_011,size_016_chain_01,16,chain
size_016_chain_01_node_011,size_016_chain_01_node_012,size_016_chain_01,16,chain
size_016_chain_01_node_012,size_016_chain_01_node_013,size_016_chain_01,16,chain
size_016_chain_01_node_013,size_016_chain_01_node_014,size_016_chain_01,16,chain
size_016_chain_01_node_014,size_016_chain_01_node_015,size_016_chain_01,16,chain
size_016_chain_01_node_015,size_016_chain_01_node_016,size_016_chain_01,16,chain
size_016_star_02_node_001,size_016_star_02_node_002,size_016_star_02,16,star
size_016_star_02_node_001,size_016_star_02_node_003,size_016_star_02,16,star
size_016_star_02_node_001,size_016_star_02_node_004,size_016_star_02,16,star
size_016_star_02_node_001,size_016_star_02_node_005,size_016_star_02,16,star
size_016_star_02_node_001,size_016_star_02_node_006,size_016_star_02,16,star
size_016_star_02_node_001,size_016_star_02_node_007,size_016_star_02,16,star
size_016_star_02_node_001,size_016_star_02_node_008,size_016_star_02,16,star
size_016_star_02_node_001,size_016_star_02_node_009,size_016_star_02,16,star
size_016_star_02_node_001,size_016_star_02_node_010,size_016_star_02,16,star
size_016_star_02_node_001,size_016_star_02_node_011,size_016_star_02,16,star
size_016_star_02_node_001,size_016_star_02_node_012,size_016_star_02,16,star
size_016_star_02_node_001,size_016_star_02_node_013,size_016_star_02,16,star
size_016_star_02_node_001,size_016_star_02_node_014,size_016_star_02,16,star
size_016_star_02_node_001,size_016_star_02_node_015,size_016_star_02,16,star
size_016_star_02_node_001,size_016_star_02_node_016,size_016_star_02,16,star
size_016_cycle_03_node_001,size_016_cycle_03_node_002,size_016_cycle_03,16,cycle
size_016_cycle_03_node_002,size_016_cycle_03_node_003,size_016_cycle_03,16,cycle
size_016_cycle_03_node_003,size_016_cycle_03_node_004,size_016_cycle_03,16,cycle
size_016_cycle_03_node_004,size_016_cycle_03_node_005,size_016_cycle_03,16,cycle
size_016_cycle_03_node_005,size_016_cycle_03_node_006,size_016_cycle_03,16,cycle
size_016_cycle_03_node_006,size_016_cycle_03_node_007,size_016_cycle_03,16,cycle
size_016_cycle_03_node_007,size_016_cycle_03_node_008,size_016_cycle_03,16,cycle
size_016_cycle_03_node_008,size_016_cycle_03_node_009,size_016_cycle_03,16,cycle
size_016_cycle_03_node_009,size_016_cycle_03_node_010,size_016_cycle_03,16,cycle
size_016_cycle_03_node_010,size_016_cycle_03_node_011,size_016_cycle_03,16,cycle
size_016_cycle_03_node_011,size_016_cycle_03_node_012,size_016_cycle_03,16,cycle
size_016_cycle_03_node_012,size_016_cycle_03_node_013,size_016_cycle_03,16,cycle
size_016_cycle_03_node_013,size_016_cycle_03_node_014,size_016_cycle_03,16,cycle
size_016_cycle_03_node_014,size_016_cycle_03_node_015,size_016_cycle_03,16,cycle
size_016_cycle_03_node_015,size_016_cycle_03_node_016,size_016_cycle_03,16,cycle
size_016_cycle_03_node_016,size_016_cycle_03_node_001,size_016_cycle_03,16,cycle
size_016_binary_tree_04_node_001,size_016_binary_tree_04_node_002,size_016_binary_tree_04,16,binary_tree
size_016_binary_tree_04_node_001,size_016_binary_tree_04_node_003,size_016_binary_tree_04,16,binary_tree
size_016_binary_tree_04_node_002,size_016_binary_tree_04_node_004,size_016_binary_tree_04,16,binary_tree
size_016_binary_tree_04_node_002,size_016_binary_tree_04_node_005,size_016_binary_tree_04,16,binary_tree
size_016_binary_tree_04_node_003,size_016_binary_tree_04_node_006,size_016_binary_tree_04,16,binary_tree
size_016_binary_tree_04_node_003,size_016_binary_tree_04_node_007,size_016_binary_tree_04,16,binary_tree
size_016_binary_tree_04_node_004,size_016_binary_tree_04_node_008,size_016_binary_tree_04,16,binary_tree
size_016_binary_tree_04_node_004,size_016_binary_tree_04_node_009,size_016_binary_tree_04,16,binary_tree
size_016_binary_tree_04_node_005,size_016_binary_tree_04_node_010,size_016_binary_tree_04,16,binary_tree
size_016_binary_tree_04_node_005,size_016_binary_tree_04_node_011,size_016_binary_tree_04,16,binary_tree
size_016_binary_tree_04_node_006,size_016_binary_tree_04_node_012,size_016_binary_tree_04,16,binary_tree
size_016_binary_tree_04_node_006,size_016_binary_tree_04_node_013,size_016_binary_tree_04,16,binary_tree
size_016_binary_tree_04_node_007,size_016_binary_tree_04_node_014,size_016_binary_tree_04,16,binary_tree
size_016_binary_tree_04_node_007,size_016_binary_tree_04_node_015,size_016_binary_tree_04,16,binary_tree
size_016_binary_tree_04_node_008,size_016_binary_tree_04_node_016,size_016_binary_tree_04,16,binary_tree
size_017_chain_01_node_001,size_017_chain_01_node_002,size_017_chain_01,17,chain
size_017_chain_01_node_002,size_017_chain_01_node_003,size_017_chain_01,17,chain
size_017_chain_01_node_003,size_017_chain_01_node_004,size_017_chain_01,17,chain
size_017_chain_01_node_004,size_017_chain_01_node_005,size_017_chain_01,17,chain
size_017_chain_01_node_005,size_017_chain_01_node_006,size_017_chain_01,17,chain
size_017_chain_01_node_006,size_017_chain_01_node_007,size_017_chain_01,17,chain
size_017_chain_01_node_007,size_017_chain_01_node_008,size_017_chain_01,17,chain
size_017_chain_01_node_008,size_017_chain_01_node_009,size_017_chain_01,17,chain
size_017_chain_01_node_009,size_017_chain_01_node_010,size_017_chain_01,17,chain
size_017_chain_01_node_010,size_017_chain_01_node_011,size_017_chain_01,17,chain
size_017_chain_01_node_011,size_017_chain_01_node_012,size_017_chain_01,17,chain
size_017_chain_01_node_012,size_017_chain_01_node_013,size_017_chain_01,17,chain
size_017_chain_01_node_013,size_017_chain_01_node_014,size_017_chain_01,17,chain
size_017_chain_01_node_014,size_017_chain_01_node_015,size_017_chain_01,17,chain
size_017_chain_01_node_015,size_017_chain_01_node_016,size_017_chain_01,17,chain
size_017_chain_01_node_016,size_017_chain_01_node_017,size_017_chain_01,17,chain
size_017_star_02_node_001,size_017_star_02_node_002,size_017_star_02,17,star
size_017_star_02_node_001,size_017_star_02_node_003,size_017_star_02,17,star
size_017_star_02_node_001,size_017_star_02_node_004,size_017_star_02,17,star
size_017_star_02_node_001,size_017_star_02_node_005,size_017_star_02,17,star
size_017_star_02_node_001,size_017_star_02_node_006,size_017_star_02,17,star
size_017_star_02_node_001,size_017_star_02_node_007,size_017_star_02,17,star
size_017_star_02_node_001,size_017_star_02_node_008,size_017_star_02,17,star
size_017_star_02_node_001,size_017_star_02_node_009,size_017_star_02,17,star
size_017_star_02_node_001,size_017_star_02_node_010,size_017_star_02,17,star
size_017_star_02_node_001,size_017_star_02_node_011,size_017_star_02,17,star
size_017_star_02_node_001,size_017_star_02_node_012,size_017_star_02,17,star
size_017_star_02_node_001,size_017_star_02_node_013,size_017_star_02,17,star
size_017_star_02_node_001,size_017_star_02_node_014,size_017_star_02,17,star
size_017_star_02_node_001,size_017_star_02_node_015,size_017_star_02,17,star
size_017_star_02_node_001,size_017_star_02_node_016,size_017_star_02,17,star
size_017_star_02_node_001,size_017_star_02_node_017,size_017_star_02,17,star
size_017_cycle_03_node_001,size_017_cycle_03_node_002,size_017_cycle_03,17,cycle
size_017_cycle_03_node_002,size_017_cycle_03_node_003,size_017_cycle_03,17,cycle
size_017_cycle_03_node_003,size_017_cycle_03_node_004,size_017_cycle_03,17,cycle
size_017_cycle_03_node_004,size_017_cycle_03_node_005,size_017_cycle_03,17,cycle
size_017_cycle_03_node_005,size_017_cycle_03_node_006,size_017_cycle_03,17,cycle
size_017_cycle_03_node_006,size_017_cycle_03_node_007,size_017_cycle_03,17,cycle
size_017_cycle_03_node_007,size_017_cycle_03_node_008,size_017_cycle_03,17,cycle
size_017_cycle_03_node_008,size_017_cycle_03_node_009,size_017_cycle_03,17,cycle
size_017_cycle_03_node_009,size_017_cycle_03_node_010,size_017_cycle_03,17,cycle
size_017_cycle_03_node_010,size_017_cycle_03_node_011,size_017_cycle_03,17,cycle
size_017_cycle_03_node_011,size_017_cycle_03_node_012,size_017_cycle_03,17,cycle
size_017_cycle_03_node_012,size_017_cycle_03_node_013,size_017_cycle_03,17,cycle
size_017_cycle_03_node_013,size_017_cycle_03_node_014,size_017_cycle_03,17,cycle
size_017_cycle_03_node_014,size_017_cycle_03_node_015,size_017_cycle_03,17,cycle
size_017_cycle_03_node_015,size_017_cycle_03_node_016,size_017_cycle_03,17,cycle
size_017_cycle_03_node_016,size_017_cycle_03_node_017,size_017_cycle_03,17,cycle
size_017_cycle_03_node_017,size_017_cycle_03_node_001,size_017_cycle_03,17,cycle
size_017_binary_tree_04_node_001,size_017_binary_tree_04_node_002,size_017_binary_tree_04,17,binary_tree
size_017_binary_tree_04_node_001,size_017_binary_tree_04_node_003,size_017_binary_tree_04,17,binary_tree
size_017_binary_tree_04_node_002,size_017_binary_tree_04_node_004,size_017_binary_tree_04,17,binary_tree
size_017_binary_tree_04_node_002,size_017_binary_tree_04_node_005,size_017_binary_tree_04,17,binary_tree
size_017_binary_tree_04_node_003,size_017_binary_tree_04_node_006,size_017_binary_tree_04,17,binary_tree
size_017_binary_tree_04_node_003,size_017_binary_tree_04_node_007,size_017_binary_tree_04,17,binary_tree
size_017_binary_tree_04_node_004,size_017_binary_tree_04_node_008,size_017_binary_tree_04,17,binary_tree
size_017_binary_tree_04_node_004,size_017_binary_tree_04_node_009,size_017_binary_tree_04,17,binary_tree
size_017_binary_tree_04_node_005,size_017_binary_tree_04_node_010,size_017_binary_tree_04,17,binary_tree
size_017_binary_tree_04_node_005,size_017_binary_tree_04_node_011,size_017_binary_tree_04,17,binary_tree
size_017_binary_tree_04_node_006,size_017_binary_tree_04_node_012,size_017_binary_tree_04,17,binary_tree
size_017_binary_tree_04_node_006,size_017_binary_tree_04_node_013,size_017_binary_tree_04,17,binary_tree
size_017_binary_tree_04_node_007,size_017_binary_tree_04_node_014,size_017_binary_tree_04,17,binary_tree
size_017_binary_tree_04_node_007,size_017_binary_tree_04_node_015,size_017_binary_tree_04,17,binary_tree
size_017_binary_tree_04_node_008,size_017_binary_tree_04_node_016,size_017_binary_tree_04,17,binary_tree
size_017_binary_tree_04_node_008,size_017_binary_tree_04_node_017,size_017_binary_tree_04,17,binary_tree
size_018_chain_01_node_001,size_018_chain_01_node_002,size_018_chain_01,18,chain
size_018_chain_01_node_002,size_018_chain_01_node_003,size_018_chain_01,18,chain
size_018_chain_01_node_003,size_018_chain_01_node_004,size_018_chain_01,18,chain
size_018_chain_01_node_004,size_018_chain_01_node_005,size_018_chain_01,18,chain
size_018_chain_01_node_005,size_018_chain_01_node_006,size_018_chain_01,18,chain
size_018_chain_01_node_006,size_018_chain_01_node_007,size_018_chain_01,18,chain
size_018_chain_01_node_007,size_018_chain_01_node_008,size_018_chain_01,18,chain
size_018_chain_01_node_008,size_018_chain_01_node_009,size_018_chain_01,18,chain
size_018_chain_01_node_009,size_018_chain_01_node_010,size_018_chain_01,18,chain
size_018_chain_01_node_010,size_018_chain_01_node_011,size_018_chain_01,18,chain
size_018_chain_01_node_011,size_018_chain_01_node_012,size_018_chain_01,18,chain
size_018_chain_01_node_012,size_018_chain_01_node_013,size_018_chain_01,18,chain
size_018_chain_01_node_013,size_018_chain_01_node_014,size_018_chain_01,18,chain
size_018_chain_01_node_014,size_018_chain_01_node_015,size_018_chain_01,18,chain
size_018_chain_01_node_015,size_018_chain_01_node_016,size_018_chain_01,18,chain
size_018_chain_01_node_016,size_018_chain_01_node_017,size_018_chain_01,18,chain
size_018_chain_01_node_017,size_018_chain_01_node_018,size_018_chain_01,18,chain
size_018_star_02_node_001,size_018_star_02_node_002,size_018_star_02,18,star
size_018_star_02_node_001,size_018_star_02_node_003,size_018_star_02,18,star
size_018_star_02_node_001,size_018_star_02_node_004,size_018_star_02,18,star
size_018_star_02_node_001,size_018_star_02_node_005,size_018_star_02,18,star
size_018_star_02_node_001,size_018_star_02_node_006,size_018_star_02,18,star
size_018_star_02_node_001,size_018_star_02_node_007,size_018_star_02,18,star
size_018_star_02_node_001,size_018_star_02_node_008,size_018_star_02,18,star
size_018_star_02_node_001,size_018_star_02_node_009,size_018_star_02,18,star
size_018_star_02_node_001,size_018_star_02_node_010,size_018_star_02,18,star
size_018_star_02_node_001,size_018_star_02_node_011,size_018_star_02,18,star
size_018_star_02_node_001,size_018_star_02_node_012,size_018_star_02,18,star
size_018_star_02_node_001,size_018_star_02_node_013,size_018_star_02,18,star
size_018_star_02_node_001,size_018_star_02_node_014,size_018_star_02,18,star
size_018_star_02_node_001,size_018_star_02_node_015,size_018_star_02,18,star
size_018_star_02_node_001,size_018_star_02_node_016,size_018_star_02,18,star
size_018_star_02_node_001,size_018_star_02_node_017,size_018_star_02,18,star
size_018_star_02_node_001,size_018_star_02_node_018,size_018_star_02,18,star
size_018_cycle_03_node_001,size_018_cycle_03_node_002,size_018_cycle_03,18,cycle
size_018_cycle_03_node_002,size_018_cycle_03_node_003,size_018_cycle_03,18,cycle
size_018_cycle_03_node_003,size_018_cycle_03_node_004,size_018_cycle_03,18,cycle
size_018_cycle_03_node_004,size_018_cycle_03_node_005,size_018_cycle_03,18,cycle
size_018_cycle_03_node_005,size_018_cycle_03_node_006,size_018_cycle_03,18,cycle
size_018_cycle_03_node_006,size_018_cycle_03_node_007,size_018_cycle_03,18,cycle
size_018_cycle_03_node_007,size_018_cycle_03_node_008,size_018_cycle_03,18,cycle
size_018_cycle_03_node_008,size_018_cycle_03_node_009,size_018_cycle_03,18,cycle
size_018_cycle_03_node_009,size_018_cycle_03_node_010,size_018_cycle_03,18,cycle
size_018_cycle_03_node_010,size_018_cycle_03_node_011,size_018_cycle_03,18,cycle
size_018_cycle_03_node_011,size_018_cycle_03_node_012,size_018_cycle_03,18,cycle
size_018_cycle_03_node_012,size_018_cycle_03_node_013,size_018_cycle_03,18,cycle
size_018_cycle_03_node_013,size_018_cycle_03_node_014,size_018_cycle_03,18,cycle
size_018_cycle_03_node_014,size_018_cycle_03_node_015,size_018_cycle_03,18,cycle
size_018_cycle_03_node_015,size_018_cycle_03_node_016,size_018_cycle_03,18,cycle
size_018_cycle_03_node_016,size_018_cycle_03_node_017,size_018_cycle_03,18,cycle
size_018_cycle_03_node_017,size_018_cycle_03_node_018,size_018_cycle_03,18,cycle
size_018_cycle_03_node_018,size_018_cycle_03_node_001,size_018_cycle_03,18,cycle
size_018_binary_tree_04_node_001,size_018_binary_tree_04_node_002,size_018_binary_tree_04,18,binary_tree
size_018_binary_tree_04_node_001,size_018_binary_tree_04_node_003,size_018_binary_tree_04,18,binary_tree
size_018_binary_tree_04_node_002,size_018_binary_tree_04_node_004,size_018_binary_tree_04,18,binary_tree
size_018_binary_tree_04_node_002,size_018_binary_tree_04_node_005,size_018_binary_tree_04,18,binary_tree
size_018_binary_tree_04_node_003,size_018_binary_tree_04_node_006,size_018_binary_tree_04,18,binary_tree
size_018_binary_tree_04_node_003,size_018_binary_tree_04_node_007,size_018_binary_tree_04,18,binary_tree
size_018_binary_tree_04_node_004,size_018_binary_tree_04_node_008,size_018_binary_tree_04,18,binary_tree
size_018_binary_tree_04_node_004,size_018_binary_tree_04_node_009,size_018_binary_tree_04,18,binary_tree
size_018_binary_tree_04_node_005,size_018_binary_tree_04_node_010,size_018_binary_tree_04,18,binary_tree
size_018_binary_tree_04_node_005,size_018_binary_tree_04_node_011,size_018_binary_tree_04,18,binary_tree
size_018_binary_tree_04_node_006,size_018_binary_tree_04_node_012,size_018_binary_tree_04,18,binary_tree
size_018_binary_tree_04_node_006,size_018_binary_tree_04_node_013,size_018_binary_tree_04,18,binary_tree
size_018_binary_tree_04_node_007,size_018_binary_tree_04_node_014,size_018_binary_tree_04,18,binary_tree
size_018_binary_tree_04_node_007,size_018_binary_tree_04_node_015,size_018_binary_tree_04,18,binary_tree
size_018_binary_tree_04_node_008,size_018_binary_tree_04_node_016,size_018_binary_tree_04,18,binary_tree
size_018_binary_tree_04_node_008,size_018_binary_tree_04_node_017,size_018_binary_tree_04,18,binary_tree
size_018_binary_tree_04_node_009,size_018_binary_tree_04_node_018,size_018_binary_tree_04,18,binary_tree
size_019_chain_01_node_001,size_019_chain_01_node_002,size_019_chain_01,19,chain
size_019_chain_01_node_002,size_019_chain_01_node_003,size_019_chain_01,19,chain
size_019_chain_01_node_003,size_019_chain_01_node_004,size_019_chain_01,19,chain
size_019_chain_01_node_004,size_019_chain_01_node_005,size_019_chain_01,19,chain
size_019_chain_01_node_005,size_019_chain_01_node_006,size_019_chain_01,19,chain
size_019_chain_01_node_006,size_019_chain_01_node_007,size_019_chain_01,19,chain
size_019_chain_01_node_007,size_019_chain_01_node_008,size_019_chain_01,19,chain
size_019_chain_01_node_008,size_019_chain_01_node_009,size_019_chain_01,19,chain
size_019_chain_01_node_009,size_019_chain_01_node_010,size_019_chain_01,19,chain
size_019_chain_01_node_010,size_019_chain_01_node_011,size_019_chain_01,19,chain
size_019_chain_01_node_011,size_019_chain_01_node_012,size_019_chain_01,19,chain
size_019_chain_01_node_012,size_019_chain_01_node_013,size_019_chain_01,19,chain
size_019_chain_01_node_013,size_019_chain_01_node_014,size_019_chain_01,19,chain
size_019_chain_01_node_014,size_019_chain_01_node_015,size_019_chain_01,19,chain
size_019_chain_01_node_015,size_019_chain_01_node_016,size_019_chain_01,19,chain
size_019_chain_01_node_016,size_019_chain_01_node_017,size_019_chain_01,19,chain
size_019_chain_01_node_017,size_019_chain_01_node_018,size_019_chain_01,19,chain
size_019_chain_01_node_018,size_019_chain_01_node_019,size_019_chain_01,19,chain
size_019_star_02_node_001,size_019_star_02_node_002,size_019_star_02,19,star
size_019_star_02_node_001,size_019_star_02_node_003,size_019_star_02,19,star
size_019_star_02_node_001,size_019_star_02_node_004,size_019_star_02,19,star
size_019_star_02_node_001,size_019_star_02_node_005,size_019_star_02,19,star
size_019_star_02_node_001,size_019_star_02_node_006,size_019_star_02,19,star
size_019_star_02_node_001,size_019_star_02_node_007,size_019_star_02,19,star
size_019_star_02_node_001,size_019_star_02_node_008,size_019_star_02,19,star
size_019_star_02_node_001,size_019_star_02_node_009,size_019_star_02,19,star
size_019_star_02_node_001,size_019_star_02_node_010,size_019_star_02,19,star
size_019_star_02_node_001,size_019_star_02_node_011,size_019_star_02,19,star
size_019_star_02_node_001,size_019_star_02_node_012,size_019_star_02,19,star
size_019_star_02_node_001,size_019_star_02_node_013,size_019_star_02,19,star
size_019_star_02_node_001,size_019_star_02_node_014,size_019_star_02,19,star
size_019_star_02_node_001,size_019_star_02_node_015,size_019_star_02,19,star
size_019_star_02_node_001,size_019_star_02_node_016,size_019_star_02,19,star
size_019_star_02_node_001,size_019_star_02_node_017,size_019_star_02,19,star
size_019_star_02_node_001,size_019_star_02_node_018,size_019_star_02,19,star
size_019_star_02_node_001,size_019_star_02_node_019,size_019_star_02,19,star
size_019_cycle_03_node_001,size_019_cycle_03_node_002,size_019_cycle_03,19,cycle
size_019_cycle_03_node_002,size_019_cycle_03_node_003,size_019_cycle_03,19,cycle
size_019_cycle_03_node_003,size_019_cycle_03_node_004,size_019_cycle_03,19,cycle
size_019_cycle_03_node_004,size_019_cycle_03_node_005,size_019_cycle_03,19,cycle
size_019_cycle_03_node_005,size_019_cycle_03_node_006,size_019_cycle_03,19,cycle
size_019_cycle_03_node_006,size_019_cycle_03_node_007,size_019_cycle_03,19,cycle
size_019_cycle_03_node_007,size_019_cycle_03_node_008,size_019_cycle_03,19,cycle
size_019_cycle_03_node_008,size_019_cycle_03_node_009,size_019_cycle_03,19,cycle
size_019_cycle_03_node_009,size_019_cycle_03_node_010,size_019_cycle_03,19,cycle
size_019_cycle_03_node_010,size_019_cycle_03_node_011,size_019_cycle_03,19,cycle
size_019_cycle_03_node_011,size_019_cycle_03_node_012,size_019_cycle_03,19,cycle
size_019_cycle_03_node_012,size_019_cycle_03_node_013,size_019_cycle_03,19,cycle
size_019_cycle_03_node_013,size_019_cycle_03_node_014,size_019_cycle_03,19,cycle
size_019_cycle_03_node_014,size_019_cycle_03_node_015,size_019_cycle_03,19,cycle
size_019_cycle_03_node_015,size_019_cycle_03_node_016,size_019_cycle_03,19,cycle
size_019_cycle_03_node_016,size_019_cycle_03_node_017,size_019_cycle_03,19,cycle
size_019_cycle_03_node_017,size_019_cycle_03_node_018,size_019_cycle_03,19,cycle
size_019_cycle_03_node_018,size_019_cycle_03_node_019,size_019_cycle_03,19,cycle
size_019_cycle_03_node_019,size_019_cycle_03_node_001,size_019_cycle_03,19,cycle
size_019_binary_tree_04_node_001,size_019_binary_tree_04_node_002,size_019_binary_tree_04,19,binary_tree
size_019_binary_tree_04_node_001,size_019_binary_tree_04_node_003,size_019_binary_tree_04,19,binary_tree
size_019_binary_tree_04_node_002,size_019_binary_tree_04_node_004,size_019_binary_tree_04,19,binary_tree
size_019_binary_tree_04_node_002,size_019_binary_tree_04_node_005,size_019_binary_tree_04,19,binary_tree
size_019_binary_tree_04_node_003,size_019_binary_tree_04_node_006,size_019_binary_tree_04,19,binary_tree
size_019_binary_tree_04_node_003,size_019_binary_tree_04_node_007,size_019_binary_tree_04,19,binary_tree
size_019_binary_tree_04_node_004,size_019_binary_tree_04_node_008,size_019_binary_tree_04,19,binary_tree
size_019_binary_tree_04_node_004,size_019_binary_tree_04_node_009,size_019_binary_tree_04,19,binary_tree
size_019_binary_tree_04_node_005,size_019_binary_tree_04_node_010,size_019_binary_tree_04,19,binary_tree
size_019_binary_tree_04_node_005,size_019_binary_tree_04_node_011,size_019_binary_tree_04,19,binary_tree
size_019_binary_tree_04_node_006,size_019_binary_tree_04_node_012,size_019_binary_tree_04,19,binary_tree
size_019_binary_tree_04_node_006,size_019_binary_tree_04_node_013,size_019_binary_tree_04,19,binary_tree
size_019_binary_tree_04_node_007,size_019_binary_tree_04_node_014,size_019_binary_tree_04,19,binary_tree
size_019_binary_tree_04_node_007,size_019_binary_tree_04_node_015,size_019_binary_tree_04,19,binary_tree
size_019_binary_tree_04_node_008,size_019_binary_tree_04_node_016,size_019_binary_tree_04,19,binary_tree
size_019_binary_tree_04_node_008,size_019_binary_tree_04_node_017,size_019_binary_tree_04,19,binary_tree
size_019_binary_tree_04_node_009,size_019_binary_tree_04_node_018,size_019_binary_tree_04,19,binary_tree
size_019_binary_tree_04_node_009,size_019_binary_tree_04_node_019,size_019_binary_tree_04,19,binary_tree
size_020_chain_01_node_001,size_020_chain_01_node_002,size_020_chain_01,20,chain
size_020_chain_01_node_002,size_020_chain_01_node_003,size_020_chain_01,20,chain
size_020_chain_01_node_003,size_020_chain_01_node_004,size_020_chain_01,20,chain
size_020_chain_01_node_004,size_020_chain_01_node_005,size_020_chain_01,20,chain
size_020_chain_01_node_005,size_020_chain_01_node_006,size_020_chain_01,20,chain
size_020_chain_01_node_006,size_020_chain_01_node_007,size_020_chain_01,20,chain
size_020_chain_01_node_007,size_020_chain_01_node_008,size_020_chain_01,20,chain
size_020_chain_01_node_008,size_020_chain_01_node_009,size_020_chain_01,20,chain
size_020_chain_01_node_009,size_020_chain_01_node_010,size_020_chain_01,20,chain
size_020_chain_01_node_010,size_020_chain_01_node_011,size_020_chain_01,20,chain
size_020_chain_01_node_011,size_020_chain_01_node_012,size_020_chain_01,20,chain
size_020_chain_01_node_012,size_020_chain_01_node_013,size_020_chain_01,20,chain
size_020_chain_01_node_013,size_020_chain_01_node_014,size_020_chain_01,20,chain
size_020_chain_01_node_014,size_020_chain_01_node_015,size_020_chain_01,20,chain
size_020_chain_01_node_015,size_020_chain_01_node_016,size_020_chain_01,20,chain
size_020_chain_01_node_016,size_020_chain_01_node_017,size_020_chain_01,20,chain
size_020_chain_01_node_017,size_020_chain_01_node_018,size_020_chain_01,20,chain
size_020_chain_01_node_018,size_020_chain_01_node_019,size_020_chain_01,20,chain
size_020_chain_01_node_019,size_020_chain_01_node_020,size_020_chain_01,20,chain
size_020_star_02_node_001,size_020_star_02_node_002,size_020_star_02,20,star
size_020_star_02_node_001,size_020_star_02_node_003,size_020_star_02,20,star
size_020_star_02_node_001,size_020_star_02_node_004,size_020_star_02,20,star
size_020_star_02_node_001,size_020_star_02_node_005,size_020_star_02,20,star
size_020_star_02_node_001,size_020_star_02_node_006,size_020_star_02,20,star
size_020_star_02_node_001,size_020_star_02_node_007,size_020_star_02,20,star
size_020_star_02_node_001,size_020_star_02_node_008,size_020_star_02,20,star
size_020_star_02_node_001,size_020_star_02_node_009,size_020_star_02,20,star
size_020_star_02_node_001,size_020_star_02_node_010,size_020_star_02,20,star
size_020_star_02_node_001,size_020_star_02_node_011,size_020_star_02,20,star
size_020_star_02_node_001,size_020_star_02_node_012,size_020_star_02,20,star
size_020_star_02_node_001,size_020_star_02_node_013,size_020_star_02,20,star
size_020_star_02_node_001,size_020_star_02_node_014,size_020_star_02,20,star
size_020_star_02_node_001,size_020_star_02_node_015,size_020_star_02,20,star
size_020_star_02_node_001,size_020_star_02_node_016,size_020_star_02,20,star
size_020_star_02_node_001,size_020_star_02_node_017,size_020_star_02,20,star
size_020_star_02_node_001,size_020_star_02_node_018,size_020_star_02,20,star
size_020_star_02_node_001,size_020_star_02_node_019,size_020_star_02,20,star
size_020_star_02_node_001,size_020_star_02_node_020,size_020_star_02,20,star
size_020_cycle_03_node_001,size_020_cycle_03_node_002,size_020_cycle_03,20,cycle
size_020_cycle_03_node_002,size_020_cycle_03_node_003,size_020_cycle_03,20,cycle
size_020_cycle_03_node_003,size_020_cycle_03_node_004,size_020_cycle_03,20,cycle
size_020_cycle_03_node_004,size_020_cycle_03_node_005,size_020_cycle_03,20,cycle
size_020_cycle_03_node_005,size_020_cycle_03_node_006,size_020_cycle_03,20,cycle
size_020_cycle_03_node_006,size_020_cycle_03_node_007,size_020_cycle_03,20,cycle
size_020_cycle_03_node_007,size_020_cycle_03_node_008,size_020_cycle_03,20,cycle
size_020_cycle_03_node_008,size_020_cycle_03_node_009,size_020_cycle_03,20,cycle
size_020_cycle_03_node_009,size_020_cycle_03_node_010,size_020_cycle_03,20,cycle
size_020_cycle_03_node_010,size_020_cycle_03_node_011,size_020_cycle_03,20,cycle
size_020_cycle_03_node_011,size_020_cycle_03_node_012,size_020_cycle_03,20,cycle
size_020_cycle_03_node_012,size_020_cycle_03_node_013,size_020_cycle_03,20,cycle
size_020_cycle_03_node_013,size_020_cycle_03_node_014,size_020_cycle_03,20,cycle
size_020_cycle_03_node_014,size_020_cycle_03_node_015,size_020_cycle_03,20,cycle
size_020_cycle_03_node_015,size_020_cycle_03_node_016,size_020_cycle_03,20,cycle
size_020_cycle_03_node_016,size_020_cycle_03_node_017,size_020_cycle_03,20,cycle
size_020_cycle_03_node_017,size_020_cycle_03_node_018,size_020_cycle_03,20,cycle
size_020_cycle_03_node_018,size_020_cycle_03_node_019,size_020_cycle_03,20,cycle
size_020_cycle_03_node_019,size_020_cycle_03_node_020,size_020_cycle_03,20,cycle
size_020_cycle_03_node_020,size_020_cycle_03_node_001,size_020_cycle_03,20,cycle
size_020_binary_tree_04_node_001,size_020_binary_tree_04_node_002,size_020_binary_tree_04,20,binary_tree
size_020_binary_tree_04_node_001,size_020_binary_tree_04_node_003,size_020_binary_tree_04,20,binary_tree
size_020_binary_tree_04_node_002,size_020_binary_tree_04_node_004,size_020_binary_tree_04,20,binary_tree
size_020_binary_tree_04_node_002,size_020_binary_tree_04_node_005,size_020_binary_tree_04,20,binary_tree
size_020_binary_tree_04_node_003,size_020_binary_tree_04_node_006,size_020_binary_tree_04,20,binary_tree
size_020_binary_tree_04_node_003,size_020_binary_tree_04_node_007,size_020_binary_tree_04,20,binary_tree
size_020_binary_tree_04_node_004,size_020_binary_tree_04_node_008,size_020_binary_tree_04,20,binary_tree
size_020_binary_tree_04_node_004,size_020_binary_tree_04_node_009,size_020_binary_tree_04,20,binary_tree
size_020_binary_tree_04_node_005,size_020_binary_tree_04_node_010,size_020_binary_tree_04,20,binary_tree
size_020_binary_tree_04_node_005,size_020_binary_tree_04_node_011,size_020_binary_tree_04,20,binary_tree
size_020_binary_tree_04_node_006,size_020_binary_tree_04_node_012,size_020_binary_tree_04,20,binary_tree
size_020_binary_tree_04_node_006,size_020_binary_tree_04_node_013,size_020_binary_tree_04,20,binary_tree
size_020_binary_tree_04_node_007,size_020_binary_tree_04_node_014,size_020_binary_tree_04,20,binary_tree
size_020_binary_tree_04_node_007,size_020_binary_tree_04_node_015,size_020_binary_tree_04,20,binary_tree
size_020_binary_tree_04_node_008,size_020_binary_tree_04_node_016,size_020_binary_tree_04,20,binary_tree
size_020_binary_tree_04_node_008,size_020_binary_tree_04_node_017,size_020_binary_tree_04,20,binary_tree
size_020_binary_tree_04_node_009,size_020_binary_tree_04_node_018,size_020_binary_tree_04,20,binary_tree
size_020_binary_tree_04_node_009,size_020_binary_tree_04_node_019,size_020_binary_tree_04,20,binary_tree
size_020_binary_tree_04_node_010,size_020_binary_tree_04_node_020,size_020_binary_tree_04,20,binary_tree
size_021_chain_01_node_001,size_021_chain_01_node_002,size_021_chain_01,21,chain
size_021_chain_01_node_002,size_021_chain_01_node_003,size_021_chain_01,21,chain
size_021_chain_01_node_003,size_021_chain_01_node_004,size_021_chain_01,21,chain
size_021_chain_01_node_004,size_021_chain_01_node_005,size_021_chain_01,21,chain
size_021_chain_01_node_005,size_021_chain_01_node_006,size_021_chain_01,21,chain
size_021_chain_01_node_006,size_021_chain_01_node_007,size_021_chain_01,21,chain
size_021_chain_01_node_007,size_021_chain_01_node_008,size_021_chain_01,21,chain
size_021_chain_01_node_008,size_021_chain_01_node_009,size_021_chain_01,21,chain
size_021_chain_01_node_009,size_021_chain_01_node_010,size_021_chain_01,21,chain
size_021_chain_01_node_010,size_021_chain_01_node_011,size_021_chain_01,21,chain
size_021_chain_01_node_011,size_021_chain_01_node_012,size_021_chain_01,21,chain
size_021_chain_01_node_012,size_021_chain_01_node_013,size_021_chain_01,21,chain
size_021_chain_01_node_013,size_021_chain_01_node_014,size_021_chain_01,21,chain
size_021_chain_01_node_014,size_021_chain_01_node_015,size_021_chain_01,21,chain
size_021_chain_01_node_015,size_021_chain_01_node_016,size_021_chain_01,21,chain
size_021_chain_01_node_016,size_021_chain_01_node_017,size_021_chain_01,21,chain
size_021_chain_01_node_017,size_021_chain_01_node_018,size_021_chain_01,21,chain
size_021_chain_01_node_018,size_021_chain_01_node_019,size_021_chain_01,21,chain
size_021_chain_01_node_019,size_021_chain_01_node_020,size_021_chain_01,21,chain
size_021_chain_01_node_020,size_021_chain_01_node_021,size_021_chain_01,21,chain
size_021_star_02_node_001,size_021_star_02_node_002,size_021_star_02,21,star
size_021_star_02_node_001,size_021_star_02_node_003,size_021_star_02,21,star
size_021_star_02_node_001,size_021_star_02_node_004,size_021_star_02,21,star
size_021_star_02_node_001,size_021_star_02_node_005,size_021_star_02,21,star
size_021_star_02_node_001,size_021_star_02_node_006,size_021_star_02,21,star
size_021_star_02_node_001,size_021_star_02_node_007,size_021_star_02,21,star
size_021_star_02_node_001,size_021_star_02_node_008,size_021_star_02,21,star
size_021_star_02_node_001,size_021_star_02_node_009,size_021_star_02,21,star
size_021_star_02_node_001,size_021_star_02_node_010,size_021_star_02,21,star
size_021_star_02_node_001,size_021_star_02_node_011,size_021_star_02,21,star
size_021_star_02_node_001,size_021_star_02_node_012,size_021_star_02,21,star
size_021_star_02_node_001,size_021_star_02_node_013,size_021_star_02,21,star
size_021_star_02_node_001,size_021_star_02_node_014,size_021_star_02,21,star
size_021_star_02_node_001,size_021_star_02_node_015,size_021_star_02,21,star
size_021_star_02_node_001,size_021_star_02_node_016,size_021_star_02,21,star
size_021_star_02_node_001,size_021_star_02_node_017,size_021_star_02,21,star
size_021_star_02_node_001,size_021_star_02_node_018,size_021_star_02,21,star
size_021_star_02_node_001,size_021_star_02_node_019,size_021_star_02,21,star
size_021_star_02_node_001,size_021_star_02_node_020,size_021_star_02,21,star
size_021_star_02_node_001,size_021_star_02_node_021,size_021_star_02,21,star
size_021_cycle_03_node_001,size_021_cycle_03_node_002,size_021_cycle_03,21,cycle
size_021_cycle_03_node_002,size_021_cycle_03_node_003,size_021_cycle_03,21,cycle
size_021_cycle_03_node_003,size_021_cycle_03_node_004,size_021_cycle_03,21,cycle
size_021_cycle_03_node_004,size_021_cycle_03_node_005,size_021_cycle_03,21,cycle
size_021_cycle_03_node_005,size_021_cycle_03_node_006,size_021_cycle_03,21,cycle
size_021_cycle_03_node_006,size_021_cycle_03_node_007,size_021_cycle_03,21,cycle
size_021_cycle_03_node_007,size_021_cycle_03_node_008,size_021_cycle_03,21,cycle
size_021_cycle_03_node_008,size_021_cycle_03_node_009,size_021_cycle_03,21,cycle
size_021_cycle_03_node_009,size_021_cycle_03_node_010,size_021_cycle_03,21,cycle
size_021_cycle_03_node_010,size_021_cycle_03_node_011,size_021_cycle_03,21,cycle
size_021_cycle_03_node_011,size_021_cycle_03_node_012,size_021_cycle_03,21,cycle
size_021_cycle_03_node_012,size_021_cycle_03_node_013,size_021_cycle_03,21,cycle
size_021_cycle_03_node_013,size_021_cycle_03_node_014,size_021_cycle_03,21,cycle
size_021_cycle_03_node_014,size_021_cycle_03_node_015,size_021_cycle_03,21,cycle
size_021_cycle_03_node_015,size_021_cycle_03_node_016,size_021_cycle_03,21,cycle
size_021_cycle_03_node_016,size_021_cycle_03_node_017,size_021_cycle_03,21,cycle
size_021_cycle_03_node_017,size_021_cycle_03_node_018,size_021_cycle_03,21,cycle
size_021_cycle_03_node_018,size_021_cycle_03_node_019,size_021_cycle_03,21,cycle
size_021_cycle_03_node_019,size_021_cycle_03_node_020,size_021_cycle_03,21,cycle
size_021_cycle_03_node_020,size_021_cycle_03_node_021,size_021_cycle_03,21,cycle
size_021_cycle_03_node_021,size_021_cycle_03_node_001,size_021_cycle_03,21,cycle
size_021_binary_tree_04_node_001,size_021_binary_tree_04_node_002,size_021_binary_tree_04,21,binary_tree
size_021_binary_tree_04_node_001,size_021_binary_tree_04_node_003,size_021_binary_tree_04,21,binary_tree
size_021_binary_tree_04_node_002,size_021_binary_tree_04_node_004,size_021_binary_tree_04,21,binary_tree
size_021_binary_tree_04_node_002,size_021_binary_tree_04_node_005,size_021_binary_tree_04,21,binary_tree
size_021_binary_tree_04_node_003,size_021_binary_tree_04_node_006,size_021_binary_tree_04,21,binary_tree
size_021_binary_tree_04_node_003,size_021_binary_tree_04_node_007,size_021_binary_tree_04,21,binary_tree
size_021_binary_tree_04_node_004,size_021_binary_tree_04_node_008,size_021_binary_tree_04,21,binary_tree
size_021_binary_tree_04_node_004,size_021_binary_tree_04_node_009,size_021_binary_tree_04,21,binary_tree
size_021_binary_tree_04_node_005,size_021_binary_tree_04_node_010,size_021_binary_tree_04,21,binary_tree
size_021_binary_tree_04_node_005,size_021_binary_tree_04_node_011,size_021_binary_tree_04,21,binary_tree
size_021_binary_tree_04_node_006,size_021_binary_tree_04_node_012,size_021_binary_tree_04,21,binary_tree
size_021_binary_tree_04_node_006,size_021_binary_tree_04_node_013,size_021_binary_tree_04,21,binary_tree
size_021_binary_tree_04_node_007,size_021_binary_tree_04_node_014,size_021_binary_tree_04,21,binary_tree
size_021_binary_tree_04_node_007,size_021_binary_tree_04_node_015,size_021_binary_tree_04,21,binary_tree
size_021_binary_tree_04_node_008,size_021_binary_tree_04_node_016,size_021_binary_tree_04,21,binary_tree
size_021_binary_tree_04_node_008,size_021_binary_tree_04_node_017,size_021_binary_tree_04,21,binary_tree
size_021_binary_tree_04_node_009,size_021_binary_tree_04_node_018,size_021_binary_tree_04,21,binary_tree
size_021_binary_tree_04_node_009,size_021_binary_tree_04_node_019,size_021_binary_tree_04,21,binary_tree
size_021_binary_tree_04_node_010,size_021_binary_tree_04_node_020,size_021_binary_tree_04,21,binary_tree
size_021_binary_tree_04_node_010,size_021_binary_tree_04_node_021,size_021_binary_tree_04,21,binary_tree
size_022_chain_01_node_001,size_022_chain_01_node_002,size_022_chain_01,22,chain
size_022_chain_01_node_002,size_022_chain_01_node_003,size_022_chain_01,22,chain
size_022_chain_01_node_003,size_022_chain_01_node_004,size_022_chain_01,22,chain
size_022_chain_01_node_004,size_022_chain_01_node_005,size_022_chain_01,22,chain
size_022_chain_01_node_005,size_022_chain_01_node_006,size_022_chain_01,22,chain
size_022_chain_01_node_006,size_022_chain_01_node_007,size_022_chain_01,22,chain
size_022_chain_01_node_007,size_022_chain_01_node_008,size_022_chain_01,22,chain
size_022_chain_01_node_008,size_022_chain_01_node_009,size_022_chain_01,22,chain
size_022_chain_01_node_009,size_022_chain_01_node_010,size_022_chain_01,22,chain
size_022_chain_01_node_010,size_022_chain_01_node_011,size_022_chain_01,22,chain
size_022_chain_01_node_011,size_022_chain_01_node_012,size_022_chain_01,22,chain
size_022_chain_01_node_012,size_022_chain_01_node_013,size_022_chain_01,22,chain
size_022_chain_01_node_013,size_022_chain_01_node_014,size_022_chain_01,22,chain
size_022_chain_01_node_014,size_022_chain_01_node_015,size_022_chain_01,22,chain
size_022_chain_01_node_015,size_022_chain_01_node_016,size_022_chain_01,22,chain
size_022_chain_01_node_016,size_022_chain_01_node_017,size_022_chain_01,22,chain
size_022_chain_01_node_017,size_022_chain_01_node_018,size_022_chain_01,22,chain
size_022_chain_01_node_018,size_022_chain_01_node_019,size_022_chain_01,22,chain
size_022_chain_01_node_019,size_022_chain_01_node_020,size_022_chain_01,22,chain
size_022_chain_01_node_020,size_022_chain_01_node_021,size_022_chain_01,22,chain
size_022_chain_01_node_021,size_022_chain_01_node_022,size_022_chain_01,22,chain
size_022_star_02_node_001,size_022_star_02_node_002,size_022_star_02,22,star
size_022_star_02_node_001,size_022_star_02_node_003,size_022_star_02,22,star
size_022_star_02_node_001,size_022_star_02_node_004,size_022_star_02,22,star
size_022_star_02_node_001,size_022_star_02_node_005,size_022_star_02,22,star
size_022_star_02_node_001,size_022_star_02_node_006,size_022_star_02,22,star
size_022_star_02_node_001,size_022_star_02_node_007,size_022_star_02,22,star
size_022_star_02_node_001,size_022_star_02_node_008,size_022_star_02,22,star
size_022_star_02_node_001,size_022_star_02_node_009,size_022_star_02,22,star
size_022_star_02_node_001,size_022_star_02_node_010,size_022_star_02,22,star
size_022_star_02_node_001,size_022_star_02_node_011,size_022_star_02,22,star
size_022_star_02_node_001,size_022_star_02_node_012,size_022_star_02,22,star
size_022_star_02_node_001,size_022_star_02_node_013,size_022_star_02,22,star
size_022_star_02_node_001,size_022_star_02_node_014,size_022_star_02,22,star
size_022_star_02_node_001,size_022_star_02_node_015,size_022_star_02,22,star
size_022_star_02_node_001,size_022_star_02_node_016,size_022_star_02,22,star
size_022_star_02_node_001,size_022_star_02_node_017,size_022_star_02,22,star
size_022_star_02_node_001,size_022_star_02_node_018,size_022_star_02,22,star
size_022_star_02_node_001,size_022_star_02_node_019,size_022_star_02,22,star
size_022_star_02_node_001,size_022_star_02_node_020,size_022_star_02,22,star
size_022_star_02_node_001,size_022_star_02_node_021,size_022_star_02,22,star
size_022_star_02_node_001,size_022_star_02_node_022,size_022_star_02,22,star
size_022_cycle_03_node_001,size_022_cycle_03_node_002,size_022_cycle_03,22,cycle
size_022_cycle_03_node_002,size_022_cycle_03_node_003,size_022_cycle_03,22,cycle
size_022_cycle_03_node_003,size_022_cycle_03_node_004,size_022_cycle_03,22,cycle
size_022_cycle_03_node_004,size_022_cycle_03_node_005,size_022_cycle_03,22,cycle
size_022_cycle_03_node_005,size_022_cycle_03_node_006,size_022_cycle_03,22,cycle
size_022_cycle_03_node_006,size_022_cycle_03_node_007,size_022_cycle_03,22,cycle
size_022_cycle_03_node_007,size_022_cycle_03_node_008,size_022_cycle_03,22,cycle
size_022_cycle_03_node_008,size_022_cycle_03_node_009,size_022_cycle_03,22,cycle
size_022_cycle_03_node_009,size_022_cycle_03_node_010,size_022_cycle_03,22,cycle
size_022_cycle_03_node_010,size_022_cycle_03_node_011,size_022_cycle_03,22,cycle
size_022_cycle_03_node_011,size_022_cycle_03_node_012,size_022_cycle_03,22,cycle
size_022_cycle_03_node_012,size_022_cycle_03_node_013,size_022_cycle_03,22,cycle
size_022_cycle_03_node_013,size_022_cycle_03_node_014,size_022_cycle_03,22,cycle
size_022_cycle_03_node_014,size_022_cycle_03_node_015,size_022_cycle_03,22,cycle
size_022_cycle_03_node_015,size_022_cycle_03_node_016,size_022_cycle_03,22,cycle
size_022_cycle_03_node_016,size_022_cycle_03_node_017,size_022_cycle_03,22,cycle
size_022_cycle_03_node_017,size_022_cycle_03_node_018,size_022_cycle_03,22,cycle
size_022_cycle_03_node_018,size_022_cycle_03_node_019,size_022_cycle_03,22,cycle
size_022_cycle_03_node_019,size_022_cycle_03_node_020,size_022_cycle_03,22,cycle
size_022_cycle_03_node_020,size_022_cycle_03_node_021,size_022_cycle_03,22,cycle
size_022_cycle_03_node_021,size_022_cycle_03_node_022,size_022_cycle_03,22,cycle
size_022_cycle_03_node_022,size_022_cycle_03_node_001,size_022_cycle_03,22,cycle
size_022_binary_tree_04_node_001,size_022_binary_tree_04_node_002,size_022_binary_tree_04,22,binary_tree
size_022_binary_tree_04_node_001,size_022_binary_tree_04_node_003,size_022_binary_tree_04,22,binary_tree
size_022_binary_tree_04_node_002,size_022_binary_tree_04_node_004,size_022_binary_tree_04,22,binary_tree
size_022_binary_tree_04_node_002,size_022_binary_tree_04_node_005,size_022_binary_tree_04,22,binary_tree
size_022_binary_tree_04_node_003,size_022_binary_tree_04_node_006,size_022_binary_tree_04,22,binary_tree
size_022_binary_tree_04_node_003,size_022_binary_tree_04_node_007,size_022_binary_tree_04,22,binary_tree
size_022_binary_tree_04_node_004,size_022_binary_tree_04_node_008,size_022_binary_tree_04,22,binary_tree
size_022_binary_tree_04_node_004,size_022_binary_tree_04_node_009,size_022_binary_tree_04,22,binary_tree
size_022_binary_tree_04_node_005,size_022_binary_tree_04_node_010,size_022_binary_tree_04,22,binary_tree
size_022_binary_tree_04_node_005,size_022_binary_tree_04_node_011,size_022_binary_tree_04,22,binary_tree
size_022_binary_tree_04_node_006,size_022_binary_tree_04_node_012,size_022_binary_tree_04,22,binary_tree
size_022_binary_tree_04_node_006,size_022_binary_tree_04_node_013,size_022_binary_tree_04,22,binary_tree
size_022_binary_tree_04_node_007,size_022_binary_tree_04_node_014,size_022_binary_tree_04,22,binary_tree
size_022_binary_tree_04_node_007,size_022_binary_tree_04_node_015,size_022_binary_tree_04,22,binary_tree
size_022_binary_tree_04_node_008,size_022_binary_tree_04_node_016,size_022_binary_tree_04,22,binary_tree
size_022_binary_tree_04_node_008,size_022_binary_tree_04_node_017,size_022_binary_tree_04,22,binary_tree
size_022_binary_tree_04_node_009,size_022_binary_tree_04_node_018,size_022_binary_tree_04,22,binary_tree
size_022_binary_tree_04_node_009,size_022_binary_tree_04_node_019,size_022_binary_tree_04,22,binary_tree
size_022_binary_tree_04_node_010,size_022_binary_tree_04_node_020,size_022_binary_tree_04,22,binary_tree
size_022_binary_tree_04_node_010,size_022_binary_tree_04_node_021,size_022_binary_tree_04,22,binary_tree
size_022_binary_tree_04_node_011,size_022_binary_tree_04_node_022,size_022_binary_tree_04,22,binary_tree
size_023_chain_01_node_001,size_023_chain_01_node_002,size_023_chain_01,23,chain
size_023_chain_01_node_002,size_023_chain_01_node_003,size_023_chain_01,23,chain
size_023_chain_01_node_003,size_023_chain_01_node_004,size_023_chain_01,23,chain
size_023_chain_01_node_004,size_023_chain_01_node_005,size_023_chain_01,23,chain
size_023_chain_01_node_005,size_023_chain_01_node_006,size_023_chain_01,23,chain
size_023_chain_01_node_006,size_023_chain_01_node_007,size_023_chain_01,23,chain
size_023_chain_01_node_007,size_023_chain_01_node_008,size_023_chain_01,23,chain
size_023_chain_01_node_008,size_023_chain_01_node_009,size_023_chain_01,23,chain
size_023_chain_01_node_009,size_023_chain_01_node_010,size_023_chain_01,23,chain
size_023_chain_01_node_010,size_023_chain_01_node_011,size_023_chain_01,23,chain
size_023_chain_01_node_011,size_023_chain_01_node_012,size_023_chain_01,23,chain
size_023_chain_01_node_012,size_023_chain_01_node_013,size_023_chain_01,23,chain
size_023_chain_01_node_013,size_023_chain_01_node_014,size_023_chain_01,23,chain
size_023_chain_01_node_014,size_023_chain_01_node_015,size_023_chain_01,23,chain
size_023_chain_01_node_015,size_023_chain_01_node_016,size_023_chain_01,23,chain
size_023_chain_01_node_016,size_023_chain_01_node_017,size_023_chain_01,23,chain
size_023_chain_01_node_017,size_023_chain_01_node_018,size_023_chain_01,23,chain
size_023_chain_01_node_018,size_023_chain_01_node_019,size_023_chain_01,23,chain
size_023_chain_01_node_019,size_023_chain_01_node_020,size_023_chain_01,23,chain
size_023_chain_01_node_020,size_023_chain_01_node_021,size_023_chain_01,23,chain
size_023_chain_01_node_021,size_023_chain_01_node_022,size_023_chain_01,23,chain
size_023_chain_01_node_022,size_023_chain_01_node_023,size_023_chain_01,23,chain
size_023_star_02_node_001,size_023_star_02_node_002,size_023_star_02,23,star
size_023_star_02_node_001,size_023_star_02_node_003,size_023_star_02,23,star
size_023_star_02_node_001,size_023_star_02_node_004,size_023_star_02,23,star
size_023_star_02_node_001,size_023_star_02_node_005,size_023_star_02,23,star
size_023_star_02_node_001,size_023_star_02_node_006,size_023_star_02,23,star
size_023_star_02_node_001,size_023_star_02_node_007,size_023_star_02,23,star
size_023_star_02_node_001,size_023_star_02_node_008,size_023_star_02,23,star
size_023_star_02_node_001,size_023_star_02_node_009,size_023_star_02,23,star
size_023_star_02_node_001,size_023_star_02_node_010,size_023_star_02,23,star
size_023_star_02_node_001,size_023_star_02_node_011,size_023_star_02,23,star
size_023_star_02_node_001,size_023_star_02_node_012,size_023_star_02,23,star
size_023_star_02_node_001,size_023_star_02_node_013,size_023_star_02,23,star
size_023_star_02_node_001,size_023_star_02_node_014,size_023_star_02,23,star
size_023_star_02_node_001,size_023_star_02_node_015,size_023_star_02,23,star
size_023_star_02_node_001,size_023_star_02_node_016,size_023_star_02,23,star
size_023_star_02_node_001,size_023_star_02_node_017,size_023_star_02,23,star
size_023_star_02_node_001,size_023_star_02_node_018,size_023_star_02,23,star
size_023_star_02_node_001,size_023_star_02_node_019,size_023_star_02,23,star
size_023_star_02_node_001,size_023_star_02_node_020,size_023_star_02,23,star
size_023_star_02_node_001,size_023_star_02_node_021,size_023_star_02,23,star
size_023_star_02_node_001,size_023_star_02_node_022,size_023_star_02,23,star
size_023_star_02_node_001,size_023_star_02_node_023,size_023_star_02,23,star
size_023_cycle_03_node_001,size_023_cycle_03_node_002,size_023_cycle_03,23,cycle
size_023_cycle_03_node_002,size_023_cycle_03_node_003,size_023_cycle_03,23,cycle
size_023_cycle_03_node_003,size_023_cycle_03_node_004,size_023_cycle_03,23,cycle
size_023_cycle_03_node_004,size_023_cycle_03_node_005,size_023_cycle_03,23,cycle
size_023_cycle_03_node_005,size_023_cycle_03_node_006,size_023_cycle_03,23,cycle
size_023_cycle_03_node_006,size_023_cycle_03_node_007,size_023_cycle_03,23,cycle
size_023_cycle_03_node_007,size_023_cycle_03_node_008,size_023_cycle_03,23,cycle
size_023_cycle_03_node_008,size_023_cycle_03_node_009,size_023_cycle_03,23,cycle
size_023_cycle_03_node_009,size_023_cycle_03_node_010,size_023_cycle_03,23,cycle
size_023_cycle_03_node_010,size_023_cycle_03_node_011,size_023_cycle_03,23,cycle
size_023_cycle_03_node_011,size_023_cycle_03_node_012,size_023_cycle_03,23,cycle
size_023_cycle_03_node_012,size_023_cycle_03_node_013,size_023_cycle_03,23,cycle
size_023_cycle_03_node_013,size_023_cycle_03_node_014,size_023_cycle_03,23,cycle
size_023_cycle_03_node_014,size_023_cycle_03_node_015,size_023_cycle_03,23,cycle
size_023_cycle_03_node_015,size_023_cycle_03_node_016,size_023_cycle_03,23,cycle
size_023_cycle_03_node_016,size_023_cycle_03_node_017,size_023_cycle_03,23,cycle
size_023_cycle_03_node_017,size_023_cycle_03_node_018,size_023_cycle_03,23,cycle
size_023_cycle_03_node_018,size_023_cycle_03_node_019,size_023_cycle_03,23,cycle
size_023_cycle_03_node_019,size_023_cycle_03_node_020,size_023_cycle_03,23,cycle
size_023_cycle_03_node_020,size_023_cycle_03_node_021,size_023_cycle_03,23,cycle
size_023_cycle_03_node_021,size_023_cycle_03_node_022,size_023_cycle_03,23,cycle
size_023_cycle_03_node_022,size_023_cycle_03_node_023,size_023_cycle_03,23,cycle
size_023_cycle_03_node_023,size_023_cycle_03_node_001,size_023_cycle_03,23,cycle
size_023_binary_tree_04_node_001,size_023_binary_tree_04_node_002,size_023_binary_tree_04,23,binary_tree
size_023_binary_tree_04_node_001,size_023_binary_tree_04_node_003,size_023_binary_tree_04,23,binary_tree
size_023_binary_tree_04_node_002,size_023_binary_tree_04_node_004,size_023_binary_tree_04,23,binary_tree
size_023_binary_tree_04_node_002,size_023_binary_tree_04_node_005,size_023_binary_tree_04,23,binary_tree
size_023_binary_tree_04_node_003,size_023_binary_tree_04_node_006,size_023_binary_tree_04,23,binary_tree
size_023_binary_tree_04_node_003,size_023_binary_tree_04_node_007,size_023_binary_tree_04,23,binary_tree
size_023_binary_tree_04_node_004,size_023_binary_tree_04_node_008,size_023_binary_tree_04,23,binary_tree
size_023_binary_tree_04_node_004,size_023_binary_tree_04_node_009,size_023_binary_tree_04,23,binary_tree
size_023_binary_tree_04_node_005,size_023_binary_tree_04_node_010,size_023_binary_tree_04,23,binary_tree
size_023_binary_tree_04_node_005,size_023_binary_tree_04_node_011,size_023_binary_tree_04,23,binary_tree
size_023_binary_tree_04_node_006,size_023_binary_tree_04_node_012,size_023_binary_tree_04,23,binary_tree
size_023_binary_tree_04_node_006,size_023_binary_tree_04_node_013,size_023_binary_tree_04,23,binary_tree
size_023_binary_tree_04_node_007,size_023_binary_tree_04_node_014,size_023_binary_tree_04,23,binary_tree
size_023_binary_tree_04_node_007,size_023_binary_tree_04_node_015,size_023_binary_tree_04,23,binary_tree
size_023_binary_tree_04_node_008,size_023_binary_tree_04_node_016,size_023_binary_tree_04,23,binary_tree
size_023_binary_tree_04_node_008,size_023_binary_tree_04_node_017,size_023_binary_tree_04,23,binary_tree
size_023_binary_tree_04_node_009,size_023_binary_tree_04_node_018,size_023_binary_tree_04,23,binary_tree
size_023_binary_tree_04_node_009,size_023_binary_tree_04_node_019,size_023_binary_tree_04,23,binary_tree
size_023_binary_tree_04_node_010,size_023_binary_tree_04_node_020,size_023_binary_tree_04,23,binary_tree
size_023_binary_tree_04_node_010,size_023_binary_tree_04_node_021,size_023_binary_tree_04,23,binary_tree
size_023_binary_tree_04_node_011,size_023_binary_tree_04_node_022,size_023_binary_tree_04,23,binary_tree
size_023_binary_tree_04_node_011,size_023_binary_tree_04_node_023,size_023_binary_tree_04,23,binary_tree
size_024_chain_01_node_001,size_024_chain_01_node_002,size_024_chain_01,24,chain
size_024_chain_01_node_002,size_024_chain_01_node_003,size_024_chain_01,24,chain
size_024_chain_01_node_003,size_024_chain_01_node_004,size_024_chain_01,24,chain
size_024_chain_01_node_004,size_024_chain_01_node_005,size_024_chain_01,24,chain
size_024_chain_01_node_005,size_024_chain_01_node_006,size_024_chain_01,24,chain
size_024_chain_01_node_006,size_024_chain_01_node_007,size_024_chain_01,24,chain
size_024_chain_01_node_007,size_024_chain_01_node_008,size_024_chain_01,24,chain
size_024_chain_01_node_008,size_024_chain_01_node_009,size_024_chain_01,24,chain
size_024_chain_01_node_009,size_024_chain_01_node_010,size_024_chain_01,24,chain
size_024_chain_01_node_010,size_024_chain_01_node_011,size_024_chain_01,24,chain
size_024_chain_01_node_011,size_024_chain_01_node_012,size_024_chain_01,24,chain
size_024_chain_01_node_012,size_024_chain_01_node_013,size_024_chain_01,24,chain
size_024_chain_01_node_013,size_024_chain_01_node_014,size_024_chain_01,24,chain
size_024_chain_01_node_014,size_024_chain_01_node_015,size_024_chain_01,24,chain
size_024_chain_01_node_015,size_024_chain_01_node_016,size_024_chain_01,24,chain
size_024_chain_01_node_016,size_024_chain_01_node_017,size_024_chain_01,24,chain
size_024_chain_01_node_017,size_024_chain_01_node_018,size_024_chain_01,24,chain
size_024_chain_01_node_018,size_024_chain_01_node_019,size_024_chain_01,24,chain
size_024_chain_01_node_019,size_024_chain_01_node_020,size_024_chain_01,24,chain
size_024_chain_01_node_020,size_024_chain_01_node_021,size_024_chain_01,24,chain
size_024_chain_01_node_021,size_024_chain_01_node_022,size_024_chain_01,24,chain
size_024_chain_01_node_022,size_024_chain_01_node_023,size_024_chain_01,24,chain
size_024_chain_01_node_023,size_024_chain_01_node_024,size_024_chain_01,24,chain
size_024_star_02_node_001,size_024_star_02_node_002,size_024_star_02,24,star
size_024_star_02_node_001,size_024_star_02_node_003,size_024_star_02,24,star
size_024_star_02_node_001,size_024_star_02_node_004,size_024_star_02,24,star
size_024_star_02_node_001,size_024_star_02_node_005,size_024_star_02,24,star
size_024_star_02_node_001,size_024_star_02_node_006,size_024_star_02,24,star
size_024_star_02_node_001,size_024_star_02_node_007,size_024_star_02,24,star
size_024_star_02_node_001,size_024_star_02_node_008,size_024_star_02,24,star
size_024_star_02_node_001,size_024_star_02_node_009,size_024_star_02,24,star
size_024_star_02_node_001,size_024_star_02_node_010,size_024_star_02,24,star
size_024_star_02_node_001,size_024_star_02_node_011,size_024_star_02,24,star
size_024_star_02_node_001,size_024_star_02_node_012,size_024_star_02,24,star
size_024_star_02_node_001,size_024_star_02_node_013,size_024_star_02,24,star
size_024_star_02_node_001,size_024_star_02_node_014,size_024_star_02,24,star
size_024_star_02_node_001,size_024_star_02_node_015,size_024_star_02,24,star
size_024_star_02_node_001,size_024_star_02_node_016,size_024_star_02,24,star
size_024_star_02_node_001,size_024_star_02_node_017,size_024_star_02,24,star
size_024_star_02_node_001,size_024_star_02_node_018,size_024_star_02,24,star
size_024_star_02_node_001,size_024_star_02_node_019,size_024_star_02,24,star
size_024_star_02_node_001,size_024_star_02_node_020,size_024_star_02,24,star
size_024_star_02_node_001,size_024_star_02_node_021,size_024_star_02,24,star
size_024_star_02_node_001,size_024_star_02_node_022,size_024_star_02,24,star
size_024_star_02_node_001,size_024_star_02_node_023,size_024_star_02,24,star
size_024_star_02_node_001,size_024_star_02_node_024,size_024_star_02,24,star
size_024_cycle_03_node_001,size_024_cycle_03_node_002,size_024_cycle_03,24,cycle
size_024_cycle_03_node_002,size_024_cycle_03_node_003,size_024_cycle_03,24,cycle
size_024_cycle_03_node_003,size_024_cycle_03_node_004,size_024_cycle_03,24,cycle
size_024_cycle_03_node_004,size_024_cycle_03_node_005,size_024_cycle_03,24,cycle
size_024_cycle_03_node_005,size_024_cycle_03_node_006,size_024_cycle_03,24,cycle
size_024_cycle_03_node_006,size_024_cycle_03_node_007,size_024_cycle_03,24,cycle
size_024_cycle_03_node_007,size_024_cycle_03_node_008,size_024_cycle_03,24,cycle
size_024_cycle_03_node_008,size_024_cycle_03_node_009,size_024_cycle_03,24,cycle
size_024_cycle_03_node_009,size_024_cycle_03_node_010,size_024_cycle_03,24,cycle
size_024_cycle_03_node_010,size_024_cycle_03_node_011,size_024_cycle_03,24,cycle
size_024_cycle_03_node_011,size_024_cycle_03_node_012,size_024_cycle_03,24,cycle
size_024_cycle_03_node_012,size_024_cycle_03_node_013,size_024_cycle_03,24,cycle
size_024_cycle_03_node_013,size_024_cycle_03_node_014,size_024_cycle_03,24,cycle
size_024_cycle_03_node_014,size_024_cycle_03_node_015,size_024_cycle_03,24,cycle
size_024_cycle_03_node_015,size_024_cycle_03_node_016,size_024_cycle_03,24,cycle
size_024_cycle_03_node_016,size_024_cycle_03_node_017,size_024_cycle_03,24,cycle
size_024_cycle_03_node_017,size_024_cycle_03_node_018,size_024_cycle_03,24,cycle
size_024_cycle_03_node_018,size_024_cycle_03_node_019,size_024_cycle_03,24,cycle
size_024_cycle_03_node_019,size_024_cycle_03_node_020,size_024_cycle_03,24,cycle
size_024_cycle_03_node_020,size_024_cycle_03_node_021,size_024_cycle_03,24,cycle
size_024_cycle_03_node_021,size_024_cycle_03_node_022,size_024_cycle_03,24,cycle
size_024_cycle_03_node_022,size_024_cycle_03_node_023,size_024_cycle_03,24,cycle
size_024_cycle_03_node_023,size_024_cycle_03_node_024,size_024_cycle_03,24,cycle
size_024_cycle_03_node_024,size_024_cycle_03_node_001,size_024_cycle_03,24,cycle
size_024_binary_tree_04_node_001,size_024_binary_tree_04_node_002,size_024_binary_tree_04,24,binary_tree
size_024_binary_tree_04_node_001,size_024_binary_tree_04_node_003,size_024_binary_tree_04,24,binary_tree
size_024_binary_tree_04_node_002,size_024_binary_tree_04_node_004,size_024_binary_tree_04,24,binary_tree
size_024_binary_tree_04_node_002,size_024_binary_tree_04_node_005,size_024_binary_tree_04,24,binary_tree
size_024_binary_tree_04_node_003,size_024_binary_tree_04_node_006,size_024_binary_tree_04,24,binary_tree
size_024_binary_tree_04_node_003,size_024_binary_tree_04_node_007,size_024_binary_tree_04,24,binary_tree
size_024_binary_tree_04_node_004,size_024_binary_tree_04_node_008,size_024_binary_tree_04,24,binary_tree
size_024_binary_tree_04_node_004,size_024_binary_tree_04_node_009,size_024_binary_tree_04,24,binary_tree
size_024_binary_tree_04_node_005,size_024_binary_tree_04_node_010,size_024_binary_tree_04,24,binary_tree
size_024_binary_tree_04_node_005,size_024_binary_tree_04_node_011,size_024_binary_tree_04,24,binary_tree
size_024_binary_tree_04_node_006,size_024_binary_tree_04_node_012,size_024_binary_tree_04,24,binary_tree
size_024_binary_tree_04_node_006,size_024_binary_tree_04_node_013,size_024_binary_tree_04,24,binary_tree
size_024_binary_tree_04_node_007,size_024_binary_tree_04_node_014,size_024_binary_tree_04,24,binary_tree
size_024_binary_tree_04_node_007,size_024_binary_tree_04_node_015,size_024_binary_tree_04,24,binary_tree
size_024_binary_tree_04_node_008,size_024_binary_tree_04_node_016,size_024_binary_tree_04,24,binary_tree
size_024_binary_tree_04_node_008,size_024_binary_tree_04_node_017,size_024_binary_tree_04,24,binary_tree
size_024_binary_tree_04_node_009,size_024_binary_tree_04_node_018,size_024_binary_tree_04,24,binary_tree
size_024_binary_tree_04_node_009,size_024_binary_tree_04_node_019,size_024_binary_tree_04,24,binary_tree
size_024_binary_tree_04_node_010,size_024_binary_tree_04_node_020,size_024_binary_tree_04,24,binary_tree
size_024_binary_tree_04_node_010,size_024_binary_tree_04_node_021,size_024_binary_tree_04,24,binary_tree
size_024_binary_tree_04_node_011,size_024_binary_tree_04_node_022,size_024_binary_tree_04,24,binary_tree
size_024_binary_tree_04_node_011,size_024_binary_tree_04_node_023,size_024_binary_tree_04,24,binary_tree
size_024_binary_tree_04_node_012,size_024_binary_tree_04_node_024,size_024_binary_tree_04,24,binary_tree
size_025_chain_01_node_001,size_025_chain_01_node_002,size_025_chain_01,25,chain
size_025_chain_01_node_002,size_025_chain_01_node_003,size_025_chain_01,25,chain
size_025_chain_01_node_003,size_025_chain_01_node_004,size_025_chain_01,25,chain
size_025_chain_01_node_004,size_025_chain_01_node_005,size_025_chain_01,25,chain
size_025_chain_01_node_005,size_025_chain_01_node_006,size_025_chain_01,25,chain
size_025_chain_01_node_006,size_025_chain_01_node_007,size_025_chain_01,25,chain
size_025_chain_01_node_007,size_025_chain_01_node_008,size_025_chain_01,25,chain
size_025_chain_01_node_008,size_025_chain_01_node_009,size_025_chain_01,25,chain
size_025_chain_01_node_009,size_025_chain_01_node_010,size_025_chain_01,25,chain
size_025_chain_01_node_010,size_025_chain_01_node_011,size_025_chain_01,25,chain
size_025_chain_01_node_011,size_025_chain_01_node_012,size_025_chain_01,25,chain
size_025_chain_01_node_012,size_025_chain_01_node_013,size_025_chain_01,25,chain
size_025_chain_01_node_013,size_025_chain_01_node_014,size_025_chain_01,25,chain
size_025_chain_01_node_014,size_025_chain_01_node_015,size_025_chain_01,25,chain
size_025_chain_01_node_015,size_025_chain_01_node_016,size_025_chain_01,25,chain
size_025_chain_01_node_016,size_025_chain_01_node_017,size_025_chain_01,25,chain
size_025_chain_01_node_017,size_025_chain_01_node_018,size_025_chain_01,25,chain
size_025_chain_01_node_018,size_025_chain_01_node_019,size_025_chain_01,25,chain
size_025_chain_01_node_019,size_025_chain_01_node_020,size_025_chain_01,25,chain
size_025_chain_01_node_020,size_025_chain_01_node_021,size_025_chain_01,25,chain
size_025_chain_01_node_021,size_025_chain_01_node_022,size_025_chain_01,25,chain
size_025_chain_01_node_022,size_025_chain_01_node_023,size_025_chain_01,25,chain
size_025_chain_01_node_023,size_025_chain_01_node_024,size_025_chain_01,25,chain
size_025_chain_01_node_024,size_025_chain_01_node_025,size_025_chain_01,25,chain
size_025_star_02_node_001,size_025_star_02_node_002,size_025_star_02,25,star
size_025_star_02_node_001,size_025_star_02_node_003,size_025_star_02,25,star
size_025_star_02_node_001,size_025_star_02_node_004,size_025_star_02,25,star
size_025_star_02_node_001,size_025_star_02_node_005,size_025_star_02,25,star
size_025_star_02_node_001,size_025_star_02_node_006,size_025_star_02,25,star
size_025_star_02_node_001,size_025_star_02_node_007,size_025_star_02,25,star
size_025_star_02_node_001,size_025_star_02_node_008,size_025_star_02,25,star
size_025_star_02_node_001,size_025_star_02_node_009,size_025_star_02,25,star
size_025_star_02_node_001,size_025_star_02_node_010,size_025_star_02,25,star
size_025_star_02_node_001,size_025_star_02_node_011,size_025_star_02,25,star
size_025_star_02_node_001,size_025_star_02_node_012,size_025_star_02,25,star
size_025_star_02_node_001,size_025_star_02_node_013,size_025_star_02,25,star
size_025_star_02_node_001,size_025_star_02_node_014,size_025_star_02,25,star
size_025_star_02_node_001,size_025_star_02_node_015,size_025_star_02,25,star
size_025_star_02_node_001,size_025_star_02_node_016,size_025_star_02,25,star
size_025_star_02_node_001,size_025_star_02_node_017,size_025_star_02,25,star
size_025_star_02_node_001,size_025_star_02_node_018,size_025_star_02,25,star
size_025_star_02_node_001,size_025_star_02_node_019,size_025_star_02,25,star
size_025_star_02_node_001,size_025_star_02_node_020,size_025_star_02,25,star
size_025_star_02_node_001,size_025_star_02_node_021,size_025_star_02,25,star
size_025_star_02_node_001,size_025_star_02_node_022,size_025_star_02,25,star
size_025_star_02_node_001,size_025_star_02_node_023,size_025_star_02,25,star
size_025_star_02_node_001,size_025_star_02_node_024,size_025_star_02,25,star
size_025_star_02_node_001,size_025_star_02_node_025,size_025_star_02,25,star
size_025_cycle_03_node_001,size_025_cycle_03_node_002,size_025_cycle_03,25,cycle
size_025_cycle_03_node_002,size_025_cycle_03_node_003,size_025_cycle_03,25,cycle
size_025_cycle_03_node_003,size_025_cycle_03_node_004,size_025_cycle_03,25,cycle
size_025_cycle_03_node_004,size_025_cycle_03_node_005,size_025_cycle_03,25,cycle
size_025_cycle_03_node_005,size_025_cycle_03_node_006,size_025_cycle_03,25,cycle
size_025_cycle_03_node_006,size_025_cycle_03_node_007,size_025_cycle_03,25,cycle
size_025_cycle_03_node_007,size_025_cycle_03_node_008,size_025_cycle_03,25,cycle
size_025_cycle_03_node_008,size_025_cycle_03_node_009,size_025_cycle_03,25,cycle
size_025_cycle_03_node_009,size_025_cycle_03_node_010,size_025_cycle_03,25,cycle
size_025_cycle_03_node_010,size_025_cycle_03_node_011,size_025_cycle_03,25,cycle
size_025_cycle_03_node_011,size_025_cycle_03_node_012,size_025_cycle_03,25,cycle
size_025_cycle_03_node_012,size_025_cycle_03_node_013,size_025_cycle_03,25,cycle
size_025_cycle_03_node_013,size_025_cycle_03_node_014,size_025_cycle_03,25,cycle
size_025_cycle_03_node_014,size_025_cycle_03_node_015,size_025_cycle_03,25,cycle
size_025_cycle_03_node_015,size_025_cycle_03_node_016,size_025_cycle_03,25,cycle
size_025_cycle_03_node_016,size_025_cycle_03_node_017,size_025_cycle_03,25,cycle
size_025_cycle_03_node_017,size_025_cycle_03_node_018,size_025_cycle_03,25,cycle
size_025_cycle_03_node_018,size_025_cycle_03_node_019,size_025_cycle_03,25,cycle
size_025_cycle_03_node_019,size_025_cycle_03_node_020,size_025_cycle_03,25,cycle
size_025_cycle_03_node_020,size_025_cycle_03_node_021,size_025_cycle_03,25,cycle
size_025_cycle_03_node_021,size_025_cycle_03_node_022,size_025_cycle_03,25,cycle
size_025_cycle_03_node_022,size_025_cycle_03_node_023,size_025_cycle_03,25,cycle
size_025_cycle_03_node_023,size_025_cycle_03_node_024,size_025_cycle_03,25,cycle
size_025_cycle_03_node_024,size_025_cycle_03_node_025,size_025_cycle_03,25,cycle
size_025_cycle_03_node_025,size_025_cycle_03_node_001,size_025_cycle_03,25,cycle
size_025_binary_tree_04_node_001,size_025_binary_tree_04_node_002,size_025_binary_tree_04,25,binary_tree
size_025_binary_tree_04_node_001,size_025_binary_tree_04_node_003,size_025_binary_tree_04,25,binary_tree
size_025_binary_tree_04_node_002,size_025_binary_tree_04_node_004,size_025_binary_tree_04,25,binary_tree
size_025_binary_tree_04_node_002,size_025_binary_tree_04_node_005,size_025_binary_tree_04,25,binary_tree
size_025_binary_tree_04_node_003,size_025_binary_tree_04_node_006,size_025_binary_tree_04,25,binary_tree
size_025_binary_tree_04_node_003,size_025_binary_tree_04_node_007,size_025_binary_tree_04,25,binary_tree
size_025_binary_tree_04_node_004,size_025_binary_tree_04_node_008,size_025_binary_tree_04,25,binary_tree
size_025_binary_tree_04_node_004,size_025_binary_tree_04_node_009,size_025_binary_tree_04,25,binary_tree
size_025_binary_tree_04_node_005,size_025_binary_tree_04_node_010,size_025_binary_tree_04,25,binary_tree
size_025_binary_tree_04_node_005,size_025_binary_tree_04_node_011,size_025_binary_tree_04,25,binary_tree
size_025_binary_tree_04_node_006,size_025_binary_tree_04_node_012,size_025_binary_tree_04,25,binary_tree
size_025_binary_tree_04_node_006,size_025_binary_tree_04_node_013,size_025_binary_tree_04,25,binary_tree
size_025_binary_tree_04_node_007,size_025_binary_tree_04_node_014,size_025_binary_tree_04,25,binary_tree
size_025_binary_tree_04_node_007,size_025_binary_tree_04_node_015,size_025_binary_tree_04,25,binary_tree
size_025_binary_tree_04_node_008,size_025_binary_tree_04_node_016,size_025_binary_tree_04,25,binary_tree
size_025_binary_tree_04_node_008,size_025_binary_tree_04_node_017,size_025_binary_tree_04,25,binary_tree
size_025_binary_tree_04_node_009,size_025_binary_tree_04_node_018,size_025_binary_tree_04,25,binary_tree
size_025_binary_tree_04_node_009,size_025_binary_tree_04_node_019,size_025_binary_tree_04,25,binary_tree
size_025_binary_tree_04_node_010,size_025_binary_tree_04_node_020,size_025_binary_tree_04,25,binary_tree
size_025_binary_tree_04_node_010,size_025_binary_tree_04_node_021,size_025_binary_tree_04,25,binary_tree
size_025_binary_tree_04_node_011,size_025_binary_tree_04_node_022,size_025_binary_tree_04,25,binary_tree
size_025_binary_tree_04_node_011,size_025_binary_tree_04_node_023,size_025_binary_tree_04,25,binary_tree
size_025_binary_tree_04_node_012,size_025_binary_tree_04_node_024,size_025_binary_tree_04,25,binary_tree
size_025_binary_tree_04_node_012,size_025_binary_tree_04_node_025,size_025_binary_tree_04,25,binary_tree
size_026_chain_01_node_001,size_026_chain_01_node_002,size_026_chain_01,26,chain
size_026_chain_01_node_002,size_026_chain_01_node_003,size_026_chain_01,26,chain
size_026_chain_01_node_003,size_026_chain_01_node_004,size_026_chain_01,26,chain
size_026_chain_01_node_004,size_026_chain_01_node_005,size_026_chain_01,26,chain
size_026_chain_01_node_005,size_026_chain_01_node_006,size_026_chain_01,26,chain
size_026_chain_01_node_006,size_026_chain_01_node_007,size_026_chain_01,26,chain
size_026_chain_01_node_007,size_026_chain_01_node_008,size_026_chain_01,26,chain
size_026_chain_01_node_008,size_026_chain_01_node_009,size_026_chain_01,26,chain
size_026_chain_01_node_009,size_026_chain_01_node_010,size_026_chain_01,26,chain
size_026_chain_01_node_010,size_026_chain_01_node_011,size_026_chain_01,26,chain
size_026_chain_01_node_011,size_026_chain_01_node_012,size_026_chain_01,26,chain
size_026_chain_01_node_012,size_026_chain_01_node_013,size_026_chain_01,26,chain
size_026_chain_01_node_013,size_026_chain_01_node_014,size_026_chain_01,26,chain
size_026_chain_01_node_014,size_026_chain_01_node_015,size_026_chain_01,26,chain
size_026_chain_01_node_015,size_026_chain_01_node_016,size_026_chain_01,26,chain
size_026_chain_01_node_016,size_026_chain_01_node_017,size_026_chain_01,26,chain
size_026_chain_01_node_017,size_026_chain_01_node_018,size_026_chain_01,26,chain
size_026_chain_01_node_018,size_026_chain_01_node_019,size_026_chain_01,26,chain
size_026_chain_01_node_019,size_026_chain_01_node_020,size_026_chain_01,26,chain
size_026_chain_01_node_020,size_026_chain_01_node_021,size_026_chain_01,26,chain
size_026_chain_01_node_021,size_026_chain_01_node_022,size_026_chain_01,26,chain
size_026_chain_01_node_022,size_026_chain_01_node_023,size_026_chain_01,26,chain
size_026_chain_01_node_023,size_026_chain_01_node_024,size_026_chain_01,26,chain
size_026_chain_01_node_024,size_026_chain_01_node_025,size_026_chain_01,26,chain
size_026_chain_01_node_025,size_026_chain_01_node_026,size_026_chain_01,26,chain
size_026_star_02_node_001,size_026_star_02_node_002,size_026_star_02,26,star
size_026_star_02_node_001,size_026_star_02_node_003,size_026_star_02,26,star
size_026_star_02_node_001,size_026_star_02_node_004,size_026_star_02,26,star
size_026_star_02_node_001,size_026_star_02_node_005,size_026_star_02,26,star
size_026_star_02_node_001,size_026_star_02_node_006,size_026_star_02,26,star
size_026_star_02_node_001,size_026_star_02_node_007,size_026_star_02,26,star
size_026_star_02_node_001,size_026_star_02_node_008,size_026_star_02,26,star
size_026_star_02_node_001,size_026_star_02_node_009,size_026_star_02,26,star
size_026_star_02_node_001,size_026_star_02_node_010,size_026_star_02,26,star
size_026_star_02_node_001,size_026_star_02_node_011,size_026_star_02,26,star
size_026_star_02_node_001,size_026_star_02_node_012,size_026_star_02,26,star
size_026_star_02_node_001,size_026_star_02_node_013,size_026_star_02,26,star
size_026_star_02_node_001,size_026_star_02_node_014,size_026_star_02,26,star
size_026_star_02_node_001,size_026_star_02_node_015,size_026_star_02,26,star
size_026_star_02_node_001,size_026_star_02_node_016,size_026_star_02,26,star
size_026_star_02_node_001,size_026_star_02_node_017,size_026_star_02,26,star
size_026_star_02_node_001,size_026_star_02_node_018,size_026_star_02,26,star
size_026_star_02_node_001,size_026_star_02_node_019,size_026_star_02,26,star
size_026_star_02_node_001,size_026_star_02_node_020,size_026_star_02,26,star
size_026_star_02_node_001,size_026_star_02_node_021,size_026_star_02,26,star
size_026_star_02_node_001,size_026_star_02_node_022,size_026_star_02,26,star
size_026_star_02_node_001,size_026_star_02_node_023,size_026_star_02,26,star
size_026_star_02_node_001,size_026_star_02_node_024,size_026_star_02,26,star
size_026_star_02_node_001,size_026_star_02_node_025,size_026_star_02,26,star
size_026_star_02_node_001,size_026_star_02_node_026,size_026_star_02,26,star
size_026_cycle_03_node_001,size_026_cycle_03_node_002,size_026_cycle_03,26,cycle
size_026_cycle_03_node_002,size_026_cycle_03_node_003,size_026_cycle_03,26,cycle
size_026_cycle_03_node_003,size_026_cycle_03_node_004,size_026_cycle_03,26,cycle
size_026_cycle_03_node_004,size_026_cycle_03_node_005,size_026_cycle_03,26,cycle
size_026_cycle_03_node_005,size_026_cycle_03_node_006,size_026_cycle_03,26,cycle
size_026_cycle_03_node_006,size_026_cycle_03_node_007,size_026_cycle_03,26,cycle
size_026_cycle_03_node_007,size_026_cycle_03_node_008,size_026_cycle_03,26,cycle
size_026_cycle_03_node_008,size_026_cycle_03_node_009,size_026_cycle_03,26,cycle
size_026_cycle_03_node_009,size_026_cycle_03_node_010,size_026_cycle_03,26,cycle
size_026_cycle_03_node_010,size_026_cycle_03_node_011,size_026_cycle_03,26,cycle
size_026_cycle_03_node_011,size_026_cycle_03_node_012,size_026_cycle_03,26,cycle
size_026_cycle_03_node_012,size_026_cycle_03_node_013,size_026_cycle_03,26,cycle
size_026_cycle_03_node_013,size_026_cycle_03_node_014,size_026_cycle_03,26,cycle
size_026_cycle_03_node_014,size_026_cycle_03_node_015,size_026_cycle_03,26,cycle
size_026_cycle_03_node_015,size_026_cycle_03_node_016,size_026_cycle_03,26,cycle
size_026_cycle_03_node_016,size_026_cycle_03_node_017,size_026_cycle_03,26,cycle
size_026_cycle_03_node_017,size_026_cycle_03_node_018,size_026_cycle_03,26,cycle
size_026_cycle_03_node_018,size_026_cycle_03_node_019,size_026_cycle_03,26,cycle
size_026_cycle_03_node_019,size_026_cycle_03_node_020,size_026_cycle_03,26,cycle
size_026_cycle_03_node_020,size_026_cycle_03_node_021,size_026_cycle_03,26,cycle
size_026_cycle_03_node_021,size_026_cycle_03_node_022,size_026_cycle_03,26,cycle
size_026_cycle_03_node_022,size_026_cycle_03_node_023,size_026_cycle_03,26,cycle
size_026_cycle_03_node_023,size_026_cycle_03_node_024,size_026_cycle_03,26,cycle
size_026_cycle_03_node_024,size_026_cycle_03_node_025,size_026_cycle_03,26,cycle
size_026_cycle_03_node_025,size_026_cycle_03_node_026,size_026_cycle_03,26,cycle
size_026_cycle_03_node_026,size_026_cycle_03_node_001,size_026_cycle_03,26,cycle
size_026_binary_tree_04_node_001,size_026_binary_tree_04_node_002,size_026_binary_tree_04,26,binary_tree
size_026_binary_tree_04_node_001,size_026_binary_tree_04_node_003,size_026_binary_tree_04,26,binary_tree
size_026_binary_tree_04_node_002,size_026_binary_tree_04_node_004,size_026_binary_tree_04,26,binary_tree
size_026_binary_tree_04_node_002,size_026_binary_tree_04_node_005,size_026_binary_tree_04,26,binary_tree
size_026_binary_tree_04_node_003,size_026_binary_tree_04_node_006,size_026_binary_tree_04,26,binary_tree
size_026_binary_tree_04_node_003,size_026_binary_tree_04_node_007,size_026_binary_tree_04,26,binary_tree
size_026_binary_tree_04_node_004,size_026_binary_tree_04_node_008,size_026_binary_tree_04,26,binary_tree
size_026_binary_tree_04_node_004,size_026_binary_tree_04_node_009,size_026_binary_tree_04,26,binary_tree
size_026_binary_tree_04_node_005,size_026_binary_tree_04_node_010,size_026_binary_tree_04,26,binary_tree
size_026_binary_tree_04_node_005,size_026_binary_tree_04_node_011,size_026_binary_tree_04,26,binary_tree
size_026_binary_tree_04_node_006,size_026_binary_tree_04_node_012,size_026_binary_tree_04,26,binary_tree
size_026_binary_tree_04_node_006,size_026_binary_tree_04_node_013,size_026_binary_tree_04,26,binary_tree
size_026_binary_tree_04_node_007,size_026_binary_tree_04_node_014,size_026_binary_tree_04,26,binary_tree
size_026_binary_tree_04_node_007,size_026_binary_tree_04_node_015,size_026_binary_tree_04,26,binary_tree
size_026_binary_tree_04_node_008,size_026_binary_tree_04_node_016,size_026_binary_tree_04,26,binary_tree
size_026_binary_tree_04_node_008,size_026_binary_tree_04_node_017,size_026_binary_tree_04,26,binary_tree
size_026_binary_tree_04_node_009,size_026_binary_tree_04_node_018,size_026_binary_tree_04,26,binary_tree
size_026_binary_tree_04_node_009,size_026_binary_tree_04_node_019,size_026_binary_tree_04,26,binary_tree
size_026_binary_tree_04_node_010,size_026_binary_tree_04_node_020,size_026_binary_tree_04,26,binary_tree
size_026_binary_tree_04_node_010,size_026_binary_tree_04_node_021,size_026_binary_tree_04,26,binary_tree
size_026_binary_tree_04_node_011,size_026_binary_tree_04_node_022,size_026_binary_tree_04,26,binary_tree
size_026_binary_tree_04_node_011,size_026_binary_tree_04_node_023,size_026_binary_tree_04,26,binary_tree
size_026_binary_tree_04_node_012,size_026_binary_tree_04_node_024,size_026_binary_tree_04,26,binary_tree
size_026_binary_tree_04_node_012,size_026_binary_tree_04_node_025,size_026_binary_tree_04,26,binary_tree
size_026_binary_tree_04_node_013,size_026_binary_tree_04_node_026,size_026_binary_tree_04,26,binary_tree
size_027_chain_01_node_001,size_027_chain_01_node_002,size_027_chain_01,27,chain
size_027_chain_01_node_002,size_027_chain_01_node_003,size_027_chain_01,27,chain
size_027_chain_01_node_003,size_027_chain_01_node_004,size_027_chain_01,27,chain
size_027_chain_01_node_004,size_027_chain_01_node_005,size_027_chain_01,27,chain
size_027_chain_01_node_005,size_027_chain_01_node_006,size_027_chain_01,27,chain
size_027_chain_01_node_006,size_027_chain_01_node_007,size_027_chain_01,27,chain
size_027_chain_01_node_007,size_027_chain_01_node_008,size_027_chain_01,27,chain
size_027_chain_01_node_008,size_027_chain_01_node_009,size_027_chain_01,27,chain
size_027_chain_01_node_009,size_027_chain_01_node_010,size_027_chain_01,27,chain
size_027_chain_01_node_010,size_027_chain_01_node_011,size_027_chain_01,27,chain
size_027_chain_01_node_011,size_027_chain_01_node_012,size_027_chain_01,27,chain
size_027_chain_01_node_012,size_027_chain_01_node_013,size_027_chain_01,27,chain
size_027_chain_01_node_013,size_027_chain_01_node_014,size_027_chain_01,27,chain
size_027_chain_01_node_014,size_027_chain_01_node_015,size_027_chain_01,27,chain
size_027_chain_01_node_015,size_027_chain_01_node_016,size_027_chain_01,27,chain
size_027_chain_01_node_016,size_027_chain_01_node_017,size_027_chain_01,27,chain
size_027_chain_01_node_017,size_027_chain_01_node_018,size_027_chain_01,27,chain
size_027_chain_01_node_018,size_027_chain_01_node_019,size_027_chain_01,27,chain
size_027_chain_01_node_019,size_027_chain_01_node_020,size_027_chain_01,27,chain
size_027_chain_01_node_020,size_027_chain_01_node_021,size_027_chain_01,27,chain
size_027_chain_01_node_021,size_027_chain_01_node_022,size_027_chain_01,27,chain
size_027_chain_01_node_022,size_027_chain_01_node_023,size_027_chain_01,27,chain
size_027_chain_01_node_023,size_027_chain_01_node_024,size_027_chain_01,27,chain
size_027_chain_01_node_024,size_027_chain_01_node_025,size_027_chain_01,27,chain
size_027_chain_01_node_025,size_027_chain_01_node_026,size_027_chain_01,27,chain
size_027_chain_01_node_026,size_027_chain_01_node_027,size_027_chain_01,27,chain
size_027_star_02_node_001,size_027_star_02_node_002,size_027_star_02,27,star
size_027_star_02_node_001,size_027_star_02_node_003,size_027_star_02,27,star
size_027_star_02_node_001,size_027_star_02_node_004,size_027_star_02,27,star
size_027_star_02_node_001,size_027_star_02_node_005,size_027_star_02,27,star
size_027_star_02_node_001,size_027_star_02_node_006,size_027_star_02,27,star
size_027_star_02_node_001,size_027_star_02_node_007,size_027_star_02,27,star
size_027_star_02_node_001,size_027_star_02_node_008,size_027_star_02,27,star
size_027_star_02_node_001,size_027_star_02_node_009,size_027_star_02,27,star
size_027_star_02_node_001,size_027_star_02_node_010,size_027_star_02,27,star
size_027_star_02_node_001,size_027_star_02_node_011,size_027_star_02,27,star
size_027_star_02_node_001,size_027_star_02_node_012,size_027_star_02,27,star
size_027_star_02_node_001,size_027_star_02_node_013,size_027_star_02,27,star
size_027_star_02_node_001,size_027_star_02_node_014,size_027_star_02,27,star
size_027_star_02_node_001,size_027_star_02_node_015,size_027_star_02,27,star
size_027_star_02_node_001,size_027_star_02_node_016,size_027_star_02,27,star
size_027_star_02_node_001,size_027_star_02_node_017,size_027_star_02,27,star
size_027_star_02_node_001,size_027_star_02_node_018,size_027_star_02,27,star
size_027_star_02_node_001,size_027_star_02_node_019,size_027_star_02,27,star
size_027_star_02_node_001,size_027_star_02_node_020,size_027_star_02,27,star
size_027_star_02_node_001,size_027_star_02_node_021,size_027_star_02,27,star
size_027_star_02_node_001,size_027_star_02_node_022,size_027_star_02,27,star
size_027_star_02_node_001,size_027_star_02_node_023,size_027_star_02,27,star
size_027_star_02_node_001,size_027_star_02_node_024,size_027_star_02,27,star
size_027_star_02_node_001,size_027_star_02_node_025,size_027_star_02,27,star
size_027_star_02_node_001,size_027_star_02_node_026,size_027_star_02,27,star
size_027_star_02_node_001,size_027_star_02_node_027,size_027_star_02,27,star
size_027_cycle_03_node_001,size_027_cycle_03_node_002,size_027_cycle_03,27,cycle
size_027_cycle_03_node_002,size_027_cycle_03_node_003,size_027_cycle_03,27,cycle
size_027_cycle_03_node_003,size_027_cycle_03_node_004,size_027_cycle_03,27,cycle
size_027_cycle_03_node_004,size_027_cycle_03_node_005,size_027_cycle_03,27,cycle
size_027_cycle_03_node_005,size_027_cycle_03_node_006,size_027_cycle_03,27,cycle
size_027_cycle_03_node_006,size_027_cycle_03_node_007,size_027_cycle_03,27,cycle
size_027_cycle_03_node_007,size_027_cycle_03_node_008,size_027_cycle_03,27,cycle
size_027_cycle_03_node_008,size_027_cycle_03_node_009,size_027_cycle_03,27,cycle
size_027_cycle_03_node_009,size_027_cycle_03_node_010,size_027_cycle_03,27,cycle
size_027_cycle_03_node_010,size_027_cycle_03_node_011,size_027_cycle_03,27,cycle
size_027_cycle_03_node_011,size_027_cycle_03_node_012,size_027_cycle_03,27,cycle
size_027_cycle_03_node_012,size_027_cycle_03_node_013,size_027_cycle_03,27,cycle
size_027_cycle_03_node_013,size_027_cycle_03_node_014,size_027_cycle_03,27,cycle
size_027_cycle_03_node_014,size_027_cycle_03_node_015,size_027_cycle_03,27,cycle
size_027_cycle_03_node_015,size_027_cycle_03_node_016,size_027_cycle_03,27,cycle
size_027_cycle_03_node_016,size_027_cycle_03_node_017,size_027_cycle_03,27,cycle
size_027_cycle_03_node_017,size_027_cycle_03_node_018,size_027_cycle_03,27,cycle
size_027_cycle_03_node_018,size_027_cycle_03_node_019,size_027_cycle_03,27,cycle
size_027_cycle_03_node_019,size_027_cycle_03_node_020,size_027_cycle_03,27,cycle
size_027_cycle_03_node_020,size_027_cycle_03_node_021,size_027_cycle_03,27,cycle
size_027_cycle_03_node_021,size_027_cycle_03_node_022,size_027_cycle_03,27,cycle
size_027_cycle_03_node_022,size_027_cycle_03_node_023,size_027_cycle_03,27,cycle
size_027_cycle_03_node_023,size_027_cycle_03_node_024,size_027_cycle_03,27,cycle
size_027_cycle_03_node_024,size_027_cycle_03_node_025,size_027_cycle_03,27,cycle
size_027_cycle_03_node_025,size_027_cycle_03_node_026,size_027_cycle_03,27,cycle
size_027_cycle_03_node_026,size_027_cycle_03_node_027,size_027_cycle_03,27,cycle
size_027_cycle_03_node_027,size_027_cycle_03_node_001,size_027_cycle_03,27,cycle
size_027_binary_tree_04_node_001,size_027_binary_tree_04_node_002,size_027_binary_tree_04,27,binary_tree
size_027_binary_tree_04_node_001,size_027_binary_tree_04_node_003,size_027_binary_tree_04,27,binary_tree
size_027_binary_tree_04_node_002,size_027_binary_tree_04_node_004,size_027_binary_tree_04,27,binary_tree
size_027_binary_tree_04_node_002,size_027_binary_tree_04_node_005,size_027_binary_tree_04,27,binary_tree
size_027_binary_tree_04_node_003,size_027_binary_tree_04_node_006,size_027_binary_tree_04,27,binary_tree
size_027_binary_tree_04_node_003,size_027_binary_tree_04_node_007,size_027_binary_tree_04,27,binary_tree
size_027_binary_tree_04_node_004,size_027_binary_tree_04_node_008,size_027_binary_tree_04,27,binary_tree
size_027_binary_tree_04_node_004,size_027_binary_tree_04_node_009,size_027_binary_tree_04,27,binary_tree
size_027_binary_tree_04_node_005,size_027_binary_tree_04_node_010,size_027_binary_tree_04,27,binary_tree
size_027_binary_tree_04_node_005,size_027_binary_tree_04_node_011,size_027_binary_tree_04,27,binary_tree
size_027_binary_tree_04_node_006,size_027_binary_tree_04_node_012,size_027_binary_tree_04,27,binary_tree
size_027_binary_tree_04_node_006,size_027_binary_tree_04_node_013,size_027_binary_tree_04,27,binary_tree
size_027_binary_tree_04_node_007,size_027_binary_tree_04_node_014,size_027_binary_tree_04,27,binary_tree
size_027_binary_tree_04_node_007,size_027_binary_tree_04_node_015,size_027_binary_tree_04,27,binary_tree
size_027_binary_tree_04_node_008,size_027_binary_tree_04_node_016,size_027_binary_tree_04,27,binary_tree
size_027_binary_tree_04_node_008,size_027_binary_tree_04_node_017,size_027_binary_tree_04,27,binary_tree
size_027_binary_tree_04_node_009,size_027_binary_tree_04_node_018,size_027_binary_tree_04,27,binary_tree
size_027_binary_tree_04_node_009,size_027_binary_tree_04_node_019,size_027_binary_tree_04,27,binary_tree
size_027_binary_tree_04_node_010,size_027_binary_tree_04_node_020,size_027_binary_tree_04,27,binary_tree
size_027_binary_tree_04_node_010,size_027_binary_tree_04_node_021,size_027_binary_tree_04,27,binary_tree
size_027_binary_tree_04_node_011,size_027_binary_tree_04_node_022,size_027_binary_tree_04,27,binary_tree
size_027_binary_tree_04_node_011,size_027_binary_tree_04_node_023,size_027_binary_tree_04,27,binary_tree
size_027_binary_tree_04_node_012,size_027_binary_tree_04_node_024,size_027_binary_tree_04,27,binary_tree
size_027_binary_tree_04_node_012,size_027_binary_tree_04_node_025,size_027_binary_tree_04,27,binary_tree
size_027_binary_tree_04_node_013,size_027_binary_tree_04_node_026,size_027_binary_tree_04,27,binary_tree
size_027_binary_tree_04_node_013,size_027_binary_tree_04_node_027,size_027_binary_tree_04,27,binary_tree
size_028_chain_01_node_001,size_028_chain_01_node_002,size_028_chain_01,28,chain
size_028_chain_01_node_002,size_028_chain_01_node_003,size_028_chain_01,28,chain
size_028_chain_01_node_003,size_028_chain_01_node_004,size_028_chain_01,28,chain
size_028_chain_01_node_004,size_028_chain_01_node_005,size_028_chain_01,28,chain
size_028_chain_01_node_005,size_028_chain_01_node_006,size_028_chain_01,28,chain
size_028_chain_01_node_006,size_028_chain_01_node_007,size_028_chain_01,28,chain
size_028_chain_01_node_007,size_028_chain_01_node_008,size_028_chain_01,28,chain
size_028_chain_01_node_008,size_028_chain_01_node_009,size_028_chain_01,28,chain
size_028_chain_01_node_009,size_028_chain_01_node_010,size_028_chain_01,28,chain
size_028_chain_01_node_010,size_028_chain_01_node_011,size_028_chain_01,28,chain
size_028_chain_01_node_011,size_028_chain_01_node_012,size_028_chain_01,28,chain
size_028_chain_01_node_012,size_028_chain_01_node_013,size_028_chain_01,28,chain
size_028_chain_01_node_013,size_028_chain_01_node_014,size_028_chain_01,28,chain
size_028_chain_01_node_014,size_028_chain_01_node_015,size_028_chain_01,28,chain
size_028_chain_01_node_015,size_028_chain_01_node_016,size_028_chain_01,28,chain
size_028_chain_01_node_016,size_028_chain_01_node_017,size_028_chain_01,28,chain
size_028_chain_01_node_017,size_028_chain_01_node_018,size_028_chain_01,28,chain
size_028_chain_01_node_018,size_028_chain_01_node_019,size_028_chain_01,28,chain
size_028_chain_01_node_019,size_028_chain_01_node_020,size_028_chain_01,28,chain
size_028_chain_01_node_020,size_028_chain_01_node_021,size_028_chain_01,28,chain
size_028_chain_01_node_021,size_028_chain_01_node_022,size_028_chain_01,28,chain
size_028_chain_01_node_022,size_028_chain_01_node_023,size_028_chain_01,28,chain
size_028_chain_01_node_023,size_028_chain_01_node_024,size_028_chain_01,28,chain
size_028_chain_01_node_024,size_028_chain_01_node_025,size_028_chain_01,28,chain
size_028_chain_01_node_025,size_028_chain_01_node_026,size_028_chain_01,28,chain
size_028_chain_01_node_026,size_028_chain_01_node_027,size_028_chain_01,28,chain
size_028_chain_01_node_027,size_028_chain_01_node_028,size_028_chain_01,28,chain
size_028_star_02_node_001,size_028_star_02_node_002,size_028_star_02,28,star
size_028_star_02_node_001,size_028_star_02_node_003,size_028_star_02,28,star
size_028_star_02_node_001,size_028_star_02_node_004,size_028_star_02,28,star
size_028_star_02_node_001,size_028_star_02_node_005,size_028_star_02,28,star
size_028_star_02_node_001,size_028_star_02_node_006,size_028_star_02,28,star
size_028_star_02_node_001,size_028_star_02_node_007,size_028_star_02,28,star
size_028_star_02_node_001,size_028_star_02_node_008,size_028_star_02,28,star
size_028_star_02_node_001,size_028_star_02_node_009,size_028_star_02,28,star
size_028_star_02_node_001,size_028_star_02_node_010,size_028_star_02,28,star
size_028_star_02_node_001,size_028_star_02_node_011,size_028_star_02,28,star
size_028_star_02_node_001,size_028_star_02_node_012,size_028_star_02,28,star
size_028_star_02_node_001,size_028_star_02_node_013,size_028_star_02,28,star
size_028_star_02_node_001,size_028_star_02_node_014,size_028_star_02,28,star
size_028_star_02_node_001,size_028_star_02_node_015,size_028_star_02,28,star
size_028_star_02_node_001,size_028_star_02_node_016,size_028_star_02,28,star
size_028_star_02_node_001,size_028_star_02_node_017,size_028_star_02,28,star
size_028_star_02_node_001,size_028_star_02_node_018,size_028_star_02,28,star
size_028_star_02_node_001,size_028_star_02_node_019,size_028_star_02,28,star
size_028_star_02_node_001,size_028_star_02_node_020,size_028_star_02,28,star
size_028_star_02_node_001,size_028_star_02_node_021,size_028_star_02,28,star
size_028_star_02_node_001,size_028_star_02_node_022,size_028_star_02,28,star
size_028_star_02_node_001,size_028_star_02_node_023,size_028_star_02,28,star
size_028_star_02_node_001,size_028_star_02_node_024,size_028_star_02,28,star
size_028_star_02_node_001,size_028_star_02_node_025,size_028_star_02,28,star
size_028_star_02_node_001,size_028_star_02_node_026,size_028_star_02,28,star
size_028_star_02_node_001,size_028_star_02_node_027,size_028_star_02,28,star
size_028_star_02_node_001,size_028_star_02_node_028,size_028_star_02,28,star
size_028_cycle_03_node_001,size_028_cycle_03_node_002,size_028_cycle_03,28,cycle
size_028_cycle_03_node_002,size_028_cycle_03_node_003,size_028_cycle_03,28,cycle
size_028_cycle_03_node_003,size_028_cycle_03_node_004,size_028_cycle_03,28,cycle
size_028_cycle_03_node_004,size_028_cycle_03_node_005,size_028_cycle_03,28,cycle
size_028_cycle_03_node_005,size_028_cycle_03_node_006,size_028_cycle_03,28,cycle
size_028_cycle_03_node_006,size_028_cycle_03_node_007,size_028_cycle_03,28,cycle
size_028_cycle_03_node_007,size_028_cycle_03_node_008,size_028_cycle_03,28,cycle
size_028_cycle_03_node_008,size_028_cycle_03_node_009,size_028_cycle_03,28,cycle
size_028_cycle_03_node_009,size_028_cycle_03_node_010,size_028_cycle_03,28,cycle
size_028_cycle_03_node_010,size_028_cycle_03_node_011,size_028_cycle_03,28,cycle
size_028_cycle_03_node_011,size_028_cycle_03_node_012,size_028_cycle_03,28,cycle
size_028_cycle_03_node_012,size_028_cycle_03_node_013,size_028_cycle_03,28,cycle
size_028_cycle_03_node_013,size_028_cycle_03_node_014,size_028_cycle_03,28,cycle
size_028_cycle_03_node_014,size_028_cycle_03_node_015,size_028_cycle_03,28,cycle
size_028_cycle_03_node_015,size_028_cycle_03_node_016,size_028_cycle_03,28,cycle
size_028_cycle_03_node_016,size_028_cycle_03_node_017,size_028_cycle_03,28,cycle
size_028_cycle_03_node_017,size_028_cycle_03_node_018,size_028_cycle_03,28,cycle
size_028_cycle_03_node_018,size_028_cycle_03_node_019,size_028_cycle_03,28,cycle
size_028_cycle_03_node_019,size_028_cycle_03_node_020,size_028_cycle_03,28,cycle
size_028_cycle_03_node_020,size_028_cycle_03_node_021,size_028_cycle_03,28,cycle
size_028_cycle_03_node_021,size_028_cycle_03_node_022,size_028_cycle_03,28,cycle
size_028_cycle_03_node_022,size_028_cycle_03_node_023,size_028_cycle_03,28,cycle
size_028_cycle_03_node_023,size_028_cycle_03_node_024,size_028_cycle_03,28,cycle
size_028_cycle_03_node_024,size_028_cycle_03_node_025,size_028_cycle_03,28,cycle
size_028_cycle_03_node_025,size_028_cycle_03_node_026,size_028_cycle_03,28,cycle
size_028_cycle_03_node_026,size_028_cycle_03_node_027,size_028_cycle_03,28,cycle
size_028_cycle_03_node_027,size_028_cycle_03_node_028,size_028_cycle_03,28,cycle
size_028_cycle_03_node_028,size_028_cycle_03_node_001,size_028_cycle_03,28,cycle
size_028_binary_tree_04_node_001,size_028_binary_tree_04_node_002,size_028_binary_tree_04,28,binary_tree
size_028_binary_tree_04_node_001,size_028_binary_tree_04_node_003,size_028_binary_tree_04,28,binary_tree
size_028_binary_tree_04_node_002,size_028_binary_tree_04_node_004,size_028_binary_tree_04,28,binary_tree
size_028_binary_tree_04_node_002,size_028_binary_tree_04_node_005,size_028_binary_tree_04,28,binary_tree
size_028_binary_tree_04_node_003,size_028_binary_tree_04_node_006,size_028_binary_tree_04,28,binary_tree
size_028_binary_tree_04_node_003,size_028_binary_tree_04_node_007,size_028_binary_tree_04,28,binary_tree
size_028_binary_tree_04_node_004,size_028_binary_tree_04_node_008,size_028_binary_tree_04,28,binary_tree
size_028_binary_tree_04_node_004,size_028_binary_tree_04_node_009,size_028_binary_tree_04,28,binary_tree
size_028_binary_tree_04_node_005,size_028_binary_tree_04_node_010,size_028_binary_tree_04,28,binary_tree
size_028_binary_tree_04_node_005,size_028_binary_tree_04_node_011,size_028_binary_tree_04,28,binary_tree
size_028_binary_tree_04_node_006,size_028_binary_tree_04_node_012,size_028_binary_tree_04,28,binary_tree
size_028_binary_tree_04_node_006,size_028_binary_tree_04_node_013,size_028_binary_tree_04,28,binary_tree
size_028_binary_tree_04_node_007,size_028_binary_tree_04_node_014,size_028_binary_tree_04,28,binary_tree
size_028_binary_tree_04_node_007,size_028_binary_tree_04_node_015,size_028_binary_tree_04,28,binary_tree
size_028_binary_tree_04_node_008,size_028_binary_tree_04_node_016,size_028_binary_tree_04,28,binary_tree
size_028_binary_tree_04_node_008,size_028_binary_tree_04_node_017,size_028_binary_tree_04,28,binary_tree
size_028_binary_tree_04_node_009,size_028_binary_tree_04_node_018,size_028_binary_tree_04,28,binary_tree
size_028_binary_tree_04_node_009,size_028_binary_tree_04_node_019,size_028_binary_tree_04,28,binary_tree
size_028_binary_tree_04_node_010,size_028_binary_tree_04_node_020,size_028_binary_tree_04,28,binary_tree
size_028_binary_tree_04_node_010,size_028_binary_tree_04_node_021,size_028_binary_tree_04,28,binary_tree
size_028_binary_tree_04_node_011,size_028_binary_tree_04_node_022,size_028_binary_tree_04,28,binary_tree
size_028_binary_tree_04_node_011,size_028_binary_tree_04_node_023,size_028_binary_tree_04,28,binary_tree
size_028_binary_tree_04_node_012,size_028_binary_tree_04_node_024,size_028_binary_tree_04,28,binary_tree
size_028_binary_tree_04_node_012,size_028_binary_tree_04_node_025,size_028_binary_tree_04,28,binary_tree
size_028_binary_tree_04_node_013,size_028_binary_tree_04_node_026,size_028_binary_tree_04,28,binary_tree
size_028_binary_tree_04_node_013,size_028_binary_tree_04_node_027,size_028_binary_tree_04,28,binary_tree
size_028_binary_tree_04_node_014,size_028_binary_tree_04_node_028,size_028_binary_tree_04,28,binary_tree
size_029_chain_01_node_001,size_029_chain_01_node_002,size_029_chain_01,29,chain
size_029_chain_01_node_002,size_029_chain_01_node_003,size_029_chain_01,29,chain
size_029_chain_01_node_003,size_029_chain_01_node_004,size_029_chain_01,29,chain
size_029_chain_01_node_004,size_029_chain_01_node_005,size_029_chain_01,29,chain
size_029_chain_01_node_005,size_029_chain_01_node_006,size_029_chain_01,29,chain
size_029_chain_01_node_006,size_029_chain_01_node_007,size_029_chain_01,29,chain
size_029_chain_01_node_007,size_029_chain_01_node_008,size_029_chain_01,29,chain
size_029_chain_01_node_008,size_029_chain_01_node_009,size_029_chain_01,29,chain
size_029_chain_01_node_009,size_029_chain_01_node_010,size_029_chain_01,29,chain
size_029_chain_01_node_010,size_029_chain_01_node_011,size_029_chain_01,29,chain
size_029_chain_01_node_011,size_029_chain_01_node_012,size_029_chain_01,29,chain
size_029_chain_01_node_012,size_029_chain_01_node_013,size_029_chain_01,29,chain
size_029_chain_01_node_013,size_029_chain_01_node_014,size_029_chain_01,29,chain
size_029_chain_01_node_014,size_029_chain_01_node_015,size_029_chain_01,29,chain
size_029_chain_01_node_015,size_029_chain_01_node_016,size_029_chain_01,29,chain
size_029_chain_01_node_016,size_029_chain_01_node_017,size_029_chain_01,29,chain
size_029_chain_01_node_017,size_029_chain_01_node_018,size_029_chain_01,29,chain
size_029_chain_01_node_018,size_029_chain_01_node_019,size_029_chain_01,29,chain
size_029_chain_01_node_019,size_029_chain_01_node_020,size_029_chain_01,29,chain
size_029_chain_01_node_020,size_029_chain_01_node_021,size_029_chain_01,29,chain
size_029_chain_01_node_021,size_029_chain_01_node_022,size_029_chain_01,29,chain
size_029_chain_01_node_022,size_029_chain_01_node_023,size_029_chain_01,29,chain
size_029_chain_01_node_023,size_029_chain_01_node_024,size_029_chain_01,29,chain
size_029_chain_01_node_024,size_029_chain_01_node_025,size_029_chain_01,29,chain
size_029_chain_01_node_025,size_029_chain_01_node_026,size_029_chain_01,29,chain
size_029_chain_01_node_026,size_029_chain_01_node_027,size_029_chain_01,29,chain
size_029_chain_01_node_027,size_029_chain_01_node_028,size_029_chain_01,29,chain
size_029_chain_01_node_028,size_029_chain_01_node_029,size_029_chain_01,29,chain
size_029_star_02_node_001,size_029_star_02_node_002,size_029_star_02,29,star
size_029_star_02_node_001,size_029_star_02_node_003,size_029_star_02,29,star
size_029_star_02_node_001,size_029_star_02_node_004,size_029_star_02,29,star
size_029_star_02_node_001,size_029_star_02_node_005,size_029_star_02,29,star
size_029_star_02_node_001,size_029_star_02_node_006,size_029_star_02,29,star
size_029_star_02_node_001,size_029_star_02_node_007,size_029_star_02,29,star
size_029_star_02_node_001,size_029_star_02_node_008,size_029_star_02,29,star
size_029_star_02_node_001,size_029_star_02_node_009,size_029_star_02,29,star
size_029_star_02_node_001,size_029_star_02_node_010,size_029_star_02,29,star
size_029_star_02_node_001,size_029_star_02_node_011,size_029_star_02,29,star
size_029_star_02_node_001,size_029_star_02_node_012,size_029_star_02,29,star
size_029_star_02_node_001,size_029_star_02_node_013,size_029_star_02,29,star
size_029_star_02_node_001,size_029_star_02_node_014,size_029_star_02,29,star
size_029_star_02_node_001,size_029_star_02_node_015,size_029_star_02,29,star
size_029_star_02_node_001,size_029_star_02_node_016,size_029_star_02,29,star
size_029_star_02_node_001,size_029_star_02_node_017,size_029_star_02,29,star
size_029_star_02_node_001,size_029_star_02_node_018,size_029_star_02,29,star
size_029_star_02_node_001,size_029_star_02_node_019,size_029_star_02,29,star
size_029_star_02_node_001,size_029_star_02_node_020,size_029_star_02,29,star
size_029_star_02_node_001,size_029_star_02_node_021,size_029_star_02,29,star
size_029_star_02_node_001,size_029_star_02_node_022,size_029_star_02,29,star
size_029_star_02_node_001,size_029_star_02_node_023,size_029_star_02,29,star
size_029_star_02_node_001,size_029_star_02_node_024,size_029_star_02,29,star
size_029_star_02_node_001,size_029_star_02_node_025,size_029_star_02,29,star
size_029_star_02_node_001,size_029_star_02_node_026,size_029_star_02,29,star
size_029_star_02_node_001,size_029_star_02_node_027,size_029_star_02,29,star
size_029_star_02_node_001,size_029_star_02_node_028,size_029_star_02,29,star
size_029_star_02_node_001,size_029_star_02_node_029,size_029_star_02,29,star
size_029_cycle_03_node_001,size_029_cycle_03_node_002,size_029_cycle_03,29,cycle
size_029_cycle_03_node_002,size_029_cycle_03_node_003,size_029_cycle_03,29,cycle
size_029_cycle_03_node_003,size_029_cycle_03_node_004,size_029_cycle_03,29,cycle
size_029_cycle_03_node_004,size_029_cycle_03_node_005,size_029_cycle_03,29,cycle
size_029_cycle_03_node_005,size_029_cycle_03_node_006,size_029_cycle_03,29,cycle
size_029_cycle_03_node_006,size_029_cycle_03_node_007,size_029_cycle_03,29,cycle
size_029_cycle_03_node_007,size_029_cycle_03_node_008,size_029_cycle_03,29,cycle
size_029_cycle_03_node_008,size_029_cycle_03_node_009,size_029_cycle_03,29,cycle
size_029_cycle_03_node_009,size_029_cycle_03_node_010,size_029_cycle_03,29,cycle
size_029_cycle_03_node_010,size_029_cycle_03_node_011,size_029_cycle_03,29,cycle
size_029_cycle_03_node_011,size_029_cycle_03_node_012,size_029_cycle_03,29,cycle
size_029_cycle_03_node_012,size_029_cycle_03_node_013,size_029_cycle_03,29,cycle
size_029_cycle_03_node_013,size_029_cycle_03_node_014,size_029_cycle_03,29,cycle
size_029_cycle_03_node_014,size_029_cycle_03_node_015,size_029_cycle_03,29,cycle
size_029_cycle_03_node_015,size_029_cycle_03_node_016,size_029_cycle_03,29,cycle
size_029_cycle_03_node_016,size_029_cycle_03_node_017,size_029_cycle_03,29,cycle
size_029_cycle_03_node_017,size_029_cycle_03_node_018,size_029_cycle_03,29,cycle
size_029_cycle_03_node_018,size_029_cycle_03_node_019,size_029_cycle_03,29,cycle
size_029_cycle_03_node_019,size_029_cycle_03_node_020,size_029_cycle_03,29,cycle
size_029_cycle_03_node_020,size_029_cycle_03_node_021,size_029_cycle_03,29,cycle
size_029_cycle_03_node_021,size_029_cycle_03_node_022,size_029_cycle_03,29,cycle
size_029_cycle_03_node_022,size_029_cycle_03_node_023,size_029_cycle_03,29,cycle
size_029_cycle_03_node_023,size_029_cycle_03_node_024,size_029_cycle_03,29,cycle
size_029_cycle_03_node_024,size_029_cycle_03_node_025,size_029_cycle_03,29,cycle
size_029_cycle_03_node_025,size_029_cycle_03_node_026,size_029_cycle_03,29,cycle
size_029_cycle_03_node_026,size_029_cycle_03_node_027,size_029_cycle_03,29,cycle
size_029_cycle_03_node_027,size_029_cycle_03_node_028,size_029_cycle_03,29,cycle
size_029_cycle_03_node_028,size_029_cycle_03_node_029,size_029_cycle_03,29,cycle
size_029_cycle_03_node_029,size_029_cycle_03_node_001,size_029_cycle_03,29,cycle
size_029_binary_tree_04_node_001,size_029_binary_tree_04_node_002,size_029_binary_tree_04,29,binary_tree
size_029_binary_tree_04_node_001,size_029_binary_tree_04_node_003,size_029_binary_tree_04,29,binary_tree
size_029_binary_tree_04_node_002,size_029_binary_tree_04_node_004,size_029_binary_tree_04,29,binary_tree
size_029_binary_tree_04_node_002,size_029_binary_tree_04_node_005,size_029_binary_tree_04,29,binary_tree
size_029_binary_tree_04_node_003,size_029_binary_tree_04_node_006,size_029_binary_tree_04,29,binary_tree
size_029_binary_tree_04_node_003,size_029_binary_tree_04_node_007,size_029_binary_tree_04,29,binary_tree
size_029_binary_tree_04_node_004,size_029_binary_tree_04_node_008,size_029_binary_tree_04,29,binary_tree
size_029_binary_tree_04_node_004,size_029_binary_tree_04_node_009,size_029_binary_tree_04,29,binary_tree
size_029_binary_tree_04_node_005,size_029_binary_tree_04_node_010,size_029_binary_tree_04,29,binary_tree
size_029_binary_tree_04_node_005,size_029_binary_tree_04_node_011,size_029_binary_tree_04,29,binary_tree
size_029_binary_tree_04_node_006,size_029_binary_tree_04_node_012,size_029_binary_tree_04,29,binary_tree
size_029_binary_tree_04_node_006,size_029_binary_tree_04_node_013,size_029_binary_tree_04,29,binary_tree
size_029_binary_tree_04_node_007,size_029_binary_tree_04_node_014,size_029_binary_tree_04,29,binary_tree
size_029_binary_tree_04_node_007,size_029_binary_tree_04_node_015,size_029_binary_tree_04,29,binary_tree
size_029_binary_tree_04_node_008,size_029_binary_tree_04_node_016,size_029_binary_tree_04,29,binary_tree
size_029_binary_tree_04_node_008,size_029_binary_tree_04_node_017,size_029_binary_tree_04,29,binary_tree
size_029_binary_tree_04_node_009,size_029_binary_tree_04_node_018,size_029_binary_tree_04,29,binary_tree
size_029_binary_tree_04_node_009,size_029_binary_tree_04_node_019,size_029_binary_tree_04,29,binary_tree
size_029_binary_tree_04_node_010,size_029_binary_tree_04_node_020,size_029_binary_tree_04,29,binary_tree
size_029_binary_tree_04_node_010,size_029_binary_tree_04_node_021,size_029_binary_tree_04,29,binary_tree
size_029_binary_tree_04_node_011,size_029_binary_tree_04_node_022,size_029_binary_tree_04,29,binary_tree
size_029_binary_tree_04_node_011,size_029_binary_tree_04_node_023,size_029_binary_tree_04,29,binary_tree
size_029_binary_tree_04_node_012,size_029_binary_tree_04_node_024,size_029_binary_tree_04,29,binary_tree
size_029_binary_tree_04_node_012,size_029_binary_tree_04_node_025,size_029_binary_tree_04,29,binary_tree
size_029_binary_tree_04_node_013,size_029_binary_tree_04_node_026,size_029_binary_tree_04,29,binary_tree
size_029_binary_tree_04_node_013,size_029_binary_tree_04_node_027,size_029_binary_tree_04,29,binary_tree
size_029_binary_tree_04_node_014,size_029_binary_tree_04_node_028,size_029_binary_tree_04,29,binary_tree
size_029_binary_tree_04_node_014,size_029_binary_tree_04_node_029,size_029_binary_tree_04,29,binary_tree
size_030_chain_01_node_001,size_030_chain_01_node_002,size_030_chain_01,30,chain
size_030_chain_01_node_002,size_030_chain_01_node_003,size_030_chain_01,30,chain
size_030_chain_01_node_003,size_030_chain_01_node_004,size_030_chain_01,30,chain
size_030_chain_01_node_004,size_030_chain_01_node_005,size_030_chain_01,30,chain
size_030_chain_01_node_005,size_030_chain_01_node_006,size_030_chain_01,30,chain
size_030_chain_01_node_006,size_030_chain_01_node_007,size_030_chain_01,30,chain
size_030_chain_01_node_007,size_030_chain_01_node_008,size_030_chain_01,30,chain
size_030_chain_01_node_008,size_030_chain_01_node_009,size_030_chain_01,30,chain
size_030_chain_01_node_009,size_030_chain_01_node_010,size_030_chain_01,30,chain
size_030_chain_01_node_010,size_030_chain_01_node_011,size_030_chain_01,30,chain
size_030_chain_01_node_011,size_030_chain_01_node_012,size_030_chain_01,30,chain
size_030_chain_01_node_012,size_030_chain_01_node_013,size_030_chain_01,30,chain
size_030_chain_01_node_013,size_030_chain_01_node_014,size_030_chain_01,30,chain
size_030_chain_01_node_014,size_030_chain_01_node_015,size_030_chain_01,30,chain
size_030_chain_01_node_015,size_030_chain_01_node_016,size_030_chain_01,30,chain
size_030_chain_01_node_016,size_030_chain_01_node_017,size_030_chain_01,30,chain
size_030_chain_01_node_017,size_030_chain_01_node_018,size_030_chain_01,30,chain
size_030_chain_01_node_018,size_030_chain_01_node_019,size_030_chain_01,30,chain
size_030_chain_01_node_019,size_030_chain_01_node_020,size_030_chain_01,30,chain
size_030_chain_01_node_020,size_030_chain_01_node_021,size_030_chain_01,30,chain
size_030_chain_01_node_021,size_030_chain_01_node_022,size_030_chain_01,30,chain
size_030_chain_01_node_022,size_030_chain_01_node_023,size_030_chain_01,30,chain
size_030_chain_01_node_023,size_030_chain_01_node_024,size_030_chain_01,30,chain
size_030_chain_01_node_024,size_030_chain_01_node_025,size_030_chain_01,30,chain
size_030_chain_01_node_025,size_030_chain_01_node_026,size_030_chain_01,30,chain
size_030_chain_01_node_026,size_030_chain_01_node_027,size_030_chain_01,30,chain
size_030_chain_01_node_027,size_030_chain_01_node_028,size_030_chain_01,30,chain
size_030_chain_01_node_028,size_030_chain_01_node_029,size_030_chain_01,30,chain
size_030_chain_01_node_029,size_030_chain_01_node_030,size_030_chain_01,30,chain
size_030_star_02_node_001,size_030_star_02_node_002,size_030_star_02,30,star
size_030_star_02_node_001,size_030_star_02_node_003,size_030_star_02,30,star
size_030_star_02_node_001,size_030_star_02_node_004,size_030_star_02,30,star
size_030_star_02_node_001,size_030_star_02_node_005,size_030_star_02,30,star
size_030_star_02_node_001,size_030_star_02_node_006,size_030_star_02,30,star
size_030_star_02_node_001,size_030_star_02_node_007,size_030_star_02,30,star
size_030_star_02_node_001,size_030_star_02_node_008,size_030_star_02,30,star
size_030_star_02_node_001,size_030_star_02_node_009,size_030_star_02,30,star
size_030_star_02_node_001,size_030_star_02_node_010,size_030_star_02,30,star
size_030_star_02_node_001,size_030_star_02_node_011,size_030_star_02,30,star
size_030_star_02_node_001,size_030_star_02_node_012,size_030_star_02,30,star
size_030_star_02_node_001,size_030_star_02_node_013,size_030_star_02,30,star
size_030_star_02_node_001,size_030_star_02_node_014,size_030_star_02,30,star
size_030_star_02_node_001,size_030_star_02_node_015,size_030_star_02,30,star
size_030_star_02_node_001,size_030_star_02_node_016,size_030_star_02,30,star
size_030_star_02_node_001,size_030_star_02_node_017,size_030_star_02,30,star
size_030_star_02_node_001,size_030_star_02_node_018,size_030_star_02,30,star
size_030_star_02_node_001,size_030_star_02_node_019,size_030_star_02,30,star
size_030_star_02_node_001,size_030_star_02_node_020,size_030_star_02,30,star
size_030_star_02_node_001,size_030_star_02_node_021,size_030_star_02,30,star
size_030_star_02_node_001,size_030_star_02_node_022,size_030_star_02,30,star
size_030_star_02_node_001,size_030_star_02_node_023,size_030_star_02,30,star
size_030_star_02_node_001,size_030_star_02_node_024,size_030_star_02,30,star
size_030_star_02_node_001,size_030_star_02_node_025,size_030_star_02,30,star
size_030_star_02_node_001,size_030_star_02_node_026,size_030_star_02,30,star
size_030_star_02_node_001,size_030_star_02_node_027,size_030_star_02,30,star
size_030_star_02_node_001,size_030_star_02_node_028,size_030_star_02,30,star
size_030_star_02_node_001,size_030_star_02_node_029,size_030_star_02,30,star
size_030_star_02_node_001,size_030_star_02_node_030,size_030_star_02,30,star
size_030_cycle_03_node_001,size_030_cycle_03_node_002,size_030_cycle_03,30,cycle
size_030_cycle_03_node_002,size_030_cycle_03_node_003,size_030_cycle_03,30,cycle
size_030_cycle_03_node_003,size_030_cycle_03_node_004,size_030_cycle_03,30,cycle
size_030_cycle_03_node_004,size_030_cycle_03_node_005,size_030_cycle_03,30,cycle
size_030_cycle_03_node_005,size_030_cycle_03_node_006,size_030_cycle_03,30,cycle
size_030_cycle_03_node_006,size_030_cycle_03_node_007,size_030_cycle_03,30,cycle
size_030_cycle_03_node_007,size_030_cycle_03_node_008,size_030_cycle_03,30,cycle
size_030_cycle_03_node_008,size_030_cycle_03_node_009,size_030_cycle_03,30,cycle
size_030_cycle_03_node_009,size_030_cycle_03_node_010,size_030_cycle_03,30,cycle
size_030_cycle_03_node_010,size_030_cycle_03_node_011,size_030_cycle_03,30,cycle
size_030_cycle_03_node_011,size_030_cycle_03_node_012,size_030_cycle_03,30,cycle
size_030_cycle_03_node_012,size_030_cycle_03_node_013,size_030_cycle_03,30,cycle
size_030_cycle_03_node_013,size_030_cycle_03_node_014,size_030_cycle_03,30,cycle
size_030_cycle_03_node_014,size_030_cycle_03_node_015,size_030_cycle_03,30,cycle
size_030_cycle_03_node_015,size_030_cycle_03_node_016,size_030_cycle_03,30,cycle
size_030_cycle_03_node_016,size_030_cycle_03_node_017,size_030_cycle_03,30,cycle
size_030_cycle_03_node_017,size_030_cycle_03_node_018,size_030_cycle_03,30,cycle
size_030_cycle_03_node_018,size_030_cycle_03_node_019,size_030_cycle_03,30,cycle
size_030_cycle_03_node_019,size_030_cycle_03_node_020,size_030_cycle_03,30,cycle
size_030_cycle_03_node_020,size_030_cycle_03_node_021,size_030_cycle_03,30,cycle
size_030_cycle_03_node_021,size_030_cycle_03_node_022,size_030_cycle_03,30,cycle
size_030_cycle_03_node_022,size_030_cycle_03_node_023,size_030_cycle_03,30,cycle
size_030_cycle_03_node_023,size_030_cycle_03_node_024,size_030_cycle_03,30,cycle
size_030_cycle_03_node_024,size_030_cycle_03_node_025,size_030_cycle_03,30,cycle
size_030_cycle_03_node_025,size_030_cycle_03_node_026,size_030_cycle_03,30,cycle
size_030_cycle_03_node_026,size_030_cycle_03_node_027,size_030_cycle_03,30,cycle
size_030_cycle_03_node_027,size_030_cycle_03_node_028,size_030_cycle_03,30,cycle
size_030_cycle_03_node_028,size_030_cycle_03_node_029,size_030_cycle_03,30,cycle
size_030_cycle_03_node_029,size_030_cycle_03_node_030,size_030_cycle_03,30,cycle
size_030_cycle_03_node_030,size_030_cycle_03_node_001,size_030_cycle_03,30,cycle
size_030_binary_tree_04_node_001,size_030_binary_tree_04_node_002,size_030_binary_tree_04,30,binary_tree
size_030_binary_tree_04_node_001,size_030_binary_tree_04_node_003,size_030_binary_tree_04,30,binary_tree
size_030_binary_tree_04_node_002,size_030_binary_tree_04_node_004,size_030_binary_tree_04,30,binary_tree
size_030_binary_tree_04_node_002,size_030_binary_tree_04_node_005,size_030_binary_tree_04,30,binary_tree
size_030_binary_tree_04_node_003,size_030_binary_tree_04_node_006,size_030_binary_tree_04,30,binary_tree
size_030_binary_tree_04_node_003,size_030_binary_tree_04_node_007,size_030_binary_tree_04,30,binary_tree
size_030_binary_tree_04_node_004,size_030_binary_tree_04_node_008,size_030_binary_tree_04,30,binary_tree
size_030_binary_tree_04_node_004,size_030_binary_tree_04_node_009,size_030_binary_tree_04,30,binary_tree
size_030_binary_tree_04_node_005,size_030_binary_tree_04_node_010,size_030_binary_tree_04,30,binary_tree
size_030_binary_tree_04_node_005,size_030_binary_tree_04_node_011,size_030_binary_tree_04,30,binary_tree
size_030_binary_tree_04_node_006,size_030_binary_tree_04_node_012,size_030_binary_tree_04,30,binary_tree
size_030_binary_tree_04_node_006,size_030_binary_tree_04_node_013,size_030_binary_tree_04,30,binary_tree
size_030_binary_tree_04_node_007,size_030_binary_tree_04_node_014,size_030_binary_tree_04,30,binary_tree
size_030_binary_tree_04_node_007,size_030_binary_tree_04_node_015,size_030_binary_tree_04,30,binary_tree
size_030_binary_tree_04_node_008,size_030_binary_tree_04_node_016,size_030_binary_tree_04,30,binary_tree
size_030_binary_tree_04_node_008,size_030_binary_tree_04_node_017,size_030_binary_tree_04,30,binary_tree
size_030_binary_tree_04_node_009,size_030_binary_tree_04_node_018,size_030_binary_tree_04,30,binary_tree
size_030_binary_tree_04_node_009,size_030_binary_tree_04_node_019,size_030_binary_tree_04,30,binary_tree
size_030_binary_tree_04_node_010,size_030_binary_tree_04_node_020,size_030_binary_tree_04,30,binary_tree
size_030_binary_tree_04_node_010,size_030_binary_tree_04_node_021,size_030_binary_tree_04,30,binary_tree
size_030_binary_tree_04_node_011,size_030_binary_tree_04_node_022,size_030_binary_tree_04,30,binary_tree
size_030_binary_tree_04_node_011,size_030_binary_tree_04_node_023,size_030_binary_tree_04,30,binary_tree
size_030_binary_tree_04_node_012,size_030_binary_tree_04_node_024,size_030_binary_tree_04,30,binary_tree
size_030_binary_tree_04_node_012,size_030_binary_tree_04_node_025,size_030_binary_tree_04,30,binary_tree
size_030_binary_tree_04_node_013,size_030_binary_tree_04_node_026,size_030_binary_tree_04,30,binary_tree
size_030_binary_tree_04_node_013,size_030_binary_tree_04_node_027,size_030_binary_tree_04,30,binary_tree
size_030_binary_tree_04_node_014,size_030_binary_tree_04_node_028,size_030_binary_tree_04,30,binary_tree
size_030_binary_tree_04_node_014,size_030_binary_tree_04_node_029,size_030_binary_tree_04,30,binary_tree
size_030_binary_tree_04_node_015,size_030_binary_tree_04_node_030,size_030_binary_tree_04,30,binary_tree
size_031_chain_01_node_001,size_031_chain_01_node_002,size_031_chain_01,31,chain
size_031_chain_01_node_002,size_031_chain_01_node_003,size_031_chain_01,31,chain
size_031_chain_01_node_003,size_031_chain_01_node_004,size_031_chain_01,31,chain
size_031_chain_01_node_004,size_031_chain_01_node_005,size_031_chain_01,31,chain
size_031_chain_01_node_005,size_031_chain_01_node_006,size_031_chain_01,31,chain
size_031_chain_01_node_006,size_031_chain_01_node_007,size_031_chain_01,31,chain
size_031_chain_01_node_007,size_031_chain_01_node_008,size_031_chain_01,31,chain
size_031_chain_01_node_008,size_031_chain_01_node_009,size_031_chain_01,31,chain
size_031_chain_01_node_009,size_031_chain_01_node_010,size_031_chain_01,31,chain
size_031_chain_01_node_010,size_031_chain_01_node_011,size_031_chain_01,31,chain
size_031_chain_01_node_011,size_031_chain_01_node_012,size_031_chain_01,31,chain
size_031_chain_01_node_012,size_031_chain_01_node_013,size_031_chain_01,31,chain
size_031_chain_01_node_013,size_031_chain_01_node_014,size_031_chain_01,31,chain
size_031_chain_01_node_014,size_031_chain_01_node_015,size_031_chain_01,31,chain
size_031_chain_01_node_015,size_031_chain_01_node_016,size_031_chain_01,31,chain
size_031_chain_01_node_016,size_031_chain_01_node_017,size_031_chain_01,31,chain
size_031_chain_01_node_017,size_031_chain_01_node_018,size_031_chain_01,31,chain
size_031_chain_01_node_018,size_031_chain_01_node_019,size_031_chain_01,31,chain
size_031_chain_01_node_019,size_031_chain_01_node_020,size_031_chain_01,31,chain
size_031_chain_01_node_020,size_031_chain_01_node_021,size_031_chain_01,31,chain
size_031_chain_01_node_021,size_031_chain_01_node_022,size_031_chain_01,31,chain
size_031_chain_01_node_022,size_031_chain_01_node_023,size_031_chain_01,31,chain
size_031_chain_01_node_023,size_031_chain_01_node_024,size_031_chain_01,31,chain
size_031_chain_01_node_024,size_031_chain_01_node_025,size_031_chain_01,31,chain
size_031_chain_01_node_025,size_031_chain_01_node_026,size_031_chain_01,31,chain
size_031_chain_01_node_026,size_031_chain_01_node_027,size_031_chain_01,31,chain
size_031_chain_01_node_027,size_031_chain_01_node_028,size_031_chain_01,31,chain
size_031_chain_01_node_028,size_031_chain_01_node_029,size_031_chain_01,31,chain
size_031_chain_01_node_029,size_031_chain_01_node_030,size_031_chain_01,31,chain
size_031_chain_01_node_030,size_031_chain_01_node_031,size_031_chain_01,31,chain
size_031_star_02_node_001,size_031_star_02_node_002,size_031_star_02,31,star
size_031_star_02_node_001,size_031_star_02_node_003,size_031_star_02,31,star
size_031_star_02_node_001,size_031_star_02_node_004,size_031_star_02,31,star
size_031_star_02_node_001,size_031_star_02_node_005,size_031_star_02,31,star
size_031_star_02_node_001,size_031_star_02_node_006,size_031_star_02,31,star
size_031_star_02_node_001,size_031_star_02_node_007,size_031_star_02,31,star
size_031_star_02_node_001,size_031_star_02_node_008,size_031_star_02,31,star
size_031_star_02_node_001,size_031_star_02_node_009,size_031_star_02,31,star
size_031_star_02_node_001,size_031_star_02_node_010,size_031_star_02,31,star
size_031_star_02_node_001,size_031_star_02_node_011,size_031_star_02,31,star
size_031_star_02_node_001,size_031_star_02_node_012,size_031_star_02,31,star
size_031_star_02_node_001,size_031_star_02_node_013,size_031_star_02,31,star
size_031_star_02_node_001,size_031_star_02_node_014,size_031_star_02,31,star
size_031_star_02_node_001,size_031_star_02_node_015,size_031_star_02,31,star
size_031_star_02_node_001,size_031_star_02_node_016,size_031_star_02,31,star
size_031_star_02_node_001,size_031_star_02_node_017,size_031_star_02,31,star
size_031_star_02_node_001,size_031_star_02_node_018,size_031_star_02,31,star
size_031_star_02_node_001,size_031_star_02_node_019,size_031_star_02,31,star
size_031_star_02_node_001,size_031_star_02_node_020,size_031_star_02,31,star
size_031_star_02_node_001,size_031_star_02_node_021,size_031_star_02,31,star
size_031_star_02_node_001,size_031_star_02_node_022,size_031_star_02,31,star
size_031_star_02_node_001,size_031_star_02_node_023,size_031_star_02,31,star
size_031_star_02_node_001,size_031_star_02_node_024,size_031_star_02,31,star
size_031_star_02_node_001,size_031_star_02_node_025,size_031_star_02,31,star
size_031_star_02_node_001,size_031_star_02_node_026,size_031_star_02,31,star
size_031_star_02_node_001,size_031_star_02_node_027,size_031_star_02,31,star
size_031_star_02_node_001,size_031_star_02_node_028,size_031_star_02,31,star
size_031_star_02_node_001,size_031_star_02_node_029,size_031_star_02,31,star
size_031_star_02_node_001,size_031_star_02_node_030,size_031_star_02,31,star
size_031_star_02_node_001,size_031_star_02_node_031,size_031_star_02,31,star
size_031_cycle_03_node_001,size_031_cycle_03_node_002,size_031_cycle_03,31,cycle
size_031_cycle_03_node_002,size_031_cycle_03_node_003,size_031_cycle_03,31,cycle
size_031_cycle_03_node_003,size_031_cycle_03_node_004,size_031_cycle_03,31,cycle
size_031_cycle_03_node_004,size_031_cycle_03_node_005,size_031_cycle_03,31,cycle
size_031_cycle_03_node_005,size_031_cycle_03_node_006,size_031_cycle_03,31,cycle
size_031_cycle_03_node_006,size_031_cycle_03_node_007,size_031_cycle_03,31,cycle
size_031_cycle_03_node_007,size_031_cycle_03_node_008,size_031_cycle_03,31,cycle
size_031_cycle_03_node_008,size_031_cycle_03_node_009,size_031_cycle_03,31,cycle
size_031_cycle_03_node_009,size_031_cycle_03_node_010,size_031_cycle_03,31,cycle
size_031_cycle_03_node_010,size_031_cycle_03_node_011,size_031_cycle_03,31,cycle
size_031_cycle_03_node_011,size_031_cycle_03_node_012,size_031_cycle_03,31,cycle
size_031_cycle_03_node_012,size_031_cycle_03_node_013,size_031_cycle_03,31,cycle
size_031_cycle_03_node_013,size_031_cycle_03_node_014,size_031_cycle_03,31,cycle
size_031_cycle_03_node_014,size_031_cycle_03_node_015,size_031_cycle_03,31,cycle
size_031_cycle_03_node_015,size_031_cycle_03_node_016,size_031_cycle_03,31,cycle
size_031_cycle_03_node_016,size_031_cycle_03_node_017,size_031_cycle_03,31,cycle
size_031_cycle_03_node_017,size_031_cycle_03_node_018,size_031_cycle_03,31,cycle
size_031_cycle_03_node_018,size_031_cycle_03_node_019,size_031_cycle_03,31,cycle
size_031_cycle_03_node_019,size_031_cycle_03_node_020,size_031_cycle_03,31,cycle
size_031_cycle_03_node_020,size_031_cycle_03_node_021,size_031_cycle_03,31,cycle
size_031_cycle_03_node_021,size_031_cycle_03_node_022,size_031_cycle_03,31,cycle
size_031_cycle_03_node_022,size_031_cycle_03_node_023,size_031_cycle_03,31,cycle
size_031_cycle_03_node_023,size_031_cycle_03_node_024,size_031_cycle_03,31,cycle
size_031_cycle_03_node_024,size_031_cycle_03_node_025,size_031_cycle_03,31,cycle
size_031_cycle_03_node_025,size_031_cycle_03_node_026,size_031_cycle_03,31,cycle
size_031_cycle_03_node_026,size_031_cycle_03_node_027,size_031_cycle_03,31,cycle
size_031_cycle_03_node_027,size_031_cycle_03_node_028,size_031_cycle_03,31,cycle
size_031_cycle_03_node_028,size_031_cycle_03_node_029,size_031_cycle_03,31,cycle
size_031_cycle_03_node_029,size_031_cycle_03_node_030,size_031_cycle_03,31,cycle
size_031_cycle_03_node_030,size_031_cycle_03_node_031,size_031_cycle_03,31,cycle
size_031_cycle_03_node_031,size_031_cycle_03_node_001,size_031_cycle_03,31,cycle
size_031_binary_tree_04_node_001,size_031_binary_tree_04_node_002,size_031_binary_tree_04,31,binary_tree
size_031_binary_tree_04_node_001,size_031_binary_tree_04_node_003,size_031_binary_tree_04,31,binary_tree
size_031_binary_tree_04_node_002,size_031_binary_tree_04_node_004,size_031_binary_tree_04,31,binary_tree
size_031_binary_tree_04_node_002,size_031_binary_tree_04_node_005,size_031_binary_tree_04,31,binary_tree
size_031_binary_tree_04_node_003,size_031_binary_tree_04_node_006,size_031_binary_tree_04,31,binary_tree
size_031_binary_tree_04_node_003,size_031_binary_tree_04_node_007,size_031_binary_tree_04,31,binary_tree
size_031_binary_tree_04_node_004,size_031_binary_tree_04_node_008,size_031_binary_tree_04,31,binary_tree
size_031_binary_tree_04_node_004,size_031_binary_tree_04_node_009,size_031_binary_tree_04,31,binary_tree
size_031_binary_tree_04_node_005,size_031_binary_tree_04_node_010,size_031_binary_tree_04,31,binary_tree
size_031_binary_tree_04_node_005,size_031_binary_tree_04_node_011,size_031_binary_tree_04,31,binary_tree
size_031_binary_tree_04_node_006,size_031_binary_tree_04_node_012,size_031_binary_tree_04,31,binary_tree
size_031_binary_tree_04_node_006,size_031_binary_tree_04_node_013,size_031_binary_tree_04,31,binary_tree
size_031_binary_tree_04_node_007,size_031_binary_tree_04_node_014,size_031_binary_tree_04,31,binary_tree
size_031_binary_tree_04_node_007,size_031_binary_tree_04_node_015,size_031_binary_tree_04,31,binary_tree
size_031_binary_tree_04_node_008,size_031_binary_tree_04_node_016,size_031_binary_tree_04,31,binary_tree
size_031_binary_tree_04_node_008,size_031_binary_tree_04_node_017,size_031_binary_tree_04,31,binary_tree
size_031_binary_tree_04_node_009,size_031_binary_tree_04_node_018,size_031_binary_tree_04,31,binary_tree
size_031_binary_tree_04_node_009,size_031_binary_tree_04_node_019,size_031_binary_tree_04,31,binary_tree
size_031_binary_tree_04_node_010,size_031_binary_tree_04_node_020,size_031_binary_tree_04,31,binary_tree
size_031_binary_tree_04_node_010,size_031_binary_tree_04_node_021,size_031_binary_tree_04,31,binary_tree
size_031_binary_tree_04_node_011,size_031_binary_tree_04_node_022,size_031_binary_tree_04,31,binary_tree
size_031_binary_tree_04_node_011,size_031_binary_tree_04_node_023,size_031_binary_tree_04,31,binary_tree
size_031_binary_tree_04_node_012,size_031_binary_tree_04_node_024,size_031_binary_tree_04,31,binary_tree
size_031_binary_tree_04_node_012,size_031_binary_tree_04_node_025,size_031_binary_tree_04,31,binary_tree
size_031_binary_tree_04_node_013,size_031_binary_tree_04_node_026,size_031_binary_tree_04,31,binary_tree
size_031_binary_tree_04_node_013,size_031_binary_tree_04_node_027,size_031_binary_tree_04,31,binary_tree
size_031_binary_tree_04_node_014,size_031_binary_tree_04_node_028,size_031_binary_tree_04,31,binary_tree
size_031_binary_tree_04_node_014,size_031_binary_tree_04_node_029,size_031_binary_tree_04,31,binary_tree
size_031_binary_tree_04_node_015,size_031_binary_tree_04_node_030,size_031_binary_tree_04,31,binary_tree
size_031_binary_tree_04_node_015,size_031_binary_tree_04_node_031,size_031_binary_tree_04,31,binary_tree
size_032_chain_01_node_001,size_032_chain_01_node_002,size_032_chain_01,32,chain
size_032_chain_01_node_002,size_032_chain_01_node_003,size_032_chain_01,32,chain
size_032_chain_01_node_003,size_032_chain_01_node_004,size_032_chain_01,32,chain
size_032_chain_01_node_004,size_032_chain_01_node_005,size_032_chain_01,32,chain
size_032_chain_01_node_005,size_032_chain_01_node_006,size_032_chain_01,32,chain
size_032_chain_01_node_006,size_032_chain_01_node_007,size_032_chain_01,32,chain
size_032_chain_01_node_007,size_032_chain_01_node_008,size_032_chain_01,32,chain
size_032_chain_01_node_008,size_032_chain_01_node_009,size_032_chain_01,32,chain
size_032_chain_01_node_009,size_032_chain_01_node_010,size_032_chain_01,32,chain
size_032_chain_01_node_010,size_032_chain_01_node_011,size_032_chain_01,32,chain
size_032_chain_01_node_011,size_032_chain_01_node_012,size_032_chain_01,32,chain
size_032_chain_01_node_012,size_032_chain_01_node_013,size_032_chain_01,32,chain
size_032_chain_01_node_013,size_032_chain_01_node_014,size_032_chain_01,32,chain
size_032_chain_01_node_014,size_032_chain_01_node_015,size_032_chain_01,32,chain
size_032_chain_01_node_015,size_032_chain_01_node_016,size_032_chain_01,32,chain
size_032_chain_01_node_016,size_032_chain_01_node_017,size_032_chain_01,32,chain
size_032_chain_01_node_017,size_032_chain_01_node_018,size_032_chain_01,32,chain
size_032_chain_01_node_018,size_032_chain_01_node_019,size_032_chain_01,32,chain
size_032_chain_01_node_019,size_032_chain_01_node_020,size_032_chain_01,32,chain
size_032_chain_01_node_020,size_032_chain_01_node_021,size_032_chain_01,32,chain
size_032_chain_01_node_021,size_032_chain_01_node_022,size_032_chain_01,32,chain
size_032_chain_01_node_022,size_032_chain_01_node_023,size_032_chain_01,32,chain
size_032_chain_01_node_023,size_032_chain_01_node_024,size_032_chain_01,32,chain
size_032_chain_01_node_024,size_032_chain_01_node_025,size_032_chain_01,32,chain
size_032_chain_01_node_025,size_032_chain_01_node_026,size_032_chain_01,32,chain
size_032_chain_01_node_026,size_032_chain_01_node_027,size_032_chain_01,32,chain
size_032_chain_01_node_027,size_032_chain_01_node_028,size_032_chain_01,32,chain
size_032_chain_01_node_028,size_032_chain_01_node_029,size_032_chain_01,32,chain
size_032_chain_01_node_029,size_032_chain_01_node_030,size_032_chain_01,32,chain
size_032_chain_01_node_030,size_032_chain_01_node_031,size_032_chain_01,32,chain
size_032_chain_01_node_031,size_032_chain_01_node_032,size_032_chain_01,32,chain
size_032_star_02_node_001,size_032_star_02_node_002,size_032_star_02,32,star
size_032_star_02_node_001,size_032_star_02_node_003,size_032_star_02,32,star
size_032_star_02_node_001,size_032_star_02_node_004,size_032_star_02,32,star
size_032_star_02_node_001,size_032_star_02_node_005,size_032_star_02,32,star
size_032_star_02_node_001,size_032_star_02_node_006,size_032_star_02,32,star
size_032_star_02_node_001,size_032_star_02_node_007,size_032_star_02,32,star
size_032_star_02_node_001,size_032_star_02_node_008,size_032_star_02,32,star
size_032_star_02_node_001,size_032_star_02_node_009,size_032_star_02,32,star
size_032_star_02_node_001,size_032_star_02_node_010,size_032_star_02,32,star
size_032_star_02_node_001,size_032_star_02_node_011,size_032_star_02,32,star
size_032_star_02_node_001,size_032_star_02_node_012,size_032_star_02,32,star
size_032_star_02_node_001,size_032_star_02_node_013,size_032_star_02,32,star
size_032_star_02_node_001,size_032_star_02_node_014,size_032_star_02,32,star
size_032_star_02_node_001,size_032_star_02_node_015,size_032_star_02,32,star
size_032_star_02_node_001,size_032_star_02_node_016,size_032_star_02,32,star
size_032_star_02_node_001,size_032_star_02_node_017,size_032_star_02,32,star
size_032_star_02_node_001,size_032_star_02_node_018,size_032_star_02,32,star
size_032_star_02_node_001,size_032_star_02_node_019,size_032_star_02,32,star
size_032_star_02_node_001,size_032_star_02_node_020,size_032_star_02,32,star
size_032_star_02_node_001,size_032_star_02_node_021,size_032_star_02,32,star
size_032_star_02_node_001,size_032_star_02_node_022,size_032_star_02,32,star
size_032_star_02_node_001,size_032_star_02_node_023,size_032_star_02,32,star
size_032_star_02_node_001,size_032_star_02_node_024,size_032_star_02,32,star
size_032_star_02_node_001,size_032_star_02_node_025,size_032_star_02,32,star
size_032_star_02_node_001,size_032_star_02_node_026,size_032_star_02,32,star
size_032_star_02_node_001,size_032_star_02_node_027,size_032_star_02,32,star
size_032_star_02_node_001,size_032_star_02_node_028,size_032_star_02,32,star
size_032_star_02_node_001,size_032_star_02_node_029,size_032_star_02,32,star
size_032_star_02_node_001,size_032_star_02_node_030,size_032_star_02,32,star
size_032_star_02_node_001,size_032_star_02_node_031,size_032_star_02,32,star
size_032_star_02_node_001,size_032_star_02_node_032,size_032_star_02,32,star
size_032_cycle_03_node_001,size_032_cycle_03_node_002,size_032_cycle_03,32,cycle
size_032_cycle_03_node_002,size_032_cycle_03_node_003,size_032_cycle_03,32,cycle
size_032_cycle_03_node_003,size_032_cycle_03_node_004,size_032_cycle_03,32,cycle
size_032_cycle_03_node_004,size_032_cycle_03_node_005,size_032_cycle_03,32,cycle
size_032_cycle_03_node_005,size_032_cycle_03_node_006,size_032_cycle_03,32,cycle
size_032_cycle_03_node_006,size_032_cycle_03_node_007,size_032_cycle_03,32,cycle
size_032_cycle_03_node_007,size_032_cycle_03_node_008,size_032_cycle_03,32,cycle
size_032_cycle_03_node_008,size_032_cycle_03_node_009,size_032_cycle_03,32,cycle
size_032_cycle_03_node_009,size_032_cycle_03_node_010,size_032_cycle_03,32,cycle
size_032_cycle_03_node_010,size_032_cycle_03_node_011,size_032_cycle_03,32,cycle
size_032_cycle_03_node_011,size_032_cycle_03_node_012,size_032_cycle_03,32,cycle
size_032_cycle_03_node_012,size_032_cycle_03_node_013,size_032_cycle_03,32,cycle
size_032_cycle_03_node_013,size_032_cycle_03_node_014,size_032_cycle_03,32,cycle
size_032_cycle_03_node_014,size_032_cycle_03_node_015,size_032_cycle_03,32,cycle
size_032_cycle_03_node_015,size_032_cycle_03_node_016,size_032_cycle_03,32,cycle
size_032_cycle_03_node_016,size_032_cycle_03_node_017,size_032_cycle_03,32,cycle
size_032_cycle_03_node_017,size_032_cycle_03_node_018,size_032_cycle_03,32,cycle
size_032_cycle_03_node_018,size_032_cycle_03_node_019,size_032_cycle_03,32,cycle
size_032_cycle_03_node_019,size_032_cycle_03_node_020,size_032_cycle_03,32,cycle
size_032_cycle_03_node_020,size_032_cycle_03_node_021,size_032_cycle_03,32,cycle
size_032_cycle_03_node_021,size_032_cycle_03_node_022,size_032_cycle_03,32,cycle
size_032_cycle_03_node_022,size_032_cycle_03_node_023,size_032_cycle_03,32,cycle
size_032_cycle_03_node_023,size_032_cycle_03_node_024,size_032_cycle_03,32,cycle
size_032_cycle_03_node_024,size_032_cycle_03_node_025,size_032_cycle_03,32,cycle
size_032_cycle_03_node_025,size_032_cycle_03_node_026,size_032_cycle_03,32,cycle
size_032_cycle_03_node_026,size_032_cycle_03_node_027,size_032_cycle_03,32,cycle
size_032_cycle_03_node_027,size_032_cycle_03_node_028,size_032_cycle_03,32,cycle
size_032_cycle_03_node_028,size_032_cycle_03_node_029,size_032_cycle_03,32,cycle
size_032_cycle_03_node_029,size_032_cycle_03_node_030,size_032_cycle_03,32,cycle
size_032_cycle_03_node_030,size_032_cycle_03_node_031,size_032_cycle_03,32,cycle
size_032_cycle_03_node_031,size_032_cycle_03_node_032,size_032_cycle_03,32,cycle
size_032_cycle_03_node_032,size_032_cycle_03_node_001,size_032_cycle_03,32,cycle
size_032_binary_tree_04_node_001,size_032_binary_tree_04_node_002,size_032_binary_tree_04,32,binary_tree
size_032_binary_tree_04_node_001,size_032_binary_tree_04_node_003,size_032_binary_tree_04,32,binary_tree
size_032_binary_tree_04_node_002,size_032_binary_tree_04_node_004,size_032_binary_tree_04,32,binary_tree
size_032_binary_tree_04_node_002,size_032_binary_tree_04_node_005,size_032_binary_tree_04,32,binary_tree
size_032_binary_tree_04_node_003,size_032_binary_tree_04_node_006,size_032_binary_tree_04,32,binary_tree
size_032_binary_tree_04_node_003,size_032_binary_tree_04_node_007,size_032_binary_tree_04,32,binary_tree
size_032_binary_tree_04_node_004,size_032_binary_tree_04_node_008,size_032_binary_tree_04,32,binary_tree
size_032_binary_tree_04_node_004,size_032_binary_tree_04_node_009,size_032_binary_tree_04,32,binary_tree
size_032_binary_tree_04_node_005,size_032_binary_tree_04_node_010,size_032_binary_tree_04,32,binary_tree
size_032_binary_tree_04_node_005,size_032_binary_tree_04_node_011,size_032_binary_tree_04,32,binary_tree
size_032_binary_tree_04_node_006,size_032_binary_tree_04_node_012,size_032_binary_tree_04,32,binary_tree
size_032_binary_tree_04_node_006,size_032_binary_tree_04_node_013,size_032_binary_tree_04,32,binary_tree
size_032_binary_tree_04_node_007,size_032_binary_tree_04_node_014,size_032_binary_tree_04,32,binary_tree
size_032_binary_tree_04_node_007,size_032_binary_tree_04_node_015,size_032_binary_tree_04,32,binary_tree
size_032_binary_tree_04_node_008,size_032_binary_tree_04_node_016,size_032_binary_tree_04,32,binary_tree
size_032_binary_tree_04_node_008,size_032_binary_tree_04_node_017,size_032_binary_tree_04,32,binary_tree
size_032_binary_tree_04_node_009,size_032_binary_tree_04_node_018,size_032_binary_tree_04,32,binary_tree
size_032_binary_tree_04_node_009,size_032_binary_tree_04_node_019,size_032_binary_tree_04,32,binary_tree
size_032_binary_tree_04_node_010,size_032_binary_tree_04_node_020,size_032_binary_tree_04,32,binary_tree
size_032_binary_tree_04_node_010,size_032_binary_tree_04_node_021,size_032_binary_tree_04,32,binary_tree
size_032_binary_tree_04_node_011,size_032_binary_tree_04_node_022,size_032_binary_tree_04,32,binary_tree
size_032_binary_tree_04_node_011,size_032_binary_tree_04_node_023,size_032_binary_tree_04,32,binary_tree
size_032_binary_tree_04_node_012,size_032_binary_tree_04_node_024,size_032_binary_tree_04,32,binary_tree
size_032_binary_tree_04_node_012,size_032_binary_tree_04_node_025,size_032_binary_tree_04,32,binary_tree
size_032_binary_tree_04_node_013,size_032_binary_tree_04_node_026,size_032_binary_tree_04,32,binary_tree
size_032_binary_tree_04_node_013,size_032_binary_tree_04_node_027,size_032_binary_tree_04,32,binary_tree
size_032_binary_tree_04_node_014,size_032_binary_tree_04_node_028,size_032_binary_tree_04,32,binary_tree
size_032_binary_tree_04_node_014,size_032_binary_tree_04_node_029,size_032_binary_tree_04,32,binary_tree
size_032_binary_tree_04_node_015,size_032_binary_tree_04_node_030,size_032_binary_tree_04,32,binary_tree
size_032_binary_tree_04_node_015,size_032_binary_tree_04_node_031,size_032_binary_tree_04,32,binary_tree
size_032_binary_tree_04_node_016,size_032_binary_tree_04_node_032,size_032_binary_tree_04,32,binary_tree
size_033_chain_01_node_001,size_033_chain_01_node_002,size_033_chain_01,33,chain
size_033_chain_01_node_002,size_033_chain_01_node_003,size_033_chain_01,33,chain
size_033_chain_01_node_003,size_033_chain_01_node_004,size_033_chain_01,33,chain
size_033_chain_01_node_004,size_033_chain_01_node_005,size_033_chain_01,33,chain
size_033_chain_01_node_005,size_033_chain_01_node_006,size_033_chain_01,33,chain
size_033_chain_01_node_006,size_033_chain_01_node_007,size_033_chain_01,33,chain
size_033_chain_01_node_007,size_033_chain_01_node_008,size_033_chain_01,33,chain
size_033_chain_01_node_008,size_033_chain_01_node_009,size_033_chain_01,33,chain
size_033_chain_01_node_009,size_033_chain_01_node_010,size_033_chain_01,33,chain
size_033_chain_01_node_010,size_033_chain_01_node_011,size_033_chain_01,33,chain
size_033_chain_01_node_011,size_033_chain_01_node_012,size_033_chain_01,33,chain
size_033_chain_01_node_012,size_033_chain_01_node_013,size_033_chain_01,33,chain
size_033_chain_01_node_013,size_033_chain_01_node_014,size_033_chain_01,33,chain
size_033_chain_01_node_014,size_033_chain_01_node_015,size_033_chain_01,33,chain
size_033_chain_01_node_015,size_033_chain_01_node_016,size_033_chain_01,33,chain
size_033_chain_01_node_016,size_033_chain_01_node_017,size_033_chain_01,33,chain
size_033_chain_01_node_017,size_033_chain_01_node_018,size_033_chain_01,33,chain
size_033_chain_01_node_018,size_033_chain_01_node_019,size_033_chain_01,33,chain
size_033_chain_01_node_019,size_033_chain_01_node_020,size_033_chain_01,33,chain
size_033_chain_01_node_020,size_033_chain_01_node_021,size_033_chain_01,33,chain
size_033_chain_01_node_021,size_033_chain_01_node_022,size_033_chain_01,33,chain
size_033_chain_01_node_022,size_033_chain_01_node_023,size_033_chain_01,33,chain
size_033_chain_01_node_023,size_033_chain_01_node_024,size_033_chain_01,33,chain
size_033_chain_01_node_024,size_033_chain_01_node_025,size_033_chain_01,33,chain
size_033_chain_01_node_025,size_033_chain_01_node_026,size_033_chain_01,33,chain
size_033_chain_01_node_026,size_033_chain_01_node_027,size_033_chain_01,33,chain
size_033_chain_01_node_027,size_033_chain_01_node_028,size_033_chain_01,33,chain
size_033_chain_01_node_028,size_033_chain_01_node_029,size_033_chain_01,33,chain
size_033_chain_01_node_029,size_033_chain_01_node_030,size_033_chain_01,33,chain
size_033_chain_01_node_030,size_033_chain_01_node_031,size_033_chain_01,33,chain
size_033_chain_01_node_031,size_033_chain_01_node_032,size_033_chain_01,33,chain
size_033_chain_01_node_032,size_033_chain_01_node_033,size_033_chain_01,33,chain
size_033_star_02_node_001,size_033_star_02_node_002,size_033_star_02,33,star
size_033_star_02_node_001,size_033_star_02_node_003,size_033_star_02,33,star
size_033_star_02_node_001,size_033_star_02_node_004,size_033_star_02,33,star
size_033_star_02_node_001,size_033_star_02_node_005,size_033_star_02,33,star
size_033_star_02_node_001,size_033_star_02_node_006,size_033_star_02,33,star
size_033_star_02_node_001,size_033_star_02_node_007,size_033_star_02,33,star
size_033_star_02_node_001,size_033_star_02_node_008,size_033_star_02,33,star
size_033_star_02_node_001,size_033_star_02_node_009,size_033_star_02,33,star
size_033_star_02_node_001,size_033_star_02_node_010,size_033_star_02,33,star
size_033_star_02_node_001,size_033_star_02_node_011,size_033_star_02,33,star
size_033_star_02_node_001,size_033_star_02_node_012,size_033_star_02,33,star
size_033_star_02_node_001,size_033_star_02_node_013,size_033_star_02,33,star
size_033_star_02_node_001,size_033_star_02_node_014,size_033_star_02,33,star
size_033_star_02_node_001,size_033_star_02_node_015,size_033_star_02,33,star
size_033_star_02_node_001,size_033_star_02_node_016,size_033_star_02,33,star
size_033_star_02_node_001,size_033_star_02_node_017,size_033_star_02,33,star
size_033_star_02_node_001,size_033_star_02_node_018,size_033_star_02,33,star
size_033_star_02_node_001,size_033_star_02_node_019,size_033_star_02,33,star
size_033_star_02_node_001,size_033_star_02_node_020,size_033_star_02,33,star
size_033_star_02_node_001,size_033_star_02_node_021,size_033_star_02,33,star
size_033_star_02_node_001,size_033_star_02_node_022,size_033_star_02,33,star
size_033_star_02_node_001,size_033_star_02_node_023,size_033_star_02,33,star
size_033_star_02_node_001,size_033_star_02_node_024,size_033_star_02,33,star
size_033_star_02_node_001,size_033_star_02_node_025,size_033_star_02,33,star
size_033_star_02_node_001,size_033_star_02_node_026,size_033_star_02,33,star
size_033_star_02_node_001,size_033_star_02_node_027,size_033_star_02,33,star
size_033_star_02_node_001,size_033_star_02_node_028,size_033_star_02,33,star
size_033_star_02_node_001,size_033_star_02_node_029,size_033_star_02,33,star
size_033_star_02_node_001,size_033_star_02_node_030,size_033_star_02,33,star
size_033_star_02_node_001,size_033_star_02_node_031,size_033_star_02,33,star
size_033_star_02_node_001,size_033_star_02_node_032,size_033_star_02,33,star
size_033_star_02_node_001,size_033_star_02_node_033,size_033_star_02,33,star
size_033_cycle_03_node_001,size_033_cycle_03_node_002,size_033_cycle_03,33,cycle
size_033_cycle_03_node_002,size_033_cycle_03_node_003,size_033_cycle_03,33,cycle
size_033_cycle_03_node_003,size_033_cycle_03_node_004,size_033_cycle_03,33,cycle
size_033_cycle_03_node_004,size_033_cycle_03_node_005,size_033_cycle_03,33,cycle
size_033_cycle_03_node_005,size_033_cycle_03_node_006,size_033_cycle_03,33,cycle
size_033_cycle_03_node_006,size_033_cycle_03_node_007,size_033_cycle_03,33,cycle
size_033_cycle_03_node_007,size_033_cycle_03_node_008,size_033_cycle_03,33,cycle
size_033_cycle_03_node_008,size_033_cycle_03_node_009,size_033_cycle_03,33,cycle
size_033_cycle_03_node_009,size_033_cycle_03_node_010,size_033_cycle_03,33,cycle
size_033_cycle_03_node_010,size_033_cycle_03_node_011,size_033_cycle_03,33,cycle
size_033_cycle_03_node_011,size_033_cycle_03_node_012,size_033_cycle_03,33,cycle
size_033_cycle_03_node_012,size_033_cycle_03_node_013,size_033_cycle_03,33,cycle
size_033_cycle_03_node_013,size_033_cycle_03_node_014,size_033_cycle_03,33,cycle
size_033_cycle_03_node_014,size_033_cycle_03_node_015,size_033_cycle_03,33,cycle
size_033_cycle_03_node_015,size_033_cycle_03_node_016,size_033_cycle_03,33,cycle
size_033_cycle_03_node_016,size_033_cycle_03_node_017,size_033_cycle_03,33,cycle
size_033_cycle_03_node_017,size_033_cycle_03_node_018,size_033_cycle_03,33,cycle
size_033_cycle_03_node_018,size_033_cycle_03_node_019,size_033_cycle_03,33,cycle
size_033_cycle_03_node_019,size_033_cycle_03_node_020,size_033_cycle_03,33,cycle
size_033_cycle_03_node_020,size_033_cycle_03_node_021,size_033_cycle_03,33,cycle
size_033_cycle_03_node_021,size_033_cycle_03_node_022,size_033_cycle_03,33,cycle
size_033_cycle_03_node_022,size_033_cycle_03_node_023,size_033_cycle_03,33,cycle
size_033_cycle_03_node_023,size_033_cycle_03_node_024,size_033_cycle_03,33,cycle
size_033_cycle_03_node_024,size_033_cycle_03_node_025,size_033_cycle_03,33,cycle
size_033_cycle_03_node_025,size_033_cycle_03_node_026,size_033_cycle_03,33,cycle
size_033_cycle_03_node_026,size_033_cycle_03_node_027,size_033_cycle_03,33,cycle
size_033_cycle_03_node_027,size_033_cycle_03_node_028,size_033_cycle_03,33,cycle
size_033_cycle_03_node_028,size_033_cycle_03_node_029,size_033_cycle_03,33,cycle
size_033_cycle_03_node_029,size_033_cycle_03_node_030,size_033_cycle_03,33,cycle
size_033_cycle_03_node_030,size_033_cycle_03_node_031,size_033_cycle_03,33,cycle
size_033_cycle_03_node_031,size_033_cycle_03_node_032,size_033_cycle_03,33,cycle
size_033_cycle_03_node_032,size_033_cycle_03_node_033,size_033_cycle_03,33,cycle
size_033_cycle_03_node_033,size_033_cycle_03_node_001,size_033_cycle_03,33,cycle
size_033_binary_tree_04_node_001,size_033_binary_tree_04_node_002,size_033_binary_tree_04,33,binary_tree
size_033_binary_tree_04_node_001,size_033_binary_tree_04_node_003,size_033_binary_tree_04,33,binary_tree
size_033_binary_tree_04_node_002,size_033_binary_tree_04_node_004,size_033_binary_tree_04,33,binary_tree
size_033_binary_tree_04_node_002,size_033_binary_tree_04_node_005,size_033_binary_tree_04,33,binary_tree
size_033_binary_tree_04_node_003,size_033_binary_tree_04_node_006,size_033_binary_tree_04,33,binary_tree
size_033_binary_tree_04_node_003,size_033_binary_tree_04_node_007,size_033_binary_tree_04,33,binary_tree
size_033_binary_tree_04_node_004,size_033_binary_tree_04_node_008,size_033_binary_tree_04,33,binary_tree
size_033_binary_tree_04_node_004,size_033_binary_tree_04_node_009,size_033_binary_tree_04,33,binary_tree
size_033_binary_tree_04_node_005,size_033_binary_tree_04_node_010,size_033_binary_tree_04,33,binary_tree
size_033_binary_tree_04_node_005,size_033_binary_tree_04_node_011,size_033_binary_tree_04,33,binary_tree
size_033_binary_tree_04_node_006,size_033_binary_tree_04_node_012,size_033_binary_tree_04,33,binary_tree
size_033_binary_tree_04_node_006,size_033_binary_tree_04_node_013,size_033_binary_tree_04,33,binary_tree
size_033_binary_tree_04_node_007,size_033_binary_tree_04_node_014,size_033_binary_tree_04,33,binary_tree
size_033_binary_tree_04_node_007,size_033_binary_tree_04_node_015,size_033_binary_tree_04,33,binary_tree
size_033_binary_tree_04_node_008,size_033_binary_tree_04_node_016,size_033_binary_tree_04,33,binary_tree
size_033_binary_tree_04_node_008,size_033_binary_tree_04_node_017,size_033_binary_tree_04,33,binary_tree
size_033_binary_tree_04_node_009,size_033_binary_tree_04_node_018,size_033_binary_tree_04,33,binary_tree
size_033_binary_tree_04_node_009,size_033_binary_tree_04_node_019,size_033_binary_tree_04,33,binary_tree
size_033_binary_tree_04_node_010,size_033_binary_tree_04_node_020,size_033_binary_tree_04,33,binary_tree
size_033_binary_tree_04_node_010,size_033_binary_tree_04_node_021,size_033_binary_tree_04,33,binary_tree
size_033_binary_tree_04_node_011,size_033_binary_tree_04_node_022,size_033_binary_tree_04,33,binary_tree
size_033_binary_tree_04_node_011,size_033_binary_tree_04_node_023,size_033_binary_tree_04,33,binary_tree
size_033_binary_tree_04_node_012,size_033_binary_tree_04_node_024,size_033_binary_tree_04,33,binary_tree
size_033_binary_tree_04_node_012,size_033_binary_tree_04_node_025,size_033_binary_tree_04,33,binary_tree
size_033_binary_tree_04_node_013,size_033_binary_tree_04_node_026,size_033_binary_tree_04,33,binary_tree
size_033_binary_tree_04_node_013,size_033_binary_tree_04_node_027,size_033_binary_tree_04,33,binary_tree
size_033_binary_tree_04_node_014,size_033_binary_tree_04_node_028,size_033_binary_tree_04,33,binary_tree
size_033_binary_tree_04_node_014,size_033_binary_tree_04_node_029,size_033_binary_tree_04,33,binary_tree
size_033_binary_tree_04_node_015,size_033_binary_tree_04_node_030,size_033_binary_tree_04,33,binary_tree
size_033_binary_tree_04_node_015,size_033_binary_tree_04_node_031,size_033_binary_tree_04,33,binary_tree
size_033_binary_tree_04_node_016,size_033_binary_tree_04_node_032,size_033_binary_tree_04,33,binary_tree
size_033_binary_tree_04_node_016,size_033_binary_tree_04_node_033,size_033_binary_tree_04,33,binary_tree
size_034_chain_01_node_001,size_034_chain_01_node_002,size_034_chain_01,34,chain
size_034_chain_01_node_002,size_034_chain_01_node_003,size_034_chain_01,34,chain
size_034_chain_01_node_003,size_034_chain_01_node_004,size_034_chain_01,34,chain
size_034_chain_01_node_004,size_034_chain_01_node_005,size_034_chain_01,34,chain
size_034_chain_01_node_005,size_034_chain_01_node_006,size_034_chain_01,34,chain
size_034_chain_01_node_006,size_034_chain_01_node_007,size_034_chain_01,34,chain
size_034_chain_01_node_007,size_034_chain_01_node_008,size_034_chain_01,34,chain
size_034_chain_01_node_008,size_034_chain_01_node_009,size_034_chain_01,34,chain
size_034_chain_01_node_009,size_034_chain_01_node_010,size_034_chain_01,34,chain
size_034_chain_01_node_010,size_034_chain_01_node_011,size_034_chain_01,34,chain
size_034_chain_01_node_011,size_034_chain_01_node_012,size_034_chain_01,34,chain
size_034_chain_01_node_012,size_034_chain_01_node_013,size_034_chain_01,34,chain
size_034_chain_01_node_013,size_034_chain_01_node_014,size_034_chain_01,34,chain
size_034_chain_01_node_014,size_034_chain_01_node_015,size_034_chain_01,34,chain
size_034_chain_01_node_015,size_034_chain_01_node_016,size_034_chain_01,34,chain
size_034_chain_01_node_016,size_034_chain_01_node_017,size_034_chain_01,34,chain
size_034_chain_01_node_017,size_034_chain_01_node_018,size_034_chain_01,34,chain
size_034_chain_01_node_018,size_034_chain_01_node_019,size_034_chain_01,34,chain
size_034_chain_01_node_019,size_034_chain_01_node_020,size_034_chain_01,34,chain
size_034_chain_01_node_020,size_034_chain_01_node_021,size_034_chain_01,34,chain
size_034_chain_01_node_021,size_034_chain_01_node_022,size_034_chain_01,34,chain
size_034_chain_01_node_022,size_034_chain_01_node_023,size_034_chain_01,34,chain
size_034_chain_01_node_023,size_034_chain_01_node_024,size_034_chain_01,34,chain
size_034_chain_01_node_024,size_034_chain_01_node_025,size_034_chain_01,34,chain
size_034_chain_01_node_025,size_034_chain_01_node_026,size_034_chain_01,34,chain
size_034_chain_01_node_026,size_034_chain_01_node_027,size_034_chain_01,34,chain
size_034_chain_01_node_027,size_034_chain_01_node_028,size_034_chain_01,34,chain
size_034_chain_01_node_028,size_034_chain_01_node_029,size_034_chain_01,34,chain
size_034_chain_01_node_029,size_034_chain_01_node_030,size_034_chain_01,34,chain
size_034_chain_01_node_030,size_034_chain_01_node_031,size_034_chain_01,34,chain
size_034_chain_01_node_031,size_034_chain_01_node_032,size_034_chain_01,34,chain
size_034_chain_01_node_032,size_034_chain_01_node_033,size_034_chain_01,34,chain
size_034_chain_01_node_033,size_034_chain_01_node_034,size_034_chain_01,34,chain
size_034_star_02_node_001,size_034_star_02_node_002,size_034_star_02,34,star
size_034_star_02_node_001,size_034_star_02_node_003,size_034_star_02,34,star
size_034_star_02_node_001,size_034_star_02_node_004,size_034_star_02,34,star
size_034_star_02_node_001,size_034_star_02_node_005,size_034_star_02,34,star
size_034_star_02_node_001,size_034_star_02_node_006,size_034_star_02,34,star
size_034_star_02_node_001,size_034_star_02_node_007,size_034_star_02,34,star
size_034_star_02_node_001,size_034_star_02_node_008,size_034_star_02,34,star
size_034_star_02_node_001,size_034_star_02_node_009,size_034_star_02,34,star
size_034_star_02_node_001,size_034_star_02_node_010,size_034_star_02,34,star
size_034_star_02_node_001,size_034_star_02_node_011,size_034_star_02,34,star
size_034_star_02_node_001,size_034_star_02_node_012,size_034_star_02,34,star
size_034_star_02_node_001,size_034_star_02_node_013,size_034_star_02,34,star
size_034_star_02_node_001,size_034_star_02_node_014,size_034_star_02,34,star
size_034_star_02_node_001,size_034_star_02_node_015,size_034_star_02,34,star
size_034_star_02_node_001,size_034_star_02_node_016,size_034_star_02,34,star
size_034_star_02_node_001,size_034_star_02_node_017,size_034_star_02,34,star
size_034_star_02_node_001,size_034_star_02_node_018,size_034_star_02,34,star
size_034_star_02_node_001,size_034_star_02_node_019,size_034_star_02,34,star
size_034_star_02_node_001,size_034_star_02_node_020,size_034_star_02,34,star
size_034_star_02_node_001,size_034_star_02_node_021,size_034_star_02,34,star
size_034_star_02_node_001,size_034_star_02_node_022,size_034_star_02,34,star
size_034_star_02_node_001,size_034_star_02_node_023,size_034_star_02,34,star
size_034_star_02_node_001,size_034_star_02_node_024,size_034_star_02,34,star
size_034_star_02_node_001,size_034_star_02_node_025,size_034_star_02,34,star
size_034_star_02_node_001,size_034_star_02_node_026,size_034_star_02,34,star
size_034_star_02_node_001,size_034_star_02_node_027,size_034_star_02,34,star
size_034_star_02_node_001,size_034_star_02_node_028,size_034_star_02,34,star
size_034_star_02_node_001,size_034_star_02_node_029,size_034_star_02,34,star
size_034_star_02_node_001,size_034_star_02_node_030,size_034_star_02,34,star
size_034_star_02_node_001,size_034_star_02_node_031,size_034_star_02,34,star
size_034_star_02_node_001,size_034_star_02_node_032,size_034_star_02,34,star
size_034_star_02_node_001,size_034_star_02_node_033,size_034_star_02,34,star
size_034_star_02_node_001,size_034_star_02_node_034,size_034_star_02,34,star
size_034_cycle_03_node_001,size_034_cycle_03_node_002,size_034_cycle_03,34,cycle
size_034_cycle_03_node_002,size_034_cycle_03_node_003,size_034_cycle_03,34,cycle
size_034_cycle_03_node_003,size_034_cycle_03_node_004,size_034_cycle_03,34,cycle
size_034_cycle_03_node_004,size_034_cycle_03_node_005,size_034_cycle_03,34,cycle
size_034_cycle_03_node_005,size_034_cycle_03_node_006,size_034_cycle_03,34,cycle
size_034_cycle_03_node_006,size_034_cycle_03_node_007,size_034_cycle_03,34,cycle
size_034_cycle_03_node_007,size_034_cycle_03_node_008,size_034_cycle_03,34,cycle
size_034_cycle_03_node_008,size_034_cycle_03_node_009,size_034_cycle_03,34,cycle
size_034_cycle_03_node_009,size_034_cycle_03_node_010,size_034_cycle_03,34,cycle
size_034_cycle_03_node_010,size_034_cycle_03_node_011,size_034_cycle_03,34,cycle
size_034_cycle_03_node_011,size_034_cycle_03_node_012,size_034_cycle_03,34,cycle
size_034_cycle_03_node_012,size_034_cycle_03_node_013,size_034_cycle_03,34,cycle
size_034_cycle_03_node_013,size_034_cycle_03_node_014,size_034_cycle_03,34,cycle
size_034_cycle_03_node_014,size_034_cycle_03_node_015,size_034_cycle_03,34,cycle
size_034_cycle_03_node_015,size_034_cycle_03_node_016,size_034_cycle_03,34,cycle
size_034_cycle_03_node_016,size_034_cycle_03_node_017,size_034_cycle_03,34,cycle
size_034_cycle_03_node_017,size_034_cycle_03_node_018,size_034_cycle_03,34,cycle
size_034_cycle_03_node_018,size_034_cycle_03_node_019,size_034_cycle_03,34,cycle
size_034_cycle_03_node_019,size_034_cycle_03_node_020,size_034_cycle_03,34,cycle
size_034_cycle_03_node_020,size_034_cycle_03_node_021,size_034_cycle_03,34,cycle
size_034_cycle_03_node_021,size_034_cycle_03_node_022,size_034_cycle_03,34,cycle
size_034_cycle_03_node_022,size_034_cycle_03_node_023,size_034_cycle_03,34,cycle
size_034_cycle_03_node_023,size_034_cycle_03_node_024,size_034_cycle_03,34,cycle
size_034_cycle_03_node_024,size_034_cycle_03_node_025,size_034_cycle_03,34,cycle
size_034_cycle_03_node_025,size_034_cycle_03_node_026,size_034_cycle_03,34,cycle
size_034_cycle_03_node_026,size_034_cycle_03_node_027,size_034_cycle_03,34,cycle
size_034_cycle_03_node_027,size_034_cycle_03_node_028,size_034_cycle_03,34,cycle
size_034_cycle_03_node_028,size_034_cycle_03_node_029,size_034_cycle_03,34,cycle
size_034_cycle_03_node_029,size_034_cycle_03_node_030,size_034_cycle_03,34,cycle
size_034_cycle_03_node_030,size_034_cycle_03_node_031,size_034_cycle_03,34,cycle
size_034_cycle_03_node_031,size_034_cycle_03_node_032,size_034_cycle_03,34,cycle
size_034_cycle_03_node_032,size_034_cycle_03_node_033,size_034_cycle_03,34,cycle
size_034_cycle_03_node_033,size_034_cycle_03_node_034,size_034_cycle_03,34,cycle
size_034_cycle_03_node_034,size_034_cycle_03_node_001,size_034_cycle_03,34,cycle
size_034_binary_tree_04_node_001,size_034_binary_tree_04_node_002,size_034_binary_tree_04,34,binary_tree
size_034_binary_tree_04_node_001,size_034_binary_tree_04_node_003,size_034_binary_tree_04,34,binary_tree
size_034_binary_tree_04_node_002,size_034_binary_tree_04_node_004,size_034_binary_tree_04,34,binary_tree
size_034_binary_tree_04_node_002,size_034_binary_tree_04_node_005,size_034_binary_tree_04,34,binary_tree
size_034_binary_tree_04_node_003,size_034_binary_tree_04_node_006,size_034_binary_tree_04,34,binary_tree
size_034_binary_tree_04_node_003,size_034_binary_tree_04_node_007,size_034_binary_tree_04,34,binary_tree
size_034_binary_tree_04_node_004,size_034_binary_tree_04_node_008,size_034_binary_tree_04,34,binary_tree
size_034_binary_tree_04_node_004,size_034_binary_tree_04_node_009,size_034_binary_tree_04,34,binary_tree
size_034_binary_tree_04_node_005,size_034_binary_tree_04_node_010,size_034_binary_tree_04,34,binary_tree
size_034_binary_tree_04_node_005,size_034_binary_tree_04_node_011,size_034_binary_tree_04,34,binary_tree
size_034_binary_tree_04_node_006,size_034_binary_tree_04_node_012,size_034_binary_tree_04,34,binary_tree
size_034_binary_tree_04_node_006,size_034_binary_tree_04_node_013,size_034_binary_tree_04,34,binary_tree
size_034_binary_tree_04_node_007,size_034_binary_tree_04_node_014,size_034_binary_tree_04,34,binary_tree
size_034_binary_tree_04_node_007,size_034_binary_tree_04_node_015,size_034_binary_tree_04,34,binary_tree
size_034_binary_tree_04_node_008,size_034_binary_tree_04_node_016,size_034_binary_tree_04,34,binary_tree
size_034_binary_tree_04_node_008,size_034_binary_tree_04_node_017,size_034_binary_tree_04,34,binary_tree
size_034_binary_tree_04_node_009,size_034_binary_tree_04_node_018,size_034_binary_tree_04,34,binary_tree
size_034_binary_tree_04_node_009,size_034_binary_tree_04_node_019,size_034_binary_tree_04,34,binary_tree
size_034_binary_tree_04_node_010,size_034_binary_tree_04_node_020,size_034_binary_tree_04,34,binary_tree
size_034_binary_tree_04_node_010,size_034_binary_tree_04_node_021,size_034_binary_tree_04,34,binary_tree
size_034_binary_tree_04_node_011,size_034_binary_tree_04_node_022,size_034_binary_tree_04,34,binary_tree
size_034_binary_tree_04_node_011,size_034_binary_tree_04_node_023,size_034_binary_tree_04,34,binary_tree
size_034_binary_tree_04_node_012,size_034_binary_tree_04_node_024,size_034_binary_tree_04,34,binary_tree
size_034_binary_tree_04_node_012,size_034_binary_tree_04_node_025,size_034_binary_tree_04,34,binary_tree
size_034_binary_tree_04_node_013,size_034_binary_tree_04_node_026,size_034_binary_tree_04,34,binary_tree
size_034_binary_tree_04_node_013,size_034_binary_tree_04_node_027,size_034_binary_tree_04,34,binary_tree
size_034_binary_tree_04_node_014,size_034_binary_tree_04_node_028,size_034_binary_tree_04,34,binary_tree
size_034_binary_tree_04_node_014,size_034_binary_tree_04_node_029,size_034_binary_tree_04,34,binary_tree
size_034_binary_tree_04_node_015,size_034_binary_tree_04_node_030,size_034_binary_tree_04,34,binary_tree
size_034_binary_tree_04_node_015,size_034_binary_tree_04_node_031,size_034_binary_tree_04,34,binary_tree
size_034_binary_tree_04_node_016,size_034_binary_tree_04_node_032,size_034_binary_tree_04,34,binary_tree
size_034_binary_tree_04_node_016,size_034_binary_tree_04_node_033,size_034_binary_tree_04,34,binary_tree
size_034_binary_tree_04_node_017,size_034_binary_tree_04_node_034,size_034_binary_tree_04,34,binary_tree
size_035_chain_01_node_001,size_035_chain_01_node_002,size_035_chain_01,35,chain
size_035_chain_01_node_002,size_035_chain_01_node_003,size_035_chain_01,35,chain
size_035_chain_01_node_003,size_035_chain_01_node_004,size_035_chain_01,35,chain
size_035_chain_01_node_004,size_035_chain_01_node_005,size_035_chain_01,35,chain
size_035_chain_01_node_005,size_035_chain_01_node_006,size_035_chain_01,35,chain
size_035_chain_01_node_006,size_035_chain_01_node_007,size_035_chain_01,35,chain
size_035_chain_01_node_007,size_035_chain_01_node_008,size_035_chain_01,35,chain
size_035_chain_01_node_008,size_035_chain_01_node_009,size_035_chain_01,35,chain
size_035_chain_01_node_009,size_035_chain_01_node_010,size_035_chain_01,35,chain
size_035_chain_01_node_010,size_035_chain_01_node_011,size_035_chain_01,35,chain
size_035_chain_01_node_011,size_035_chain_01_node_012,size_035_chain_01,35,chain
size_035_chain_01_node_012,size_035_chain_01_node_013,size_035_chain_01,35,chain
size_035_chain_01_node_013,size_035_chain_01_node_014,size_035_chain_01,35,chain
size_035_chain_01_node_014,size_035_chain_01_node_015,size_035_chain_01,35,chain
size_035_chain_01_node_015,size_035_chain_01_node_016,size_035_chain_01,35,chain
size_035_chain_01_node_016,size_035_chain_01_node_017,size_035_chain_01,35,chain
size_035_chain_01_node_017,size_035_chain_01_node_018,size_035_chain_01,35,chain
size_035_chain_01_node_018,size_035_chain_01_node_019,size_035_chain_01,35,chain
size_035_chain_01_node_019,size_035_chain_01_node_020,size_035_chain_01,35,chain
size_035_chain_01_node_020,size_035_chain_01_node_021,size_035_chain_01,35,chain
size_035_chain_01_node_021,size_035_chain_01_node_022,size_035_chain_01,35,chain
size_035_chain_01_node_022,size_035_chain_01_node_023,size_035_chain_01,35,chain
size_035_chain_01_node_023,size_035_chain_01_node_024,size_035_chain_01,35,chain
size_035_chain_01_node_024,size_035_chain_01_node_025,size_035_chain_01,35,chain
size_035_chain_01_node_025,size_035_chain_01_node_026,size_035_chain_01,35,chain
size_035_chain_01_node_026,size_035_chain_01_node_027,size_035_chain_01,35,chain
size_035_chain_01_node_027,size_035_chain_01_node_028,size_035_chain_01,35,chain
size_035_chain_01_node_028,size_035_chain_01_node_029,size_035_chain_01,35,chain
size_035_chain_01_node_029,size_035_chain_01_node_030,size_035_chain_01,35,chain
size_035_chain_01_node_030,size_035_chain_01_node_031,size_035_chain_01,35,chain
size_035_chain_01_node_031,size_035_chain_01_node_032,size_035_chain_01,35,chain
size_035_chain_01_node_032,size_035_chain_01_node_033,size_035_chain_01,35,chain
size_035_chain_01_node_033,size_035_chain_01_node_034,size_035_chain_01,35,chain
size_035_chain_01_node_034,size_035_chain_01_node_035,size_035_chain_01,35,chain
size_035_star_02_node_001,size_035_star_02_node_002,size_035_star_02,35,star
size_035_star_02_node_001,size_035_star_02_node_003,size_035_star_02,35,star
size_035_star_02_node_001,size_035_star_02_node_004,size_035_star_02,35,star
size_035_star_02_node_001,size_035_star_02_node_005,size_035_star_02,35,star
size_035_star_02_node_001,size_035_star_02_node_006,size_035_star_02,35,star
size_035_star_02_node_001,size_035_star_02_node_007,size_035_star_02,35,star
size_035_star_02_node_001,size_035_star_02_node_008,size_035_star_02,35,star
size_035_star_02_node_001,size_035_star_02_node_009,size_035_star_02,35,star
size_035_star_02_node_001,size_035_star_02_node_010,size_035_star_02,35,star
size_035_star_02_node_001,size_035_star_02_node_011,size_035_star_02,35,star
size_035_star_02_node_001,size_035_star_02_node_012,size_035_star_02,35,star
size_035_star_02_node_001,size_035_star_02_node_013,size_035_star_02,35,star
size_035_star_02_node_001,size_035_star_02_node_014,size_035_star_02,35,star
size_035_star_02_node_001,size_035_star_02_node_015,size_035_star_02,35,star
size_035_star_02_node_001,size_035_star_02_node_016,size_035_star_02,35,star
size_035_star_02_node_001,size_035_star_02_node_017,size_035_star_02,35,star
size_035_star_02_node_001,size_035_star_02_node_018,size_035_star_02,35,star
size_035_star_02_node_001,size_035_star_02_node_019,size_035_star_02,35,star
size_035_star_02_node_001,size_035_star_02_node_020,size_035_star_02,35,star
size_035_star_02_node_001,size_035_star_02_node_021,size_035_star_02,35,star
size_035_star_02_node_001,size_035_star_02_node_022,size_035_star_02,35,star
size_035_star_02_node_001,size_035_star_02_node_023,size_035_star_02,35,star
size_035_star_02_node_001,size_035_star_02_node_024,size_035_star_02,35,star
size_035_star_02_node_001,size_035_star_02_node_025,size_035_star_02,35,star
size_035_star_02_node_001,size_035_star_02_node_026,size_035_star_02,35,star
size_035_star_02_node_001,size_035_star_02_node_027,size_035_star_02,35,star
size_035_star_02_node_001,size_035_star_02_node_028,size_035_star_02,35,star
size_035_star_02_node_001,size_035_star_02_node_029,size_035_star_02,35,star
size_035_star_02_node_001,size_035_star_02_node_030,size_035_star_02,35,star
size_035_star_02_node_001,size_035_star_02_node_031,size_035_star_02,35,star
size_035_star_02_node_001,size_035_star_02_node_032,size_035_star_02,35,star
size_035_star_02_node_001,size_035_star_02_node_033,size_035_star_02,35,star
size_035_star_02_node_001,size_035_star_02_node_034,size_035_star_02,35,star
size_035_star_02_node_001,size_035_star_02_node_035,size_035_star_02,35,star
size_035_cycle_03_node_001,size_035_cycle_03_node_002,size_035_cycle_03,35,cycle
size_035_cycle_03_node_002,size_035_cycle_03_node_003,size_035_cycle_03,35,cycle
size_035_cycle_03_node_003,size_035_cycle_03_node_004,size_035_cycle_03,35,cycle
size_035_cycle_03_node_004,size_035_cycle_03_node_005,size_035_cycle_03,35,cycle
size_035_cycle_03_node_005,size_035_cycle_03_node_006,size_035_cycle_03,35,cycle
size_035_cycle_03_node_006,size_035_cycle_03_node_007,size_035_cycle_03,35,cycle
size_035_cycle_03_node_007,size_035_cycle_03_node_008,size_035_cycle_03,35,cycle
size_035_cycle_03_node_008,size_035_cycle_03_node_009,size_035_cycle_03,35,cycle
size_035_cycle_03_node_009,size_035_cycle_03_node_010,size_035_cycle_03,35,cycle
size_035_cycle_03_node_010,size_035_cycle_03_node_011,size_035_cycle_03,35,cycle
size_035_cycle_03_node_011,size_035_cycle_03_node_012,size_035_cycle_03,35,cycle
size_035_cycle_03_node_012,size_035_cycle_03_node_013,size_035_cycle_03,35,cycle
size_035_cycle_03_node_013,size_035_cycle_03_node_014,size_035_cycle_03,35,cycle
size_035_cycle_03_node_014,size_035_cycle_03_node_015,size_035_cycle_03,35,cycle
size_035_cycle_03_node_015,size_035_cycle_03_node_016,size_035_cycle_03,35,cycle
size_035_cycle_03_node_016,size_035_cycle_03_node_017,size_035_cycle_03,35,cycle
size_035_cycle_03_node_017,size_035_cycle_03_node_018,size_035_cycle_03,35,cycle
size_035_cycle_03_node_018,size_035_cycle_03_node_019,size_035_cycle_03,35,cycle
size_035_cycle_03_node_019,size_035_cycle_03_node_020,size_035_cycle_03,35,cycle
size_035_cycle_03_node_020,size_035_cycle_03_node_021,size_035_cycle_03,35,cycle
size_035_cycle_03_node_021,size_035_cycle_03_node_022,size_035_cycle_03,35,cycle
size_035_cycle_03_node_022,size_035_cycle_03_node_023,size_035_cycle_03,35,cycle
size_035_cycle_03_node_023,size_035_cycle_03_node_024,size_035_cycle_03,35,cycle
size_035_cycle_03_node_024,size_035_cycle_03_node_025,size_035_cycle_03,35,cycle
size_035_cycle_03_node_025,size_035_cycle_03_node_026,size_035_cycle_03,35,cycle
size_035_cycle_03_node_026,size_035_cycle_03_node_027,size_035_cycle_03,35,cycle
size_035_cycle_03_node_027,size_035_cycle_03_node_028,size_035_cycle_03,35,cycle
size_035_cycle_03_node_028,size_035_cycle_03_node_029,size_035_cycle_03,35,cycle
size_035_cycle_03_node_029,size_035_cycle_03_node_030,size_035_cycle_03,35,cycle
size_035_cycle_03_node_030,size_035_cycle_03_node_031,size_035_cycle_03,35,cycle
size_035_cycle_03_node_031,size_035_cycle_03_node_032,size_035_cycle_03,35,cycle
size_035_cycle_03_node_032,size_035_cycle_03_node_033,size_035_cycle_03,35,cycle
size_035_cycle_03_node_033,size_035_cycle_03_node_034,size_035_cycle_03,35,cycle
size_035_cycle_03_node_034,size_035_cycle_03_node_035,size_035_cycle_03,35,cycle
size_035_cycle_03_node_035,size_035_cycle_03_node_001,size_035_cycle_03,35,cycle
size_035_binary_tree_04_node_001,size_035_binary_tree_04_node_002,size_035_binary_tree_04,35,binary_tree
size_035_binary_tree_04_node_001,size_035_binary_tree_04_node_003,size_035_binary_tree_04,35,binary_tree
size_035_binary_tree_04_node_002,size_035_binary_tree_04_node_004,size_035_binary_tree_04,35,binary_tree
size_035_binary_tree_04_node_002,size_035_binary_tree_04_node_005,size_035_binary_tree_04,35,binary_tree
size_035_binary_tree_04_node_003,size_035_binary_tree_04_node_006,size_035_binary_tree_04,35,binary_tree
size_035_binary_tree_04_node_003,size_035_binary_tree_04_node_007,size_035_binary_tree_04,35,binary_tree
size_035_binary_tree_04_node_004,size_035_binary_tree_04_node_008,size_035_binary_tree_04,35,binary_tree
size_035_binary_tree_04_node_004,size_035_binary_tree_04_node_009,size_035_binary_tree_04,35,binary_tree
size_035_binary_tree_04_node_005,size_035_binary_tree_04_node_010,size_035_binary_tree_04,35,binary_tree
size_035_binary_tree_04_node_005,size_035_binary_tree_04_node_011,size_035_binary_tree_04,35,binary_tree
size_035_binary_tree_04_node_006,size_035_binary_tree_04_node_012,size_035_binary_tree_04,35,binary_tree
size_035_binary_tree_04_node_006,size_035_binary_tree_04_node_013,size_035_binary_tree_04,35,binary_tree
size_035_binary_tree_04_node_007,size_035_binary_tree_04_node_014,size_035_binary_tree_04,35,binary_tree
size_035_binary_tree_04_node_007,size_035_binary_tree_04_node_015,size_035_binary_tree_04,35,binary_tree
size_035_binary_tree_04_node_008,size_035_binary_tree_04_node_016,size_035_binary_tree_04,35,binary_tree
size_035_binary_tree_04_node_008,size_035_binary_tree_04_node_017,size_035_binary_tree_04,35,binary_tree
size_035_binary_tree_04_node_009,size_035_binary_tree_04_node_018,size_035_binary_tree_04,35,binary_tree
size_035_binary_tree_04_node_009,size_035_binary_tree_04_node_019,size_035_binary_tree_04,35,binary_tree
size_035_binary_tree_04_node_010,size_035_binary_tree_04_node_020,size_035_binary_tree_04,35,binary_tree
size_035_binary_tree_04_node_010,size_035_binary_tree_04_node_021,size_035_binary_tree_04,35,binary_tree
size_035_binary_tree_04_node_011,size_035_binary_tree_04_node_022,size_035_binary_tree_04,35,binary_tree
size_035_binary_tree_04_node_011,size_035_binary_tree_04_node_023,size_035_binary_tree_04,35,binary_tree
size_035_binary_tree_04_node_012,size_035_binary_tree_04_node_024,size_035_binary_tree_04,35,binary_tree
size_035_binary_tree_04_node_012,size_035_binary_tree_04_node_025,size_035_binary_tree_04,35,binary_tree
size_035_binary_tree_04_node_013,size_035_binary_tree_04_node_026,size_035_binary_tree_04,35,binary_tree
size_035_binary_tree_04_node_013,size_035_binary_tree_04_node_027,size_035_binary_tree_04,35,binary_tree
size_035_binary_tree_04_node_014,size_035_binary_tree_04_node_028,size_035_binary_tree_04,35,binary_tree
size_035_binary_tree_04_node_014,size_035_binary_tree_04_node_029,size_035_binary_tree_04,35,binary_tree
size_035_binary_tree_04_node_015,size_035_binary_tree_04_node_030,size_035_binary_tree_04,35,binary_tree
size_035_binary_tree_04_node_015,size_035_binary_tree_04_node_031,size_035_binary_tree_04,35,binary_tree
size_035_binary_tree_04_node_016,size_035_binary_tree_04_node_032,size_035_binary_tree_04,35,binary_tree
size_035_binary_tree_04_node_016,size_035_binary_tree_04_node_033,size_035_binary_tree_04,35,binary_tree
size_035_binary_tree_04_node_017,size_035_binary_tree_04_node_034,size_035_binary_tree_04,35,binary_tree
size_035_binary_tree_04_node_017,size_035_binary_tree_04_node_035,size_035_binary_tree_04,35,binary_tree
size_036_chain_01_node_001,size_036_chain_01_node_002,size_036_chain_01,36,chain
size_036_chain_01_node_002,size_036_chain_01_node_003,size_036_chain_01,36,chain
size_036_chain_01_node_003,size_036_chain_01_node_004,size_036_chain_01,36,chain
size_036_chain_01_node_004,size_036_chain_01_node_005,size_036_chain_01,36,chain
size_036_chain_01_node_005,size_036_chain_01_node_006,size_036_chain_01,36,chain
size_036_chain_01_node_006,size_036_chain_01_node_007,size_036_chain_01,36,chain
size_036_chain_01_node_007,size_036_chain_01_node_008,size_036_chain_01,36,chain
size_036_chain_01_node_008,size_036_chain_01_node_009,size_036_chain_01,36,chain
size_036_chain_01_node_009,size_036_chain_01_node_010,size_036_chain_01,36,chain
size_036_chain_01_node_010,size_036_chain_01_node_011,size_036_chain_01,36,chain
size_036_chain_01_node_011,size_036_chain_01_node_012,size_036_chain_01,36,chain
size_036_chain_01_node_012,size_036_chain_01_node_013,size_036_chain_01,36,chain
size_036_chain_01_node_013,size_036_chain_01_node_014,size_036_chain_01,36,chain
size_036_chain_01_node_014,size_036_chain_01_node_015,size_036_chain_01,36,chain
size_036_chain_01_node_015,size_036_chain_01_node_016,size_036_chain_01,36,chain
size_036_chain_01_node_016,size_036_chain_01_node_017,size_036_chain_01,36,chain
size_036_chain_01_node_017,size_036_chain_01_node_018,size_036_chain_01,36,chain
size_036_chain_01_node_018,size_036_chain_01_node_019,size_036_chain_01,36,chain
size_036_chain_01_node_019,size_036_chain_01_node_020,size_036_chain_01,36,chain
size_036_chain_01_node_020,size_036_chain_01_node_021,size_036_chain_01,36,chain
size_036_chain_01_node_021,size_036_chain_01_node_022,size_036_chain_01,36,chain
size_036_chain_01_node_022,size_036_chain_01_node_023,size_036_chain_01,36,chain
size_036_chain_01_node_023,size_036_chain_01_node_024,size_036_chain_01,36,chain
size_036_chain_01_node_024,size_036_chain_01_node_025,size_036_chain_01,36,chain
size_036_chain_01_node_025,size_036_chain_01_node_026,size_036_chain_01,36,chain
size_036_chain_01_node_026,size_036_chain_01_node_027,size_036_chain_01,36,chain
size_036_chain_01_node_027,size_036_chain_01_node_028,size_036_chain_01,36,chain
size_036_chain_01_node_028,size_036_chain_01_node_029,size_036_chain_01,36,chain
size_036_chain_01_node_029,size_036_chain_01_node_030,size_036_chain_01,36,chain
size_036_chain_01_node_030,size_036_chain_01_node_031,size_036_chain_01,36,chain
size_036_chain_01_node_031,size_036_chain_01_node_032,size_036_chain_01,36,chain
size_036_chain_01_node_032,size_036_chain_01_node_033,size_036_chain_01,36,chain
size_036_chain_01_node_033,size_036_chain_01_node_034,size_036_chain_01,36,chain
size_036_chain_01_node_034,size_036_chain_01_node_035,size_036_chain_01,36,chain
size_036_chain_01_node_035,size_036_chain_01_node_036,size_036_chain_01,36,chain
size_036_star_02_node_001,size_036_star_02_node_002,size_036_star_02,36,star
size_036_star_02_node_001,size_036_star_02_node_003,size_036_star_02,36,star
size_036_star_02_node_001,size_036_star_02_node_004,size_036_star_02,36,star
size_036_star_02_node_001,size_036_star_02_node_005,size_036_star_02,36,star
size_036_star_02_node_001,size_036_star_02_node_006,size_036_star_02,36,star
size_036_star_02_node_001,size_036_star_02_node_007,size_036_star_02,36,star
size_036_star_02_node_001,size_036_star_02_node_008,size_036_star_02,36,star
size_036_star_02_node_001,size_036_star_02_node_009,size_036_star_02,36,star
size_036_star_02_node_001,size_036_star_02_node_010,size_036_star_02,36,star
size_036_star_02_node_001,size_036_star_02_node_011,size_036_star_02,36,star
size_036_star_02_node_001,size_036_star_02_node_012,size_036_star_02,36,star
size_036_star_02_node_001,size_036_star_02_node_013,size_036_star_02,36,star
size_036_star_02_node_001,size_036_star_02_node_014,size_036_star_02,36,star
size_036_star_02_node_001,size_036_star_02_node_015,size_036_star_02,36,star
size_036_star_02_node_001,size_036_star_02_node_016,size_036_star_02,36,star
size_036_star_02_node_001,size_036_star_02_node_017,size_036_star_02,36,star
size_036_star_02_node_001,size_036_star_02_node_018,size_036_star_02,36,star
size_036_star_02_node_001,size_036_star_02_node_019,size_036_star_02,36,star
size_036_star_02_node_001,size_036_star_02_node_020,size_036_star_02,36,star
size_036_star_02_node_001,size_036_star_02_node_021,size_036_star_02,36,star
size_036_star_02_node_001,size_036_star_02_node_022,size_036_star_02,36,star
size_036_star_02_node_001,size_036_star_02_node_023,size_036_star_02,36,star
size_036_star_02_node_001,size_036_star_02_node_024,size_036_star_02,36,star
size_036_star_02_node_001,size_036_star_02_node_025,size_036_star_02,36,star
size_036_star_02_node_001,size_036_star_02_node_026,size_036_star_02,36,star
size_036_star_02_node_001,size_036_star_02_node_027,size_036_star_02,36,star
size_036_star_02_node_001,size_036_star_02_node_028,size_036_star_02,36,star
size_036_star_02_node_001,size_036_star_02_node_029,size_036_star_02,36,star
size_036_star_02_node_001,size_036_star_02_node_030,size_036_star_02,36,star
size_036_star_02_node_001,size_036_star_02_node_031,size_036_star_02,36,star
size_036_star_02_node_001,size_036_star_02_node_032,size_036_star_02,36,star
size_036_star_02_node_001,size_036_star_02_node_033,size_036_star_02,36,star
size_036_star_02_node_001,size_036_star_02_node_034,size_036_star_02,36,star
size_036_star_02_node_001,size_036_star_02_node_035,size_036_star_02,36,star
size_036_star_02_node_001,size_036_star_02_node_036,size_036_star_02,36,star
size_036_cycle_03_node_001,size_036_cycle_03_node_002,size_036_cycle_03,36,cycle
size_036_cycle_03_node_002,size_036_cycle_03_node_003,size_036_cycle_03,36,cycle
size_036_cycle_03_node_003,size_036_cycle_03_node_004,size_036_cycle_03,36,cycle
size_036_cycle_03_node_004,size_036_cycle_03_node_005,size_036_cycle_03,36,cycle
size_036_cycle_03_node_005,size_036_cycle_03_node_006,size_036_cycle_03,36,cycle
size_036_cycle_03_node_006,size_036_cycle_03_node_007,size_036_cycle_03,36,cycle
size_036_cycle_03_node_007,size_036_cycle_03_node_008,size_036_cycle_03,36,cycle
size_036_cycle_03_node_008,size_036_cycle_03_node_009,size_036_cycle_03,36,cycle
size_036_cycle_03_node_009,size_036_cycle_03_node_010,size_036_cycle_03,36,cycle
size_036_cycle_03_node_010,size_036_cycle_03_node_011,size_036_cycle_03,36,cycle
size_036_cycle_03_node_011,size_036_cycle_03_node_012,size_036_cycle_03,36,cycle
size_036_cycle_03_node_012,size_036_cycle_03_node_013,size_036_cycle_03,36,cycle
size_036_cycle_03_node_013,size_036_cycle_03_node_014,size_036_cycle_03,36,cycle
size_036_cycle_03_node_014,size_036_cycle_03_node_015,size_036_cycle_03,36,cycle
size_036_cycle_03_node_015,size_036_cycle_03_node_016,size_036_cycle_03,36,cycle
size_036_cycle_03_node_016,size_036_cycle_03_node_017,size_036_cycle_03,36,cycle
size_036_cycle_03_node_017,size_036_cycle_03_node_018,size_036_cycle_03,36,cycle
size_036_cycle_03_node_018,size_036_cycle_03_node_019,size_036_cycle_03,36,cycle
size_036_cycle_03_node_019,size_036_cycle_03_node_020,size_036_cycle_03,36,cycle
size_036_cycle_03_node_020,size_036_cycle_03_node_021,size_036_cycle_03,36,cycle
size_036_cycle_03_node_021,size_036_cycle_03_node_022,size_036_cycle_03,36,cycle
size_036_cycle_03_node_022,size_036_cycle_03_node_023,size_036_cycle_03,36,cycle
size_036_cycle_03_node_023,size_036_cycle_03_node_024,size_036_cycle_03,36,cycle
size_036_cycle_03_node_024,size_036_cycle_03_node_025,size_036_cycle_03,36,cycle
size_036_cycle_03_node_025,size_036_cycle_03_node_026,size_036_cycle_03,36,cycle
size_036_cycle_03_node_026,size_036_cycle_03_node_027,size_036_cycle_03,36,cycle
size_036_cycle_03_node_027,size_036_cycle_03_node_028,size_036_cycle_03,36,cycle
size_036_cycle_03_node_028,size_036_cycle_03_node_029,size_036_cycle_03,36,cycle
size_036_cycle_03_node_029,size_036_cycle_03_node_030,size_036_cycle_03,36,cycle
size_036_cycle_03_node_030,size_036_cycle_03_node_031,size_036_cycle_03,36,cycle
size_036_cycle_03_node_031,size_036_cycle_03_node_032,size_036_cycle_03,36,cycle
size_036_cycle_03_node_032,size_036_cycle_03_node_033,size_036_cycle_03,36,cycle
size_036_cycle_03_node_033,size_036_cycle_03_node_034,size_036_cycle_03,36,cycle
size_036_cycle_03_node_034,size_036_cycle_03_node_035,size_036_cycle_03,36,cycle
size_036_cycle_03_node_035,size_036_cycle_03_node_036,size_036_cycle_03,36,cycle
size_036_cycle_03_node_036,size_036_cycle_03_node_001,size_036_cycle_03,36,cycle
size_036_binary_tree_04_node_001,size_036_binary_tree_04_node_002,size_036_binary_tree_04,36,binary_tree
size_036_binary_tree_04_node_001,size_036_binary_tree_04_node_003,size_036_binary_tree_04,36,binary_tree
size_036_binary_tree_04_node_002,size_036_binary_tree_04_node_004,size_036_binary_tree_04,36,binary_tree
size_036_binary_tree_04_node_002,size_036_binary_tree_04_node_005,size_036_binary_tree_04,36,binary_tree
size_036_binary_tree_04_node_003,size_036_binary_tree_04_node_006,size_036_binary_tree_04,36,binary_tree
size_036_binary_tree_04_node_003,size_036_binary_tree_04_node_007,size_036_binary_tree_04,36,binary_tree
size_036_binary_tree_04_node_004,size_036_binary_tree_04_node_008,size_036_binary_tree_04,36,binary_tree
size_036_binary_tree_04_node_004,size_036_binary_tree_04_node_009,size_036_binary_tree_04,36,binary_tree
size_036_binary_tree_04_node_005,size_036_binary_tree_04_node_010,size_036_binary_tree_04,36,binary_tree
size_036_binary_tree_04_node_005,size_036_binary_tree_04_node_011,size_036_binary_tree_04,36,binary_tree
size_036_binary_tree_04_node_006,size_036_binary_tree_04_node_012,size_036_binary_tree_04,36,binary_tree
size_036_binary_tree_04_node_006,size_036_binary_tree_04_node_013,size_036_binary_tree_04,36,binary_tree
size_036_binary_tree_04_node_007,size_036_binary_tree_04_node_014,size_036_binary_tree_04,36,binary_tree
size_036_binary_tree_04_node_007,size_036_binary_tree_04_node_015,size_036_binary_tree_04,36,binary_tree
size_036_binary_tree_04_node_008,size_036_binary_tree_04_node_016,size_036_binary_tree_04,36,binary_tree
size_036_binary_tree_04_node_008,size_036_binary_tree_04_node_017,size_036_binary_tree_04,36,binary_tree
size_036_binary_tree_04_node_009,size_036_binary_tree_04_node_018,size_036_binary_tree_04,36,binary_tree
size_036_binary_tree_04_node_009,size_036_binary_tree_04_node_019,size_036_binary_tree_04,36,binary_tree
size_036_binary_tree_04_node_010,size_036_binary_tree_04_node_020,size_036_binary_tree_04,36,binary_tree
size_036_binary_tree_04_node_010,size_036_binary_tree_04_node_021,size_036_binary_tree_04,36,binary_tree
size_036_binary_tree_04_node_011,size_036_binary_tree_04_node_022,size_036_binary_tree_04,36,binary_tree
size_036_binary_tree_04_node_011,size_036_binary_tree_04_node_023,size_036_binary_tree_04,36,binary_tree
size_036_binary_tree_04_node_012,size_036_binary_tree_04_node_024,size_036_binary_tree_04,36,binary_tree
size_036_binary_tree_04_node_012,size_036_binary_tree_04_node_025,size_036_binary_tree_04,36,binary_tree
size_036_binary_tree_04_node_013,size_036_binary_tree_04_node_026,size_036_binary_tree_04,36,binary_tree
size_036_binary_tree_04_node_013,size_036_binary_tree_04_node_027,size_036_binary_tree_04,36,binary_tree
size_036_binary_tree_04_node_014,size_036_binary_tree_04_node_028,size_036_binary_tree_04,36,binary_tree
size_036_binary_tree_04_node_014,size_036_binary_tree_04_node_029,size_036_binary_tree_04,36,binary_tree
size_036_binary_tree_04_node_015,size_036_binary_tree_04_node_030,size_036_binary_tree_04,36,binary_tree
size_036_binary_tree_04_node_015,size_036_binary_tree_04_node_031,size_036_binary_tree_04,36,binary_tree
size_036_binary_tree_04_node_016,size_036_binary_tree_04_node_032,size_036_binary_tree_04,36,binary_tree
size_036_binary_tree_04_node_016,size_036_binary_tree_04_node_033,size_036_binary_tree_04,36,binary_tree
size_036_binary_tree_04_node_017,size_036_binary_tree_04_node_034,size_036_binary_tree_04,36,binary_tree
size_036_binary_tree_04_node_017,size_036_binary_tree_04_node_035,size_036_binary_tree_04,36,binary_tree
size_036_binary_tree_04_node_018,size_036_binary_tree_04_node_036,size_036_binary_tree_04,36,binary_tree
size_037_chain_01_node_001,size_037_chain_01_node_002,size_037_chain_01,37,chain
size_037_chain_01_node_002,size_037_chain_01_node_003,size_037_chain_01,37,chain
size_037_chain_01_node_003,size_037_chain_01_node_004,size_037_chain_01,37,chain
size_037_chain_01_node_004,size_037_chain_01_node_005,size_037_chain_01,37,chain
size_037_chain_01_node_005,size_037_chain_01_node_006,size_037_chain_01,37,chain
size_037_chain_01_node_006,size_037_chain_01_node_007,size_037_chain_01,37,chain
size_037_chain_01_node_007,size_037_chain_01_node_008,size_037_chain_01,37,chain
size_037_chain_01_node_008,size_037_chain_01_node_009,size_037_chain_01,37,chain
size_037_chain_01_node_009,size_037_chain_01_node_010,size_037_chain_01,37,chain
size_037_chain_01_node_010,size_037_chain_01_node_011,size_037_chain_01,37,chain
size_037_chain_01_node_011,size_037_chain_01_node_012,size_037_chain_01,37,chain
size_037_chain_01_node_012,size_037_chain_01_node_013,size_037_chain_01,37,chain
size_037_chain_01_node_013,size_037_chain_01_node_014,size_037_chain_01,37,chain
size_037_chain_01_node_014,size_037_chain_01_node_015,size_037_chain_01,37,chain
size_037_chain_01_node_015,size_037_chain_01_node_016,size_037_chain_01,37,chain
size_037_chain_01_node_016,size_037_chain_01_node_017,size_037_chain_01,37,chain
size_037_chain_01_node_017,size_037_chain_01_node_018,size_037_chain_01,37,chain
size_037_chain_01_node_018,size_037_chain_01_node_019,size_037_chain_01,37,chain
size_037_chain_01_node_019,size_037_chain_01_node_020,size_037_chain_01,37,chain
size_037_chain_01_node_020,size_037_chain_01_node_021,size_037_chain_01,37,chain
size_037_chain_01_node_021,size_037_chain_01_node_022,size_037_chain_01,37,chain
size_037_chain_01_node_022,size_037_chain_01_node_023,size_037_chain_01,37,chain
size_037_chain_01_node_023,size_037_chain_01_node_024,size_037_chain_01,37,chain
size_037_chain_01_node_024,size_037_chain_01_node_025,size_037_chain_01,37,chain
size_037_chain_01_node_025,size_037_chain_01_node_026,size_037_chain_01,37,chain
size_037_chain_01_node_026,size_037_chain_01_node_027,size_037_chain_01,37,chain
size_037_chain_01_node_027,size_037_chain_01_node_028,size_037_chain_01,37,chain
size_037_chain_01_node_028,size_037_chain_01_node_029,size_037_chain_01,37,chain
size_037_chain_01_node_029,size_037_chain_01_node_030,size_037_chain_01,37,chain
size_037_chain_01_node_030,size_037_chain_01_node_031,size_037_chain_01,37,chain
size_037_chain_01_node_031,size_037_chain_01_node_032,size_037_chain_01,37,chain
size_037_chain_01_node_032,size_037_chain_01_node_033,size_037_chain_01,37,chain
size_037_chain_01_node_033,size_037_chain_01_node_034,size_037_chain_01,37,chain
size_037_chain_01_node_034,size_037_chain_01_node_035,size_037_chain_01,37,chain
size_037_chain_01_node_035,size_037_chain_01_node_036,size_037_chain_01,37,chain
size_037_chain_01_node_036,size_037_chain_01_node_037,size_037_chain_01,37,chain
size_037_star_02_node_001,size_037_star_02_node_002,size_037_star_02,37,star
size_037_star_02_node_001,size_037_star_02_node_003,size_037_star_02,37,star
size_037_star_02_node_001,size_037_star_02_node_004,size_037_star_02,37,star
size_037_star_02_node_001,size_037_star_02_node_005,size_037_star_02,37,star
size_037_star_02_node_001,size_037_star_02_node_006,size_037_star_02,37,star
size_037_star_02_node_001,size_037_star_02_node_007,size_037_star_02,37,star
size_037_star_02_node_001,size_037_star_02_node_008,size_037_star_02,37,star
size_037_star_02_node_001,size_037_star_02_node_009,size_037_star_02,37,star
size_037_star_02_node_001,size_037_star_02_node_010,size_037_star_02,37,star
size_037_star_02_node_001,size_037_star_02_node_011,size_037_star_02,37,star
size_037_star_02_node_001,size_037_star_02_node_012,size_037_star_02,37,star
size_037_star_02_node_001,size_037_star_02_node_013,size_037_star_02,37,star
size_037_star_02_node_001,size_037_star_02_node_014,size_037_star_02,37,star
size_037_star_02_node_001,size_037_star_02_node_015,size_037_star_02,37,star
size_037_star_02_node_001,size_037_star_02_node_016,size_037_star_02,37,star
size_037_star_02_node_001,size_037_star_02_node_017,size_037_star_02,37,star
size_037_star_02_node_001,size_037_star_02_node_018,size_037_star_02,37,star
size_037_star_02_node_001,size_037_star_02_node_019,size_037_star_02,37,star
size_037_star_02_node_001,size_037_star_02_node_020,size_037_star_02,37,star
size_037_star_02_node_001,size_037_star_02_node_021,size_037_star_02,37,star
size_037_star_02_node_001,size_037_star_02_node_022,size_037_star_02,37,star
size_037_star_02_node_001,size_037_star_02_node_023,size_037_star_02,37,star
size_037_star_02_node_001,size_037_star_02_node_024,size_037_star_02,37,star
size_037_star_02_node_001,size_037_star_02_node_025,size_037_star_02,37,star
size_037_star_02_node_001,size_037_star_02_node_026,size_037_star_02,37,star
size_037_star_02_node_001,size_037_star_02_node_027,size_037_star_02,37,star
size_037_star_02_node_001,size_037_star_02_node_028,size_037_star_02,37,star
size_037_star_02_node_001,size_037_star_02_node_029,size_037_star_02,37,star
size_037_star_02_node_001,size_037_star_02_node_030,size_037_star_02,37,star
size_037_star_02_node_001,size_037_star_02_node_031,size_037_star_02,37,star
size_037_star_02_node_001,size_037_star_02_node_032,size_037_star_02,37,star
size_037_star_02_node_001,size_037_star_02_node_033,size_037_star_02,37,star
size_037_star_02_node_001,size_037_star_02_node_034,size_037_star_02,37,star
size_037_star_02_node_001,size_037_star_02_node_035,size_037_star_02,37,star
size_037_star_02_node_001,size_037_star_02_node_036,size_037_star_02,37,star
size_037_star_02_node_001,size_037_star_02_node_037,size_037_star_02,37,star
size_037_cycle_03_node_001,size_037_cycle_03_node_002,size_037_cycle_03,37,cycle
size_037_cycle_03_node_002,size_037_cycle_03_node_003,size_037_cycle_03,37,cycle
size_037_cycle_03_node_003,size_037_cycle_03_node_004,size_037_cycle_03,37,cycle
size_037_cycle_03_node_004,size_037_cycle_03_node_005,size_037_cycle_03,37,cycle
size_037_cycle_03_node_005,size_037_cycle_03_node_006,size_037_cycle_03,37,cycle
size_037_cycle_03_node_006,size_037_cycle_03_node_007,size_037_cycle_03,37,cycle
size_037_cycle_03_node_007,size_037_cycle_03_node_008,size_037_cycle_03,37,cycle
size_037_cycle_03_node_008,size_037_cycle_03_node_009,size_037_cycle_03,37,cycle
size_037_cycle_03_node_009,size_037_cycle_03_node_010,size_037_cycle_03,37,cycle
size_037_cycle_03_node_010,size_037_cycle_03_node_011,size_037_cycle_03,37,cycle
size_037_cycle_03_node_011,size_037_cycle_03_node_012,size_037_cycle_03,37,cycle
size_037_cycle_03_node_012,size_037_cycle_03_node_013,size_037_cycle_03,37,cycle
size_037_cycle_03_node_013,size_037_cycle_03_node_014,size_037_cycle_03,37,cycle
size_037_cycle_03_node_014,size_037_cycle_03_node_015,size_037_cycle_03,37,cycle
size_037_cycle_03_node_015,size_037_cycle_03_node_016,size_037_cycle_03,37,cycle
size_037_cycle_03_node_016,size_037_cycle_03_node_017,size_037_cycle_03,37,cycle
size_037_cycle_03_node_017,size_037_cycle_03_node_018,size_037_cycle_03,37,cycle
size_037_cycle_03_node_018,size_037_cycle_03_node_019,size_037_cycle_03,37,cycle
size_037_cycle_03_node_019,size_037_cycle_03_node_020,size_037_cycle_03,37,cycle
size_037_cycle_03_node_020,size_037_cycle_03_node_021,size_037_cycle_03,37,cycle
size_037_cycle_03_node_021,size_037_cycle_03_node_022,size_037_cycle_03,37,cycle
size_037_cycle_03_node_022,size_037_cycle_03_node_023,size_037_cycle_03,37,cycle
size_037_cycle_03_node_023,size_037_cycle_03_node_024,size_037_cycle_03,37,cycle
size_037_cycle_03_node_024,size_037_cycle_03_node_025,size_037_cycle_03,37,cycle
size_037_cycle_03_node_025,size_037_cycle_03_node_026,size_037_cycle_03,37,cycle
size_037_cycle_03_node_026,size_037_cycle_03_node_027,size_037_cycle_03,37,cycle
size_037_cycle_03_node_027,size_037_cycle_03_node_028,size_037_cycle_03,37,cycle
size_037_cycle_03_node_028,size_037_cycle_03_node_029,size_037_cycle_03,37,cycle
size_037_cycle_03_node_029,size_037_cycle_03_node_030,size_037_cycle_03,37,cycle
size_037_cycle_03_node_030,size_037_cycle_03_node_031,size_037_cycle_03,37,cycle
size_037_cycle_03_node_031,size_037_cycle_03_node_032,size_037_cycle_03,37,cycle
size_037_cycle_03_node_032,size_037_cycle_03_node_033,size_037_cycle_03,37,cycle
size_037_cycle_03_node_033,size_037_cycle_03_node_034,size_037_cycle_03,37,cycle
size_037_cycle_03_node_034,size_037_cycle_03_node_035,size_037_cycle_03,37,cycle
size_037_cycle_03_node_035,size_037_cycle_03_node_036,size_037_cycle_03,37,cycle
size_037_cycle_03_node_036,size_037_cycle_03_node_037,size_037_cycle_03,37,cycle
size_037_cycle_03_node_037,size_037_cycle_03_node_001,size_037_cycle_03,37,cycle
size_037_binary_tree_04_node_001,size_037_binary_tree_04_node_002,size_037_binary_tree_04,37,binary_tree
size_037_binary_tree_04_node_001,size_037_binary_tree_04_node_003,size_037_binary_tree_04,37,binary_tree
size_037_binary_tree_04_node_002,size_037_binary_tree_04_node_004,size_037_binary_tree_04,37,binary_tree
size_037_binary_tree_04_node_002,size_037_binary_tree_04_node_005,size_037_binary_tree_04,37,binary_tree
size_037_binary_tree_04_node_003,size_037_binary_tree_04_node_006,size_037_binary_tree_04,37,binary_tree
size_037_binary_tree_04_node_003,size_037_binary_tree_04_node_007,size_037_binary_tree_04,37,binary_tree
size_037_binary_tree_04_node_004,size_037_binary_tree_04_node_008,size_037_binary_tree_04,37,binary_tree
size_037_binary_tree_04_node_004,size_037_binary_tree_04_node_009,size_037_binary_tree_04,37,binary_tree
size_037_binary_tree_04_node_005,size_037_binary_tree_04_node_010,size_037_binary_tree_04,37,binary_tree
size_037_binary_tree_04_node_005,size_037_binary_tree_04_node_011,size_037_binary_tree_04,37,binary_tree
size_037_binary_tree_04_node_006,size_037_binary_tree_04_node_012,size_037_binary_tree_04,37,binary_tree
size_037_binary_tree_04_node_006,size_037_binary_tree_04_node_013,size_037_binary_tree_04,37,binary_tree
size_037_binary_tree_04_node_007,size_037_binary_tree_04_node_014,size_037_binary_tree_04,37,binary_tree
size_037_binary_tree_04_node_007,size_037_binary_tree_04_node_015,size_037_binary_tree_04,37,binary_tree
size_037_binary_tree_04_node_008,size_037_binary_tree_04_node_016,size_037_binary_tree_04,37,binary_tree
size_037_binary_tree_04_node_008,size_037_binary_tree_04_node_017,size_037_binary_tree_04,37,binary_tree
size_037_binary_tree_04_node_009,size_037_binary_tree_04_node_018,size_037_binary_tree_04,37,binary_tree
size_037_binary_tree_04_node_009,size_037_binary_tree_04_node_019,size_037_binary_tree_04,37,binary_tree
size_037_binary_tree_04_node_010,size_037_binary_tree_04_node_020,size_037_binary_tree_04,37,binary_tree
size_037_binary_tree_04_node_010,size_037_binary_tree_04_node_021,size_037_binary_tree_04,37,binary_tree
size_037_binary_tree_04_node_011,size_037_binary_tree_04_node_022,size_037_binary_tree_04,37,binary_tree
size_037_binary_tree_04_node_011,size_037_binary_tree_04_node_023,size_037_binary_tree_04,37,binary_tree
size_037_binary_tree_04_node_012,size_037_binary_tree_04_node_024,size_037_binary_tree_04,37,binary_tree
size_037_binary_tree_04_node_012,size_037_binary_tree_04_node_025,size_037_binary_tree_04,37,binary_tree
size_037_binary_tree_04_node_013,size_037_binary_tree_04_node_026,size_037_binary_tree_04,37,binary_tree
size_037_binary_tree_04_node_013,size_037_binary_tree_04_node_027,size_037_binary_tree_04,37,binary_tree
size_037_binary_tree_04_node_014,size_037_binary_tree_04_node_028,size_037_binary_tree_04,37,binary_tree
size_037_binary_tree_04_node_014,size_037_binary_tree_04_node_029,size_037_binary_tree_04,37,binary_tree
size_037_binary_tree_04_node_015,size_037_binary_tree_04_node_030,size_037_binary_tree_04,37,binary_tree
size_037_binary_tree_04_node_015,size_037_binary_tree_04_node_031,size_037_binary_tree_04,37,binary_tree
size_037_binary_tree_04_node_016,size_037_binary_tree_04_node_032,size_037_binary_tree_04,37,binary_tree
size_037_binary_tree_04_node_016,size_037_binary_tree_04_node_033,size_037_binary_tree_04,37,binary_tree
size_037_binary_tree_04_node_017,size_037_binary_tree_04_node_034,size_037_binary_tree_04,37,binary_tree
size_037_binary_tree_04_node_017,size_037_binary_tree_04_node_035,size_037_binary_tree_04,37,binary_tree
size_037_binary_tree_04_node_018,size_037_binary_tree_04_node_036,size_037_binary_tree_04,37,binary_tree
size_037_binary_tree_04_node_018,size_037_binary_tree_04_node_037,size_037_binary_tree_04,37,binary_tree
size_038_chain_01_node_001,size_038_chain_01_node_002,size_038_chain_01,38,chain
size_038_chain_01_node_002,size_038_chain_01_node_003,size_038_chain_01,38,chain
size_038_chain_01_node_003,size_038_chain_01_node_004,size_038_chain_01,38,chain
size_038_chain_01_node_004,size_038_chain_01_node_005,size_038_chain_01,38,chain
size_038_chain_01_node_005,size_038_chain_01_node_006,size_038_chain_01,38,chain
size_038_chain_01_node_006,size_038_chain_01_node_007,size_038_chain_01,38,chain
size_038_chain_01_node_007,size_038_chain_01_node_008,size_038_chain_01,38,chain
size_038_chain_01_node_008,size_038_chain_01_node_009,size_038_chain_01,38,chain
size_038_chain_01_node_009,size_038_chain_01_node_010,size_038_chain_01,38,chain
size_038_chain_01_node_010,size_038_chain_01_node_011,size_038_chain_01,38,chain
size_038_chain_01_node_011,size_038_chain_01_node_012,size_038_chain_01,38,chain
size_038_chain_01_node_012,size_038_chain_01_node_013,size_038_chain_01,38,chain
size_038_chain_01_node_013,size_038_chain_01_node_014,size_038_chain_01,38,chain
size_038_chain_01_node_014,size_038_chain_01_node_015,size_038_chain_01,38,chain
size_038_chain_01_node_015,size_038_chain_01_node_016,size_038_chain_01,38,chain
size_038_chain_01_node_016,size_038_chain_01_node_017,size_038_chain_01,38,chain
size_038_chain_01_node_017,size_038_chain_01_node_018,size_038_chain_01,38,chain
size_038_chain_01_node_018,size_038_chain_01_node_019,size_038_chain_01,38,chain
size_038_chain_01_node_019,size_038_chain_01_node_020,size_038_chain_01,38,chain
size_038_chain_01_node_020,size_038_chain_01_node_021,size_038_chain_01,38,chain
size_038_chain_01_node_021,size_038_chain_01_node_022,size_038_chain_01,38,chain
size_038_chain_01_node_022,size_038_chain_01_node_023,size_038_chain_01,38,chain
size_038_chain_01_node_023,size_038_chain_01_node_024,size_038_chain_01,38,chain
size_038_chain_01_node_024,size_038_chain_01_node_025,size_038_chain_01,38,chain
size_038_chain_01_node_025,size_038_chain_01_node_026,size_038_chain_01,38,chain
size_038_chain_01_node_026,size_038_chain_01_node_027,size_038_chain_01,38,chain
size_038_chain_01_node_027,size_038_chain_01_node_028,size_038_chain_01,38,chain
size_038_chain_01_node_028,size_038_chain_01_node_029,size_038_chain_01,38,chain
size_038_chain_01_node_029,size_038_chain_01_node_030,size_038_chain_01,38,chain
size_038_chain_01_node_030,size_038_chain_01_node_031,size_038_chain_01,38,chain
size_038_chain_01_node_031,size_038_chain_01_node_032,size_038_chain_01,38,chain
size_038_chain_01_node_032,size_038_chain_01_node_033,size_038_chain_01,38,chain
size_038_chain_01_node_033,size_038_chain_01_node_034,size_038_chain_01,38,chain
size_038_chain_01_node_034,size_038_chain_01_node_035,size_038_chain_01,38,chain
size_038_chain_01_node_035,size_038_chain_01_node_036,size_038_chain_01,38,chain
size_038_chain_01_node_036,size_038_chain_01_node_037,size_038_chain_01,38,chain
size_038_chain_01_node_037,size_038_chain_01_node_038,size_038_chain_01,38,chain
size_038_star_02_node_001,size_038_star_02_node_002,size_038_star_02,38,star
size_038_star_02_node_001,size_038_star_02_node_003,size_038_star_02,38,star
size_038_star_02_node_001,size_038_star_02_node_004,size_038_star_02,38,star
size_038_star_02_node_001,size_038_star_02_node_005,size_038_star_02,38,star
size_038_star_02_node_001,size_038_star_02_node_006,size_038_star_02,38,star
size_038_star_02_node_001,size_038_star_02_node_007,size_038_star_02,38,star
size_038_star_02_node_001,size_038_star_02_node_008,size_038_star_02,38,star
size_038_star_02_node_001,size_038_star_02_node_009,size_038_star_02,38,star
size_038_star_02_node_001,size_038_star_02_node_010,size_038_star_02,38,star
size_038_star_02_node_001,size_038_star_02_node_011,size_038_star_02,38,star
size_038_star_02_node_001,size_038_star_02_node_012,size_038_star_02,38,star
size_038_star_02_node_001,size_038_star_02_node_013,size_038_star_02,38,star
size_038_star_02_node_001,size_038_star_02_node_014,size_038_star_02,38,star
size_038_star_02_node_001,size_038_star_02_node_015,size_038_star_02,38,star
size_038_star_02_node_001,size_038_star_02_node_016,size_038_star_02,38,star
size_038_star_02_node_001,size_038_star_02_node_017,size_038_star_02,38,star
size_038_star_02_node_001,size_038_star_02_node_018,size_038_star_02,38,star
size_038_star_02_node_001,size_038_star_02_node_019,size_038_star_02,38,star
size_038_star_02_node_001,size_038_star_02_node_020,size_038_star_02,38,star
size_038_star_02_node_001,size_038_star_02_node_021,size_038_star_02,38,star
size_038_star_02_node_001,size_038_star_02_node_022,size_038_star_02,38,star
size_038_star_02_node_001,size_038_star_02_node_023,size_038_star_02,38,star
size_038_star_02_node_001,size_038_star_02_node_024,size_038_star_02,38,star
size_038_star_02_node_001,size_038_star_02_node_025,size_038_star_02,38,star
size_038_star_02_node_001,size_038_star_02_node_026,size_038_star_02,38,star
size_038_star_02_node_001,size_038_star_02_node_027,size_038_star_02,38,star
size_038_star_02_node_001,size_038_star_02_node_028,size_038_star_02,38,star
size_038_star_02_node_001,size_038_star_02_node_029,size_038_star_02,38,star
size_038_star_02_node_001,size_038_star_02_node_030,size_038_star_02,38,star
size_038_star_02_node_001,size_038_star_02_node_031,size_038_star_02,38,star
size_038_star_02_node_001,size_038_star_02_node_032,size_038_star_02,38,star
size_038_star_02_node_001,size_038_star_02_node_033,size_038_star_02,38,star
size_038_star_02_node_001,size_038_star_02_node_034,size_038_star_02,38,star
size_038_star_02_node_001,size_038_star_02_node_035,size_038_star_02,38,star
size_038_star_02_node_001,size_038_star_02_node_036,size_038_star_02,38,star
size_038_star_02_node_001,size_038_star_02_node_037,size_038_star_02,38,star
size_038_star_02_node_001,size_038_star_02_node_038,size_038_star_02,38,star
size_038_cycle_03_node_001,size_038_cycle_03_node_002,size_038_cycle_03,38,cycle
size_038_cycle_03_node_002,size_038_cycle_03_node_003,size_038_cycle_03,38,cycle
size_038_cycle_03_node_003,size_038_cycle_03_node_004,size_038_cycle_03,38,cycle
size_038_cycle_03_node_004,size_038_cycle_03_node_005,size_038_cycle_03,38,cycle
size_038_cycle_03_node_005,size_038_cycle_03_node_006,size_038_cycle_03,38,cycle
size_038_cycle_03_node_006,size_038_cycle_03_node_007,size_038_cycle_03,38,cycle
size_038_cycle_03_node_007,size_038_cycle_03_node_008,size_038_cycle_03,38,cycle
size_038_cycle_03_node_008,size_038_cycle_03_node_009,size_038_cycle_03,38,cycle
size_038_cycle_03_node_009,size_038_cycle_03_node_010,size_038_cycle_03,38,cycle
size_038_cycle_03_node_010,size_038_cycle_03_node_011,size_038_cycle_03,38,cycle
size_038_cycle_03_node_011,size_038_cycle_03_node_012,size_038_cycle_03,38,cycle
size_038_cycle_03_node_012,size_038_cycle_03_node_013,size_038_cycle_03,38,cycle
size_038_cycle_03_node_013,size_038_cycle_03_node_014,size_038_cycle_03,38,cycle
size_038_cycle_03_node_014,size_038_cycle_03_node_015,size_038_cycle_03,38,cycle
size_038_cycle_03_node_015,size_038_cycle_03_node_016,size_038_cycle_03,38,cycle
size_038_cycle_03_node_016,size_038_cycle_03_node_017,size_038_cycle_03,38,cycle
size_038_cycle_03_node_017,size_038_cycle_03_node_018,size_038_cycle_03,38,cycle
size_038_cycle_03_node_018,size_038_cycle_03_node_019,size_038_cycle_03,38,cycle
size_038_cycle_03_node_019,size_038_cycle_03_node_020,size_038_cycle_03,38,cycle
size_038_cycle_03_node_020,size_038_cycle_03_node_021,size_038_cycle_03,38,cycle
size_038_cycle_03_node_021,size_038_cycle_03_node_022,size_038_cycle_03,38,cycle
size_038_cycle_03_node_022,size_038_cycle_03_node_023,size_038_cycle_03,38,cycle
size_038_cycle_03_node_023,size_038_cycle_03_node_024,size_038_cycle_03,38,cycle
size_038_cycle_03_node_024,size_038_cycle_03_node_025,size_038_cycle_03,38,cycle
size_038_cycle_03_node_025,size_038_cycle_03_node_026,size_038_cycle_03,38,cycle
size_038_cycle_03_node_026,size_038_cycle_03_node_027,size_038_cycle_03,38,cycle
size_038_cycle_03_node_027,size_038_cycle_03_node_028,size_038_cycle_03,38,cycle
size_038_cycle_03_node_028,size_038_cycle_03_node_029,size_038_cycle_03,38,cycle
size_038_cycle_03_node_029,size_038_cycle_03_node_030,size_038_cycle_03,38,cycle
size_038_cycle_03_node_030,size_038_cycle_03_node_031,size_038_cycle_03,38,cycle
size_038_cycle_03_node_031,size_038_cycle_03_node_032,size_038_cycle_03,38,cycle
size_038_cycle_03_node_032,size_038_cycle_03_node_033,size_038_cycle_03,38,cycle
size_038_cycle_03_node_033,size_038_cycle_03_node_034,size_038_cycle_03,38,cycle
size_038_cycle_03_node_034,size_038_cycle_03_node_035,size_038_cycle_03,38,cycle
size_038_cycle_03_node_035,size_038_cycle_03_node_036,size_038_cycle_03,38,cycle
size_038_cycle_03_node_036,size_038_cycle_03_node_037,size_038_cycle_03,38,cycle
size_038_cycle_03_node_037,size_038_cycle_03_node_038,size_038_cycle_03,38,cycle
size_038_cycle_03_node_038,size_038_cycle_03_node_001,size_038_cycle_03,38,cycle
size_038_binary_tree_04_node_001,size_038_binary_tree_04_node_002,size_038_binary_tree_04,38,binary_tree
size_038_binary_tree_04_node_001,size_038_binary_tree_04_node_003,size_038_binary_tree_04,38,binary_tree
size_038_binary_tree_04_node_002,size_038_binary_tree_04_node_004,size_038_binary_tree_04,38,binary_tree
size_038_binary_tree_04_node_002,size_038_binary_tree_04_node_005,size_038_binary_tree_04,38,binary_tree
size_038_binary_tree_04_node_003,size_038_binary_tree_04_node_006,size_038_binary_tree_04,38,binary_tree
size_038_binary_tree_04_node_003,size_038_binary_tree_04_node_007,size_038_binary_tree_04,38,binary_tree
size_038_binary_tree_04_node_004,size_038_binary_tree_04_node_008,size_038_binary_tree_04,38,binary_tree
size_038_binary_tree_04_node_004,size_038_binary_tree_04_node_009,size_038_binary_tree_04,38,binary_tree
size_038_binary_tree_04_node_005,size_038_binary_tree_04_node_010,size_038_binary_tree_04,38,binary_tree
size_038_binary_tree_04_node_005,size_038_binary_tree_04_node_011,size_038_binary_tree_04,38,binary_tree
size_038_binary_tree_04_node_006,size_038_binary_tree_04_node_012,size_038_binary_tree_04,38,binary_tree
size_038_binary_tree_04_node_006,size_038_binary_tree_04_node_013,size_038_binary_tree_04,38,binary_tree
size_038_binary_tree_04_node_007,size_038_binary_tree_04_node_014,size_038_binary_tree_04,38,binary_tree
size_038_binary_tree_04_node_007,size_038_binary_tree_04_node_015,size_038_binary_tree_04,38,binary_tree
size_038_binary_tree_04_node_008,size_038_binary_tree_04_node_016,size_038_binary_tree_04,38,binary_tree
size_038_binary_tree_04_node_008,size_038_binary_tree_04_node_017,size_038_binary_tree_04,38,binary_tree
size_038_binary_tree_04_node_009,size_038_binary_tree_04_node_018,size_038_binary_tree_04,38,binary_tree
size_038_binary_tree_04_node_009,size_038_binary_tree_04_node_019,size_038_binary_tree_04,38,binary_tree
size_038_binary_tree_04_node_010,size_038_binary_tree_04_node_020,size_038_binary_tree_04,38,binary_tree
size_038_binary_tree_04_node_010,size_038_binary_tree_04_node_021,size_038_binary_tree_04,38,binary_tree
size_038_binary_tree_04_node_011,size_038_binary_tree_04_node_022,size_038_binary_tree_04,38,binary_tree
size_038_binary_tree_04_node_011,size_038_binary_tree_04_node_023,size_038_binary_tree_04,38,binary_tree
size_038_binary_tree_04_node_012,size_038_binary_tree_04_node_024,size_038_binary_tree_04,38,binary_tree
size_038_binary_tree_04_node_012,size_038_binary_tree_04_node_025,size_038_binary_tree_04,38,binary_tree
size_038_binary_tree_04_node_013,size_038_binary_tree_04_node_026,size_038_binary_tree_04,38,binary_tree
size_038_binary_tree_04_node_013,size_038_binary_tree_04_node_027,size_038_binary_tree_04,38,binary_tree
size_038_binary_tree_04_node_014,size_038_binary_tree_04_node_028,size_038_binary_tree_04,38,binary_tree
size_038_binary_tree_04_node_014,size_038_binary_tree_04_node_029,size_038_binary_tree_04,38,binary_tree
size_038_binary_tree_04_node_015,size_038_binary_tree_04_node_030,size_038_binary_tree_04,38,binary_tree
size_038_binary_tree_04_node_015,size_038_binary_tree_04_node_031,size_038_binary_tree_04,38,binary_tree
size_038_binary_tree_04_node_016,size_038_binary_tree_04_node_032,size_038_binary_tree_04,38,binary_tree
size_038_binary_tree_04_node_016,size_038_binary_tree_04_node_033,size_038_binary_tree_04,38,binary_tree
size_038_binary_tree_04_node_017,size_038_binary_tree_04_node_034,size_038_binary_tree_04,38,binary_tree
size_038_binary_tree_04_node_017,size_038_binary_tree_04_node_035,size_038_binary_tree_04,38,binary_tree
size_038_binary_tree_04_node_018,size_038_binary_tree_04_node_036,size_038_binary_tree_04,38,binary_tree
size_038_binary_tree_04_node_018,size_038_binary_tree_04_node_037,size_038_binary_tree_04,38,binary_tree
size_038_binary_tree_04_node_019,size_038_binary_tree_04_node_038,size_038_binary_tree_04,38,binary_tree
size_039_chain_01_node_001,size_039_chain_01_node_002,size_039_chain_01,39,chain
size_039_chain_01_node_002,size_039_chain_01_node_003,size_039_chain_01,39,chain
size_039_chain_01_node_003,size_039_chain_01_node_004,size_039_chain_01,39,chain
size_039_chain_01_node_004,size_039_chain_01_node_005,size_039_chain_01,39,chain
size_039_chain_01_node_005,size_039_chain_01_node_006,size_039_chain_01,39,chain
size_039_chain_01_node_006,size_039_chain_01_node_007,size_039_chain_01,39,chain
size_039_chain_01_node_007,size_039_chain_01_node_008,size_039_chain_01,39,chain
size_039_chain_01_node_008,size_039_chain_01_node_009,size_039_chain_01,39,chain
size_039_chain_01_node_009,size_039_chain_01_node_010,size_039_chain_01,39,chain
size_039_chain_01_node_010,size_039_chain_01_node_011,size_039_chain_01,39,chain
size_039_chain_01_node_011,size_039_chain_01_node_012,size_039_chain_01,39,chain
size_039_chain_01_node_012,size_039_chain_01_node_013,size_039_chain_01,39,chain
size_039_chain_01_node_013,size_039_chain_01_node_014,size_039_chain_01,39,chain
size_039_chain_01_node_014,size_039_chain_01_node_015,size_039_chain_01,39,chain
size_039_chain_01_node_015,size_039_chain_01_node_016,size_039_chain_01,39,chain
size_039_chain_01_node_016,size_039_chain_01_node_017,size_039_chain_01,39,chain
size_039_chain_01_node_017,size_039_chain_01_node_018,size_039_chain_01,39,chain
size_039_chain_01_node_018,size_039_chain_01_node_019,size_039_chain_01,39,chain
size_039_chain_01_node_019,size_039_chain_01_node_020,size_039_chain_01,39,chain
size_039_chain_01_node_020,size_039_chain_01_node_021,size_039_chain_01,39,chain
size_039_chain_01_node_021,size_039_chain_01_node_022,size_039_chain_01,39,chain
size_039_chain_01_node_022,size_039_chain_01_node_023,size_039_chain_01,39,chain
size_039_chain_01_node_023,size_039_chain_01_node_024,size_039_chain_01,39,chain
size_039_chain_01_node_024,size_039_chain_01_node_025,size_039_chain_01,39,chain
size_039_chain_01_node_025,size_039_chain_01_node_026,size_039_chain_01,39,chain
size_039_chain_01_node_026,size_039_chain_01_node_027,size_039_chain_01,39,chain
size_039_chain_01_node_027,size_039_chain_01_node_028,size_039_chain_01,39,chain
size_039_chain_01_node_028,size_039_chain_01_node_029,size_039_chain_01,39,chain
size_039_chain_01_node_029,size_039_chain_01_node_030,size_039_chain_01,39,chain
size_039_chain_01_node_030,size_039_chain_01_node_031,size_039_chain_01,39,chain
size_039_chain_01_node_031,size_039_chain_01_node_032,size_039_chain_01,39,chain
size_039_chain_01_node_032,size_039_chain_01_node_033,size_039_chain_01,39,chain
size_039_chain_01_node_033,size_039_chain_01_node_034,size_039_chain_01,39,chain
size_039_chain_01_node_034,size_039_chain_01_node_035,size_039_chain_01,39,chain
size_039_chain_01_node_035,size_039_chain_01_node_036,size_039_chain_01,39,chain
size_039_chain_01_node_036,size_039_chain_01_node_037,size_039_chain_01,39,chain
size_039_chain_01_node_037,size_039_chain_01_node_038,size_039_chain_01,39,chain
size_039_chain_01_node_038,size_039_chain_01_node_039,size_039_chain_01,39,chain
size_039_star_02_node_001,size_039_star_02_node_002,size_039_star_02,39,star
size_039_star_02_node_001,size_039_star_02_node_003,size_039_star_02,39,star
size_039_star_02_node_001,size_039_star_02_node_004,size_039_star_02,39,star
size_039_star_02_node_001,size_039_star_02_node_005,size_039_star_02,39,star
size_039_star_02_node_001,size_039_star_02_node_006,size_039_star_02,39,star
size_039_star_02_node_001,size_039_star_02_node_007,size_039_star_02,39,star
size_039_star_02_node_001,size_039_star_02_node_008,size_039_star_02,39,star
size_039_star_02_node_001,size_039_star_02_node_009,size_039_star_02,39,star
size_039_star_02_node_001,size_039_star_02_node_010,size_039_star_02,39,star
size_039_star_02_node_001,size_039_star_02_node_011,size_039_star_02,39,star
size_039_star_02_node_001,size_039_star_02_node_012,size_039_star_02,39,star
size_039_star_02_node_001,size_039_star_02_node_013,size_039_star_02,39,star
size_039_star_02_node_001,size_039_star_02_node_014,size_039_star_02,39,star
size_039_star_02_node_001,size_039_star_02_node_015,size_039_star_02,39,star
size_039_star_02_node_001,size_039_star_02_node_016,size_039_star_02,39,star
size_039_star_02_node_001,size_039_star_02_node_017,size_039_star_02,39,star
size_039_star_02_node_001,size_039_star_02_node_018,size_039_star_02,39,star
size_039_star_02_node_001,size_039_star_02_node_019,size_039_star_02,39,star
size_039_star_02_node_001,size_039_star_02_node_020,size_039_star_02,39,star
size_039_star_02_node_001,size_039_star_02_node_021,size_039_star_02,39,star
size_039_star_02_node_001,size_039_star_02_node_022,size_039_star_02,39,star
size_039_star_02_node_001,size_039_star_02_node_023,size_039_star_02,39,star
size_039_star_02_node_001,size_039_star_02_node_024,size_039_star_02,39,star
size_039_star_02_node_001,size_039_star_02_node_025,size_039_star_02,39,star
size_039_star_02_node_001,size_039_star_02_node_026,size_039_star_02,39,star
size_039_star_02_node_001,size_039_star_02_node_027,size_039_star_02,39,star
size_039_star_02_node_001,size_039_star_02_node_028,size_039_star_02,39,star
size_039_star_02_node_001,size_039_star_02_node_029,size_039_star_02,39,star
size_039_star_02_node_001,size_039_star_02_node_030,size_039_star_02,39,star
size_039_star_02_node_001,size_039_star_02_node_031,size_039_star_02,39,star
size_039_star_02_node_001,size_039_star_02_node_032,size_039_star_02,39,star
size_039_star_02_node_001,size_039_star_02_node_033,size_039_star_02,39,star
size_039_star_02_node_001,size_039_star_02_node_034,size_039_star_02,39,star
size_039_star_02_node_001,size_039_star_02_node_035,size_039_star_02,39,star
size_039_star_02_node_001,size_039_star_02_node_036,size_039_star_02,39,star
size_039_star_02_node_001,size_039_star_02_node_037,size_039_star_02,39,star
size_039_star_02_node_001,size_039_star_02_node_038,size_039_star_02,39,star
size_039_star_02_node_001,size_039_star_02_node_039,size_039_star_02,39,star
size_039_cycle_03_node_001,size_039_cycle_03_node_002,size_039_cycle_03,39,cycle
size_039_cycle_03_node_002,size_039_cycle_03_node_003,size_039_cycle_03,39,cycle
size_039_cycle_03_node_003,size_039_cycle_03_node_004,size_039_cycle_03,39,cycle
size_039_cycle_03_node_004,size_039_cycle_03_node_005,size_039_cycle_03,39,cycle
size_039_cycle_03_node_005,size_039_cycle_03_node_006,size_039_cycle_03,39,cycle
size_039_cycle_03_node_006,size_039_cycle_03_node_007,size_039_cycle_03,39,cycle
size_039_cycle_03_node_007,size_039_cycle_03_node_008,size_039_cycle_03,39,cycle
size_039_cycle_03_node_008,size_039_cycle_03_node_009,size_039_cycle_03,39,cycle
size_039_cycle_03_node_009,size_039_cycle_03_node_010,size_039_cycle_03,39,cycle
size_039_cycle_03_node_010,size_039_cycle_03_node_011,size_039_cycle_03,39,cycle
size_039_cycle_03_node_011,size_039_cycle_03_node_012,size_039_cycle_03,39,cycle
size_039_cycle_03_node_012,size_039_cycle_03_node_013,size_039_cycle_03,39,cycle
size_039_cycle_03_node_013,size_039_cycle_03_node_014,size_039_cycle_03,39,cycle
size_039_cycle_03_node_014,size_039_cycle_03_node_015,size_039_cycle_03,39,cycle
size_039_cycle_03_node_015,size_039_cycle_03_node_016,size_039_cycle_03,39,cycle
size_039_cycle_03_node_016,size_039_cycle_03_node_017,size_039_cycle_03,39,cycle
size_039_cycle_03_node_017,size_039_cycle_03_node_018,size_039_cycle_03,39,cycle
size_039_cycle_03_node_018,size_039_cycle_03_node_019,size_039_cycle_03,39,cycle
size_039_cycle_03_node_019,size_039_cycle_03_node_020,size_039_cycle_03,39,cycle
size_039_cycle_03_node_020,size_039_cycle_03_node_021,size_039_cycle_03,39,cycle
size_039_cycle_03_node_021,size_039_cycle_03_node_022,size_039_cycle_03,39,cycle
size_039_cycle_03_node_022,size_039_cycle_03_node_023,size_039_cycle_03,39,cycle
size_039_cycle_03_node_023,size_039_cycle_03_node_024,size_039_cycle_03,39,cycle
size_039_cycle_03_node_024,size_039_cycle_03_node_025,size_039_cycle_03,39,cycle
size_039_cycle_03_node_025,size_039_cycle_03_node_026,size_039_cycle_03,39,cycle
size_039_cycle_03_node_026,size_039_cycle_03_node_027,size_039_cycle_03,39,cycle
size_039_cycle_03_node_027,size_039_cycle_03_node_028,size_039_cycle_03,39,cycle
size_039_cycle_03_node_028,size_039_cycle_03_node_029,size_039_cycle_03,39,cycle
size_039_cycle_03_node_029,size_039_cycle_03_node_030,size_039_cycle_03,39,cycle
size_039_cycle_03_node_030,size_039_cycle_03_node_031,size_039_cycle_03,39,cycle
size_039_cycle_03_node_031,size_039_cycle_03_node_032,size_039_cycle_03,39,cycle
size_039_cycle_03_node_032,size_039_cycle_03_node_033,size_039_cycle_03,39,cycle
size_039_cycle_03_node_033,size_039_cycle_03_node_034,size_039_cycle_03,39,cycle
size_039_cycle_03_node_034,size_039_cycle_03_node_035,size_039_cycle_03,39,cycle
size_039_cycle_03_node_035,size_039_cycle_03_node_036,size_039_cycle_03,39,cycle
size_039_cycle_03_node_036,size_039_cycle_03_node_037,size_039_cycle_03,39,cycle
size_039_cycle_03_node_037,size_039_cycle_03_node_038,size_039_cycle_03,39,cycle
size_039_cycle_03_node_038,size_039_cycle_03_node_039,size_039_cycle_03,39,cycle
size_039_cycle_03_node_039,size_039_cycle_03_node_001,size_039_cycle_03,39,cycle
size_039_binary_tree_04_node_001,size_039_binary_tree_04_node_002,size_039_binary_tree_04,39,binary_tree
size_039_binary_tree_04_node_001,size_039_binary_tree_04_node_003,size_039_binary_tree_04,39,binary_tree
size_039_binary_tree_04_node_002,size_039_binary_tree_04_node_004,size_039_binary_tree_04,39,binary_tree
size_039_binary_tree_04_node_002,size_039_binary_tree_04_node_005,size_039_binary_tree_04,39,binary_tree
size_039_binary_tree_04_node_003,size_039_binary_tree_04_node_006,size_039_binary_tree_04,39,binary_tree
size_039_binary_tree_04_node_003,size_039_binary_tree_04_node_007,size_039_binary_tree_04,39,binary_tree
size_039_binary_tree_04_node_004,size_039_binary_tree_04_node_008,size_039_binary_tree_04,39,binary_tree
size_039_binary_tree_04_node_004,size_039_binary_tree_04_node_009,size_039_binary_tree_04,39,binary_tree
size_039_binary_tree_04_node_005,size_039_binary_tree_04_node_010,size_039_binary_tree_04,39,binary_tree
size_039_binary_tree_04_node_005,size_039_binary_tree_04_node_011,size_039_binary_tree_04,39,binary_tree
size_039_binary_tree_04_node_006,size_039_binary_tree_04_node_012,size_039_binary_tree_04,39,binary_tree
size_039_binary_tree_04_node_006,size_039_binary_tree_04_node_013,size_039_binary_tree_04,39,binary_tree
size_039_binary_tree_04_node_007,size_039_binary_tree_04_node_014,size_039_binary_tree_04,39,binary_tree
size_039_binary_tree_04_node_007,size_039_binary_tree_04_node_015,size_039_binary_tree_04,39,binary_tree
size_039_binary_tree_04_node_008,size_039_binary_tree_04_node_016,size_039_binary_tree_04,39,binary_tree
size_039_binary_tree_04_node_008,size_039_binary_tree_04_node_017,size_039_binary_tree_04,39,binary_tree
size_039_binary_tree_04_node_009,size_039_binary_tree_04_node_018,size_039_binary_tree_04,39,binary_tree
size_039_binary_tree_04_node_009,size_039_binary_tree_04_node_019,size_039_binary_tree_04,39,binary_tree
size_039_binary_tree_04_node_010,size_039_binary_tree_04_node_020,size_039_binary_tree_04,39,binary_tree
size_039_binary_tree_04_node_010,size_039_binary_tree_04_node_021,size_039_binary_tree_04,39,binary_tree
size_039_binary_tree_04_node_011,size_039_binary_tree_04_node_022,size_039_binary_tree_04,39,binary_tree
size_039_binary_tree_04_node_011,size_039_binary_tree_04_node_023,size_039_binary_tree_04,39,binary_tree
size_039_binary_tree_04_node_012,size_039_binary_tree_04_node_024,size_039_binary_tree_04,39,binary_tree
size_039_binary_tree_04_node_012,size_039_binary_tree_04_node_025,size_039_binary_tree_04,39,binary_tree
size_039_binary_tree_04_node_013,size_039_binary_tree_04_node_026,size_039_binary_tree_04,39,binary_tree
size_039_binary_tree_04_node_013,size_039_binary_tree_04_node_027,size_039_binary_tree_04,39,binary_tree
size_039_binary_tree_04_node_014,size_039_binary_tree_04_node_028,size_039_binary_tree_04,39,binary_tree
size_039_binary_tree_04_node_014,size_039_binary_tree_04_node_029,size_039_binary_tree_04,39,binary_tree
size_039_binary_tree_04_node_015,size_039_binary_tree_04_node_030,size_039_binary_tree_04,39,binary_tree
size_039_binary_tree_04_node_015,size_039_binary_tree_04_node_031,size_039_binary_tree_04,39,binary_tree
size_039_binary_tree_04_node_016,size_039_binary_tree_04_node_032,size_039_binary_tree_04,39,binary_tree
size_039_binary_tree_04_node_016,size_039_binary_tree_04_node_033,size_039_binary_tree_04,39,binary_tree
size_039_binary_tree_04_node_017,size_039_binary_tree_04_node_034,size_039_binary_tree_04,39,binary_tree
size_039_binary_tree_04_node_017,size_039_binary_tree_04_node_035,size_039_binary_tree_04,39,binary_tree
size_039_binary_tree_04_node_018,size_039_binary_tree_04_node_036,size_039_binary_tree_04,39,binary_tree
size_039_binary_tree_04_node_018,size_039_binary_tree_04_node_037,size_039_binary_tree_04,39,binary_tree
size_039_binary_tree_04_node_019,size_039_binary_tree_04_node_038,size_039_binary_tree_04,39,binary_tree
size_039_binary_tree_04_node_019,size_039_binary_tree_04_node_039,size_039_binary_tree_04,39,binary_tree
size_040_chain_01_node_001,size_040_chain_01_node_002,size_040_chain_01,40,chain
size_040_chain_01_node_002,size_040_chain_01_node_003,size_040_chain_01,40,chain
size_040_chain_01_node_003,size_040_chain_01_node_004,size_040_chain_01,40,chain
size_040_chain_01_node_004,size_040_chain_01_node_005,size_040_chain_01,40,chain
size_040_chain_01_node_005,size_040_chain_01_node_006,size_040_chain_01,40,chain
size_040_chain_01_node_006,size_040_chain_01_node_007,size_040_chain_01,40,chain
size_040_chain_01_node_007,size_040_chain_01_node_008,size_040_chain_01,40,chain
size_040_chain_01_node_008,size_040_chain_01_node_009,size_040_chain_01,40,chain
size_040_chain_01_node_009,size_040_chain_01_node_010,size_040_chain_01,40,chain
size_040_chain_01_node_010,size_040_chain_01_node_011,size_040_chain_01,40,chain
size_040_chain_01_node_011,size_040_chain_01_node_012,size_040_chain_01,40,chain
size_040_chain_01_node_012,size_040_chain_01_node_013,size_040_chain_01,40,chain
size_040_chain_01_node_013,size_040_chain_01_node_014,size_040_chain_01,40,chain
size_040_chain_01_node_014,size_040_chain_01_node_015,size_040_chain_01,40,chain
size_040_chain_01_node_015,size_040_chain_01_node_016,size_040_chain_01,40,chain
size_040_chain_01_node_016,size_040_chain_01_node_017,size_040_chain_01,40,chain
size_040_chain_01_node_017,size_040_chain_01_node_018,size_040_chain_01,40,chain
size_040_chain_01_node_018,size_040_chain_01_node_019,size_040_chain_01,40,chain
size_040_chain_01_node_019,size_040_chain_01_node_020,size_040_chain_01,40,chain
size_040_chain_01_node_020,size_040_chain_01_node_021,size_040_chain_01,40,chain
size_040_chain_01_node_021,size_040_chain_01_node_022,size_040_chain_01,40,chain
size_040_chain_01_node_022,size_040_chain_01_node_023,size_040_chain_01,40,chain
size_040_chain_01_node_023,size_040_chain_01_node_024,size_040_chain_01,40,chain
size_040_chain_01_node_024,size_040_chain_01_node_025,size_040_chain_01,40,chain
size_040_chain_01_node_025,size_040_chain_01_node_026,size_040_chain_01,40,chain
size_040_chain_01_node_026,size_040_chain_01_node_027,size_040_chain_01,40,chain
size_040_chain_01_node_027,size_040_chain_01_node_028,size_040_chain_01,40,chain
size_040_chain_01_node_028,size_040_chain_01_node_029,size_040_chain_01,40,chain
size_040_chain_01_node_029,size_040_chain_01_node_030,size_040_chain_01,40,chain
size_040_chain_01_node_030,size_040_chain_01_node_031,size_040_chain_01,40,chain
size_040_chain_01_node_031,size_040_chain_01_node_032,size_040_chain_01,40,chain
size_040_chain_01_node_032,size_040_chain_01_node_033,size_040_chain_01,40,chain
size_040_chain_01_node_033,size_040_chain_01_node_034,size_040_chain_01,40,chain
size_040_chain_01_node_034,size_040_chain_01_node_035,size_040_chain_01,40,chain
size_040_chain_01_node_035,size_040_chain_01_node_036,size_040_chain_01,40,chain
size_040_chain_01_node_036,size_040_chain_01_node_037,size_040_chain_01,40,chain
size_040_chain_01_node_037,size_040_chain_01_node_038,size_040_chain_01,40,chain
size_040_chain_01_node_038,size_040_chain_01_node_039,size_040_chain_01,40,chain
size_040_chain_01_node_039,size_040_chain_01_node_040,size_040_chain_01,40,chain
size_040_star_02_node_001,size_040_star_02_node_002,size_040_star_02,40,star
size_040_star_02_node_001,size_040_star_02_node_003,size_040_star_02,40,star
size_040_star_02_node_001,size_040_star_02_node_004,size_040_star_02,40,star
size_040_star_02_node_001,size_040_star_02_node_005,size_040_star_02,40,star
size_040_star_02_node_001,size_040_star_02_node_006,size_040_star_02,40,star
size_040_star_02_node_001,size_040_star_02_node_007,size_040_star_02,40,star
size_040_star_02_node_001,size_040_star_02_node_008,size_040_star_02,40,star
size_040_star_02_node_001,size_040_star_02_node_009,size_040_star_02,40,star
size_040_star_02_node_001,size_040_star_02_node_010,size_040_star_02,40,star
size_040_star_02_node_001,size_040_star_02_node_011,size_040_star_02,40,star
size_040_star_02_node_001,size_040_star_02_node_012,size_040_star_02,40,star
size_040_star_02_node_001,size_040_star_02_node_013,size_040_star_02,40,star
size_040_star_02_node_001,size_040_star_02_node_014,size_040_star_02,40,star
size_040_star_02_node_001,size_040_star_02_node_015,size_040_star_02,40,star
size_040_star_02_node_001,size_040_star_02_node_016,size_040_star_02,40,star
size_040_star_02_node_001,size_040_star_02_node_017,size_040_star_02,40,star
size_040_star_02_node_001,size_040_star_02_node_018,size_040_star_02,40,star
size_040_star_02_node_001,size_040_star_02_node_019,size_040_star_02,40,star
size_040_star_02_node_001,size_040_star_02_node_020,size_040_star_02,40,star
size_040_star_02_node_001,size_040_star_02_node_021,size_040_star_02,40,star
size_040_star_02_node_001,size_040_star_02_node_022,size_040_star_02,40,star
size_040_star_02_node_001,size_040_star_02_node_023,size_040_star_02,40,star
size_040_star_02_node_001,size_040_star_02_node_024,size_040_star_02,40,star
size_040_star_02_node_001,size_040_star_02_node_025,size_040_star_02,40,star
size_040_star_02_node_001,size_040_star_02_node_026,size_040_star_02,40,star
size_040_star_02_node_001,size_040_star_02_node_027,size_040_star_02,40,star
size_040_star_02_node_001,size_040_star_02_node_028,size_040_star_02,40,star
size_040_star_02_node_001,size_040_star_02_node_029,size_040_star_02,40,star
size_040_star_02_node_001,size_040_star_02_node_030,size_040_star_02,40,star
size_040_star_02_node_001,size_040_star_02_node_031,size_040_star_02,40,star
size_040_star_02_node_001,size_040_star_02_node_032,size_040_star_02,40,star
size_040_star_02_node_001,size_040_star_02_node_033,size_040_star_02,40,star
size_040_star_02_node_001,size_040_star_02_node_034,size_040_star_02,40,star
size_040_star_02_node_001,size_040_star_02_node_035,size_040_star_02,40,star
size_040_star_02_node_001,size_040_star_02_node_036,size_040_star_02,40,star
size_040_star_02_node_001,size_040_star_02_node_037,size_040_star_02,40,star
size_040_star_02_node_001,size_040_star_02_node_038,size_040_star_02,40,star
size_040_star_02_node_001,size_040_star_02_node_039,size_040_star_02,40,star
size_040_star_02_node_001,size_040_star_02_node_040,size_040_star_02,40,star
size_040_cycle_03_node_001,size_040_cycle_03_node_002,size_040_cycle_03,40,cycle
size_040_cycle_03_node_002,size_040_cycle_03_node_003,size_040_cycle_03,40,cycle
size_040_cycle_03_node_003,size_040_cycle_03_node_004,size_040_cycle_03,40,cycle
size_040_cycle_03_node_004,size_040_cycle_03_node_005,size_040_cycle_03,40,cycle
size_040_cycle_03_node_005,size_040_cycle_03_node_006,size_040_cycle_03,40,cycle
size_040_cycle_03_node_006,size_040_cycle_03_node_007,size_040_cycle_03,40,cycle
size_040_cycle_03_node_007,size_040_cycle_03_node_008,size_040_cycle_03,40,cycle
size_040_cycle_03_node_008,size_040_cycle_03_node_009,size_040_cycle_03,40,cycle
size_040_cycle_03_node_009,size_040_cycle_03_node_010,size_040_cycle_03,40,cycle
size_040_cycle_03_node_010,size_040_cycle_03_node_011,size_040_cycle_03,40,cycle
size_040_cycle_03_node_011,size_040_cycle_03_node_012,size_040_cycle_03,40,cycle
size_040_cycle_03_node_012,size_040_cycle_03_node_013,size_040_cycle_03,40,cycle
size_040_cycle_03_node_013,size_040_cycle_03_node_014,size_040_cycle_03,40,cycle
size_040_cycle_03_node_014,size_040_cycle_03_node_015,size_040_cycle_03,40,cycle
size_040_cycle_03_node_015,size_040_cycle_03_node_016,size_040_cycle_03,40,cycle
size_040_cycle_03_node_016,size_040_cycle_03_node_017,size_040_cycle_03,40,cycle
size_040_cycle_03_node_017,size_040_cycle_03_node_018,size_040_cycle_03,40,cycle
size_040_cycle_03_node_018,size_040_cycle_03_node_019,size_040_cycle_03,40,cycle
size_040_cycle_03_node_019,size_040_cycle_03_node_020,size_040_cycle_03,40,cycle
size_040_cycle_03_node_020,size_040_cycle_03_node_021,size_040_cycle_03,40,cycle
size_040_cycle_03_node_021,size_040_cycle_03_node_022,size_040_cycle_03,40,cycle
size_040_cycle_03_node_022,size_040_cycle_03_node_023,size_040_cycle_03,40,cycle
size_040_cycle_03_node_023,size_040_cycle_03_node_024,size_040_cycle_03,40,cycle
size_040_cycle_03_node_024,size_040_cycle_03_node_025,size_040_cycle_03,40,cycle
size_040_cycle_03_node_025,size_040_cycle_03_node_026,size_040_cycle_03,40,cycle
size_040_cycle_03_node_026,size_040_cycle_03_node_027,size_040_cycle_03,40,cycle
size_040_cycle_03_node_027,size_040_cycle_03_node_028,size_040_cycle_03,40,cycle
size_040_cycle_03_node_028,size_040_cycle_03_node_029,size_040_cycle_03,40,cycle
size_040_cycle_03_node_029,size_040_cycle_03_node_030,size_040_cycle_03,40,cycle
size_040_cycle_03_node_030,size_040_cycle_03_node_031,size_040_cycle_03,40,cycle
size_040_cycle_03_node_031,size_040_cycle_03_node_032,size_040_cycle_03,40,cycle
size_040_cycle_03_node_032,size_040_cycle_03_node_033,size_040_cycle_03,40,cycle
size_040_cycle_03_node_033,size_040_cycle_03_node_034,size_040_cycle_03,40,cycle
size_040_cycle_03_node_034,size_040_cycle_03_node_035,size_040_cycle_03,40,cycle
size_040_cycle_03_node_035,size_040_cycle_03_node_036,size_040_cycle_03,40,cycle
size_040_cycle_03_node_036,size_040_cycle_03_node_037,size_040_cycle_03,40,cycle
size_040_cycle_03_node_037,size_040_cycle_03_node_038,size_040_cycle_03,40,cycle
size_040_cycle_03_node_038,size_040_cycle_03_node_039,size_040_cycle_03,40,cycle
size_040_cycle_03_node_039,size_040_cycle_03_node_040,size_040_cycle_03,40,cycle
size_040_cycle_03_node_040,size_040_cycle_03_node_001,size_040_cycle_03,40,cycle
size_040_binary_tree_04_node_001,size_040_binary_tree_04_node_002,size_040_binary_tree_04,40,binary_tree
size_040_binary_tree_04_node_001,size_040_binary_tree_04_node_003,size_040_binary_tree_04,40,binary_tree
size_040_binary_tree_04_node_002,size_040_binary_tree_04_node_004,size_040_binary_tree_04,40,binary_tree
size_040_binary_tree_04_node_002,size_040_binary_tree_04_node_005,size_040_binary_tree_04,40,binary_tree
size_040_binary_tree_04_node_003,size_040_binary_tree_04_node_006,size_040_binary_tree_04,40,binary_tree
size_040_binary_tree_04_node_003,size_040_binary_tree_04_node_007,size_040_binary_tree_04,40,binary_tree
size_040_binary_tree_04_node_004,size_040_binary_tree_04_node_008,size_040_binary_tree_04,40,binary_tree
size_040_binary_tree_04_node_004,size_040_binary_tree_04_node_009,size_040_binary_tree_04,40,binary_tree
size_040_binary_tree_04_node_005,size_040_binary_tree_04_node_010,size_040_binary_tree_04,40,binary_tree
size_040_binary_tree_04_node_005,size_040_binary_tree_04_node_011,size_040_binary_tree_04,40,binary_tree
size_040_binary_tree_04_node_006,size_040_binary_tree_04_node_012,size_040_binary_tree_04,40,binary_tree
size_040_binary_tree_04_node_006,size_040_binary_tree_04_node_013,size_040_binary_tree_04,40,binary_tree
size_040_binary_tree_04_node_007,size_040_binary_tree_04_node_014,size_040_binary_tree_04,40,binary_tree
size_040_binary_tree_04_node_007,size_040_binary_tree_04_node_015,size_040_binary_tree_04,40,binary_tree
size_040_binary_tree_04_node_008,size_040_binary_tree_04_node_016,size_040_binary_tree_04,40,binary_tree
size_040_binary_tree_04_node_008,size_040_binary_tree_04_node_017,size_040_binary_tree_04,40,binary_tree
size_040_binary_tree_04_node_009,size_040_binary_tree_04_node_018,size_040_binary_tree_04,40,binary_tree
size_040_binary_tree_04_node_009,size_040_binary_tree_04_node_019,size_040_binary_tree_04,40,binary_tree
size_040_binary_tree_04_node_010,size_040_binary_tree_04_node_020,size_040_binary_tree_04,40,binary_tree
size_040_binary_tree_04_node_010,size_040_binary_tree_04_node_021,size_040_binary_tree_04,40,binary_tree
size_040_binary_tree_04_node_011,size_040_binary_tree_04_node_022,size_040_binary_tree_04,40,binary_tree
size_040_binary_tree_04_node_011,size_040_binary_tree_04_node_023,size_040_binary_tree_04,40,binary_tree
size_040_binary_tree_04_node_012,size_040_binary_tree_04_node_024,size_040_binary_tree_04,40,binary_tree
size_040_binary_tree_04_node_012,size_040_binary_tree_04_node_025,size_040_binary_tree_04,40,binary_tree
size_040_binary_tree_04_node_013,size_040_binary_tree_04_node_026,size_040_binary_tree_04,40,binary_tree
size_040_binary_tree_04_node_013,size_040_binary_tree_04_node_027,size_040_binary_tree_04,40,binary_tree
size_040_binary_tree_04_node_014,size_040_binary_tree_04_node_028,size_040_binary_tree_04,40,binary_tree
size_040_binary_tree_04_node_014,size_040_binary_tree_04_node_029,size_040_binary_tree_04,40,binary_tree
size_040_binary_tree_04_node_015,size_040_binary_tree_04_node_030,size_040_binary_tree_04,40,binary_tree
size_040_binary_tree_04_node_015,size_040_binary_tree_04_node_031,size_040_binary_tree_04,40,binary_tree
size_040_binary_tree_04_node_016,size_040_binary_tree_04_node_032,size_040_binary_tree_04,40,binary_tree
size_040_binary_tree_04_node_016,size_040_binary_tree_04_node_033,size_040_binary_tree_04,40,binary_tree
size_040_binary_tree_04_node_017,size_040_binary_tree_04_node_034,size_040_binary_tree_04,40,binary_tree
size_040_binary_tree_04_node_017,size_040_binary_tree_04_node_035,size_040_binary_tree_04,40,binary_tree
size_040_binary_tree_04_node_018,size_040_binary_tree_04_node_036,size_040_binary_tree_04,40,binary_tree
size_040_binary_tree_04_node_018,size_040_binary_tree_04_node_037,size_040_binary_tree_04,40,binary_tree
size_040_binary_tree_04_node_019,size_040_binary_tree_04_node_038,size_040_binary_tree_04,40,binary_tree
size_040_binary_tree_04_node_019,size_040_binary_tree_04_node_039,size_040_binary_tree_04,40,binary_tree
size_040_binary_tree_04_node_020,size_040_binary_tree_04_node_040,size_040_binary_tree_04,40,binary_tree
size_041_chain_01_node_001,size_041_chain_01_node_002,size_041_chain_01,41,chain
size_041_chain_01_node_002,size_041_chain_01_node_003,size_041_chain_01,41,chain
size_041_chain_01_node_003,size_041_chain_01_node_004,size_041_chain_01,41,chain
size_041_chain_01_node_004,size_041_chain_01_node_005,size_041_chain_01,41,chain
size_041_chain_01_node_005,size_041_chain_01_node_006,size_041_chain_01,41,chain
size_041_chain_01_node_006,size_041_chain_01_node_007,size_041_chain_01,41,chain
size_041_chain_01_node_007,size_041_chain_01_node_008,size_041_chain_01,41,chain
size_041_chain_01_node_008,size_041_chain_01_node_009,size_041_chain_01,41,chain
size_041_chain_01_node_009,size_041_chain_01_node_010,size_041_chain_01,41,chain
size_041_chain_01_node_010,size_041_chain_01_node_011,size_041_chain_01,41,chain
size_041_chain_01_node_011,size_041_chain_01_node_012,size_041_chain_01,41,chain
size_041_chain_01_node_012,size_041_chain_01_node_013,size_041_chain_01,41,chain
size_041_chain_01_node_013,size_041_chain_01_node_014,size_041_chain_01,41,chain
size_041_chain_01_node_014,size_041_chain_01_node_015,size_041_chain_01,41,chain
size_041_chain_01_node_015,size_041_chain_01_node_016,size_041_chain_01,41,chain
size_041_chain_01_node_016,size_041_chain_01_node_017,size_041_chain_01,41,chain
size_041_chain_01_node_017,size_041_chain_01_node_018,size_041_chain_01,41,chain
size_041_chain_01_node_018,size_041_chain_01_node_019,size_041_chain_01,41,chain
size_041_chain_01_node_019,size_041_chain_01_node_020,size_041_chain_01,41,chain
size_041_chain_01_node_020,size_041_chain_01_node_021,size_041_chain_01,41,chain
size_041_chain_01_node_021,size_041_chain_01_node_022,size_041_chain_01,41,chain
size_041_chain_01_node_022,size_041_chain_01_node_023,size_041_chain_01,41,chain
size_041_chain_01_node_023,size_041_chain_01_node_024,size_041_chain_01,41,chain
size_041_chain_01_node_024,size_041_chain_01_node_025,size_041_chain_01,41,chain
size_041_chain_01_node_025,size_041_chain_01_node_026,size_041_chain_01,41,chain
size_041_chain_01_node_026,size_041_chain_01_node_027,size_041_chain_01,41,chain
size_041_chain_01_node_027,size_041_chain_01_node_028,size_041_chain_01,41,chain
size_041_chain_01_node_028,size_041_chain_01_node_029,size_041_chain_01,41,chain
size_041_chain_01_node_029,size_041_chain_01_node_030,size_041_chain_01,41,chain
size_041_chain_01_node_030,size_041_chain_01_node_031,size_041_chain_01,41,chain
size_041_chain_01_node_031,size_041_chain_01_node_032,size_041_chain_01,41,chain
size_041_chain_01_node_032,size_041_chain_01_node_033,size_041_chain_01,41,chain
size_041_chain_01_node_033,size_041_chain_01_node_034,size_041_chain_01,41,chain
size_041_chain_01_node_034,size_041_chain_01_node_035,size_041_chain_01,41,chain
size_041_chain_01_node_035,size_041_chain_01_node_036,size_041_chain_01,41,chain
size_041_chain_01_node_036,size_041_chain_01_node_037,size_041_chain_01,41,chain
size_041_chain_01_node_037,size_041_chain_01_node_038,size_041_chain_01,41,chain
size_041_chain_01_node_038,size_041_chain_01_node_039,size_041_chain_01,41,chain
size_041_chain_01_node_039,size_041_chain_01_node_040,size_041_chain_01,41,chain
size_041_chain_01_node_040,size_041_chain_01_node_041,size_041_chain_01,41,chain
size_041_star_02_node_001,size_041_star_02_node_002,size_041_star_02,41,star
size_041_star_02_node_001,size_041_star_02_node_003,size_041_star_02,41,star
size_041_star_02_node_001,size_041_star_02_node_004,size_041_star_02,41,star
size_041_star_02_node_001,size_041_star_02_node_005,size_041_star_02,41,star
size_041_star_02_node_001,size_041_star_02_node_006,size_041_star_02,41,star
size_041_star_02_node_001,size_041_star_02_node_007,size_041_star_02,41,star
size_041_star_02_node_001,size_041_star_02_node_008,size_041_star_02,41,star
size_041_star_02_node_001,size_041_star_02_node_009,size_041_star_02,41,star
size_041_star_02_node_001,size_041_star_02_node_010,size_041_star_02,41,star
size_041_star_02_node_001,size_041_star_02_node_011,size_041_star_02,41,star
size_041_star_02_node_001,size_041_star_02_node_012,size_041_star_02,41,star
size_041_star_02_node_001,size_041_star_02_node_013,size_041_star_02,41,star
size_041_star_02_node_001,size_041_star_02_node_014,size_041_star_02,41,star
size_041_star_02_node_001,size_041_star_02_node_015,size_041_star_02,41,star
size_041_star_02_node_001,size_041_star_02_node_016,size_041_star_02,41,star
size_041_star_02_node_001,size_041_star_02_node_017,size_041_star_02,41,star
size_041_star_02_node_001,size_041_star_02_node_018,size_041_star_02,41,star
size_041_star_02_node_001,size_041_star_02_node_019,size_041_star_02,41,star
size_041_star_02_node_001,size_041_star_02_node_020,size_041_star_02,41,star
size_041_star_02_node_001,size_041_star_02_node_021,size_041_star_02,41,star
size_041_star_02_node_001,size_041_star_02_node_022,size_041_star_02,41,star
size_041_star_02_node_001,size_041_star_02_node_023,size_041_star_02,41,star
size_041_star_02_node_001,size_041_star_02_node_024,size_041_star_02,41,star
size_041_star_02_node_001,size_041_star_02_node_025,size_041_star_02,41,star
size_041_star_02_node_001,size_041_star_02_node_026,size_041_star_02,41,star
size_041_star_02_node_001,size_041_star_02_node_027,size_041_star_02,41,star
size_041_star_02_node_001,size_041_star_02_node_028,size_041_star_02,41,star
size_041_star_02_node_001,size_041_star_02_node_029,size_041_star_02,41,star
size_041_star_02_node_001,size_041_star_02_node_030,size_041_star_02,41,star
size_041_star_02_node_001,size_041_star_02_node_031,size_041_star_02,41,star
size_041_star_02_node_001,size_041_star_02_node_032,size_041_star_02,41,star
size_041_star_02_node_001,size_041_star_02_node_033,size_041_star_02,41,star
size_041_star_02_node_001,size_041_star_02_node_034,size_041_star_02,41,star
size_041_star_02_node_001,size_041_star_02_node_035,size_041_star_02,41,star
size_041_star_02_node_001,size_041_star_02_node_036,size_041_star_02,41,star
size_041_star_02_node_001,size_041_star_02_node_037,size_041_star_02,41,star
size_041_star_02_node_001,size_041_star_02_node_038,size_041_star_02,41,star
size_041_star_02_node_001,size_041_star_02_node_039,size_041_star_02,41,star
size_041_star_02_node_001,size_041_star_02_node_040,size_041_star_02,41,star
size_041_star_02_node_001,size_041_star_02_node_041,size_041_star_02,41,star
size_041_cycle_03_node_001,size_041_cycle_03_node_002,size_041_cycle_03,41,cycle
size_041_cycle_03_node_002,size_041_cycle_03_node_003,size_041_cycle_03,41,cycle
size_041_cycle_03_node_003,size_041_cycle_03_node_004,size_041_cycle_03,41,cycle
size_041_cycle_03_node_004,size_041_cycle_03_node_005,size_041_cycle_03,41,cycle
size_041_cycle_03_node_005,size_041_cycle_03_node_006,size_041_cycle_03,41,cycle
size_041_cycle_03_node_006,size_041_cycle_03_node_007,size_041_cycle_03,41,cycle
size_041_cycle_03_node_007,size_041_cycle_03_node_008,size_041_cycle_03,41,cycle
size_041_cycle_03_node_008,size_041_cycle_03_node_009,size_041_cycle_03,41,cycle
size_041_cycle_03_node_009,size_041_cycle_03_node_010,size_041_cycle_03,41,cycle
size_041_cycle_03_node_010,size_041_cycle_03_node_011,size_041_cycle_03,41,cycle
size_041_cycle_03_node_011,size_041_cycle_03_node_012,size_041_cycle_03,41,cycle
size_041_cycle_03_node_012,size_041_cycle_03_node_013,size_041_cycle_03,41,cycle
size_041_cycle_03_node_013,size_041_cycle_03_node_014,size_041_cycle_03,41,cycle
size_041_cycle_03_node_014,size_041_cycle_03_node_015,size_041_cycle_03,41,cycle
size_041_cycle_03_node_015,size_041_cycle_03_node_016,size_041_cycle_03,41,cycle
size_041_cycle_03_node_016,size_041_cycle_03_node_017,size_041_cycle_03,41,cycle
size_041_cycle_03_node_017,size_041_cycle_03_node_018,size_041_cycle_03,41,cycle
size_041_cycle_03_node_018,size_041_cycle_03_node_019,size_041_cycle_03,41,cycle
size_041_cycle_03_node_019,size_041_cycle_03_node_020,size_041_cycle_03,41,cycle
size_041_cycle_03_node_020,size_041_cycle_03_node_021,size_041_cycle_03,41,cycle
size_041_cycle_03_node_021,size_041_cycle_03_node_022,size_041_cycle_03,41,cycle
size_041_cycle_03_node_022,size_041_cycle_03_node_023,size_041_cycle_03,41,cycle
size_041_cycle_03_node_023,size_041_cycle_03_node_024,size_041_cycle_03,41,cycle
size_041_cycle_03_node_024,size_041_cycle_03_node_025,size_041_cycle_03,41,cycle
size_041_cycle_03_node_025,size_041_cycle_03_node_026,size_041_cycle_03,41,cycle
size_041_cycle_03_node_026,size_041_cycle_03_node_027,size_041_cycle_03,41,cycle
size_041_cycle_03_node_027,size_041_cycle_03_node_028,size_041_cycle_03,41,cycle
size_041_cycle_03_node_028,size_041_cycle_03_node_029,size_041_cycle_03,41,cycle
size_041_cycle_03_node_029,size_041_cycle_03_node_030,size_041_cycle_03,41,cycle
size_041_cycle_03_node_030,size_041_cycle_03_node_031,size_041_cycle_03,41,cycle
size_041_cycle_03_node_031,size_041_cycle_03_node_032,size_041_cycle_03,41,cycle
size_041_cycle_03_node_032,size_041_cycle_03_node_033,size_041_cycle_03,41,cycle
size_041_cycle_03_node_033,size_041_cycle_03_node_034,size_041_cycle_03,41,cycle
size_041_cycle_03_node_034,size_041_cycle_03_node_035,size_041_cycle_03,41,cycle
size_041_cycle_03_node_035,size_041_cycle_03_node_036,size_041_cycle_03,41,cycle
size_041_cycle_03_node_036,size_041_cycle_03_node_037,size_041_cycle_03,41,cycle
size_041_cycle_03_node_037,size_041_cycle_03_node_038,size_041_cycle_03,41,cycle
size_041_cycle_03_node_038,size_041_cycle_03_node_039,size_041_cycle_03,41,cycle
size_041_cycle_03_node_039,size_041_cycle_03_node_040,size_041_cycle_03,41,cycle
size_041_cycle_03_node_040,size_041_cycle_03_node_041,size_041_cycle_03,41,cycle
size_041_cycle_03_node_041,size_041_cycle_03_node_001,size_041_cycle_03,41,cycle
size_041_binary_tree_04_node_001,size_041_binary_tree_04_node_002,size_041_binary_tree_04,41,binary_tree
size_041_binary_tree_04_node_001,size_041_binary_tree_04_node_003,size_041_binary_tree_04,41,binary_tree
size_041_binary_tree_04_node_002,size_041_binary_tree_04_node_004,size_041_binary_tree_04,41,binary_tree
size_041_binary_tree_04_node_002,size_041_binary_tree_04_node_005,size_041_binary_tree_04,41,binary_tree
size_041_binary_tree_04_node_003,size_041_binary_tree_04_node_006,size_041_binary_tree_04,41,binary_tree
size_041_binary_tree_04_node_003,size_041_binary_tree_04_node_007,size_041_binary_tree_04,41,binary_tree
size_041_binary_tree_04_node_004,size_041_binary_tree_04_node_008,size_041_binary_tree_04,41,binary_tree
size_041_binary_tree_04_node_004,size_041_binary_tree_04_node_009,size_041_binary_tree_04,41,binary_tree
size_041_binary_tree_04_node_005,size_041_binary_tree_04_node_010,size_041_binary_tree_04,41,binary_tree
size_041_binary_tree_04_node_005,size_041_binary_tree_04_node_011,size_041_binary_tree_04,41,binary_tree
size_041_binary_tree_04_node_006,size_041_binary_tree_04_node_012,size_041_binary_tree_04,41,binary_tree
size_041_binary_tree_04_node_006,size_041_binary_tree_04_node_013,size_041_binary_tree_04,41,binary_tree
size_041_binary_tree_04_node_007,size_041_binary_tree_04_node_014,size_041_binary_tree_04,41,binary_tree
size_041_binary_tree_04_node_007,size_041_binary_tree_04_node_015,size_041_binary_tree_04,41,binary_tree
size_041_binary_tree_04_node_008,size_041_binary_tree_04_node_016,size_041_binary_tree_04,41,binary_tree
size_041_binary_tree_04_node_008,size_041_binary_tree_04_node_017,size_041_binary_tree_04,41,binary_tree
size_041_binary_tree_04_node_009,size_041_binary_tree_04_node_018,size_041_binary_tree_04,41,binary_tree
size_041_binary_tree_04_node_009,size_041_binary_tree_04_node_019,size_041_binary_tree_04,41,binary_tree
size_041_binary_tree_04_node_010,size_041_binary_tree_04_node_020,size_041_binary_tree_04,41,binary_tree
size_041_binary_tree_04_node_010,size_041_binary_tree_04_node_021,size_041_binary_tree_04,41,binary_tree
size_041_binary_tree_04_node_011,size_041_binary_tree_04_node_022,size_041_binary_tree_04,41,binary_tree
size_041_binary_tree_04_node_011,size_041_binary_tree_04_node_023,size_041_binary_tree_04,41,binary_tree
size_041_binary_tree_04_node_012,size_041_binary_tree_04_node_024,size_041_binary_tree_04,41,binary_tree
size_041_binary_tree_04_node_012,size_041_binary_tree_04_node_025,size_041_binary_tree_04,41,binary_tree
size_041_binary_tree_04_node_013,size_041_binary_tree_04_node_026,size_041_binary_tree_04,41,binary_tree
size_041_binary_tree_04_node_013,size_041_binary_tree_04_node_027,size_041_binary_tree_04,41,binary_tree
size_041_binary_tree_04_node_014,size_041_binary_tree_04_node_028,size_041_binary_tree_04,41,binary_tree
size_041_binary_tree_04_node_014,size_041_binary_tree_04_node_029,size_041_binary_tree_04,41,binary_tree
size_041_binary_tree_04_node_015,size_041_binary_tree_04_node_030,size_041_binary_tree_04,41,binary_tree
size_041_binary_tree_04_node_015,size_041_binary_tree_04_node_031,size_041_binary_tree_04,41,binary_tree
size_041_binary_tree_04_node_016,size_041_binary_tree_04_node_032,size_041_binary_tree_04,41,binary_tree
size_041_binary_tree_04_node_016,size_041_binary_tree_04_node_033,size_041_binary_tree_04,41,binary_tree
size_041_binary_tree_04_node_017,size_041_binary_tree_04_node_034,size_041_binary_tree_04,41,binary_tree
size_041_binary_tree_04_node_017,size_041_binary_tree_04_node_035,size_041_binary_tree_04,41,binary_tree
size_041_binary_tree_04_node_018,size_041_binary_tree_04_node_036,size_041_binary_tree_04,41,binary_tree
size_041_binary_tree_04_node_018,size_041_binary_tree_04_node_037,size_041_binary_tree_04,41,binary_tree
size_041_binary_tree_04_node_019,size_041_binary_tree_04_node_038,size_041_binary_tree_04,41,binary_tree
size_041_binary_tree_04_node_019,size_041_binary_tree_04_node_039,size_041_binary_tree_04,41,binary_tree
size_041_binary_tree_04_node_020,size_041_binary_tree_04_node_040,size_041_binary_tree_04,41,binary_tree
size_041_binary_tree_04_node_020,size_041_binary_tree_04_node_041,size_041_binary_tree_04,41,binary_tree
size_042_chain_01_node_001,size_042_chain_01_node_002,size_042_chain_01,42,chain
size_042_chain_01_node_002,size_042_chain_01_node_003,size_042_chain_01,42,chain
size_042_chain_01_node_003,size_042_chain_01_node_004,size_042_chain_01,42,chain
size_042_chain_01_node_004,size_042_chain_01_node_005,size_042_chain_01,42,chain
size_042_chain_01_node_005,size_042_chain_01_node_006,size_042_chain_01,42,chain
size_042_chain_01_node_006,size_042_chain_01_node_007,size_042_chain_01,42,chain
size_042_chain_01_node_007,size_042_chain_01_node_008,size_042_chain_01,42,chain
size_042_chain_01_node_008,size_042_chain_01_node_009,size_042_chain_01,42,chain
size_042_chain_01_node_009,size_042_chain_01_node_010,size_042_chain_01,42,chain
size_042_chain_01_node_010,size_042_chain_01_node_011,size_042_chain_01,42,chain
size_042_chain_01_node_011,size_042_chain_01_node_012,size_042_chain_01,42,chain
size_042_chain_01_node_012,size_042_chain_01_node_013,size_042_chain_01,42,chain
size_042_chain_01_node_013,size_042_chain_01_node_014,size_042_chain_01,42,chain
size_042_chain_01_node_014,size_042_chain_01_node_015,size_042_chain_01,42,chain
size_042_chain_01_node_015,size_042_chain_01_node_016,size_042_chain_01,42,chain
size_042_chain_01_node_016,size_042_chain_01_node_017,size_042_chain_01,42,chain
size_042_chain_01_node_017,size_042_chain_01_node_018,size_042_chain_01,42,chain
size_042_chain_01_node_018,size_042_chain_01_node_019,size_042_chain_01,42,chain
size_042_chain_01_node_019,size_042_chain_01_node_020,size_042_chain_01,42,chain
size_042_chain_01_node_020,size_042_chain_01_node_021,size_042_chain_01,42,chain
size_042_chain_01_node_021,size_042_chain_01_node_022,size_042_chain_01,42,chain
size_042_chain_01_node_022,size_042_chain_01_node_023,size_042_chain_01,42,chain
size_042_chain_01_node_023,size_042_chain_01_node_024,size_042_chain_01,42,chain
size_042_chain_01_node_024,size_042_chain_01_node_025,size_042_chain_01,42,chain
size_042_chain_01_node_025,size_042_chain_01_node_026,size_042_chain_01,42,chain
size_042_chain_01_node_026,size_042_chain_01_node_027,size_042_chain_01,42,chain
size_042_chain_01_node_027,size_042_chain_01_node_028,size_042_chain_01,42,chain
size_042_chain_01_node_028,size_042_chain_01_node_029,size_042_chain_01,42,chain
size_042_chain_01_node_029,size_042_chain_01_node_030,size_042_chain_01,42,chain
size_042_chain_01_node_030,size_042_chain_01_node_031,size_042_chain_01,42,chain
size_042_chain_01_node_031,size_042_chain_01_node_032,size_042_chain_01,42,chain
size_042_chain_01_node_032,size_042_chain_01_node_033,size_042_chain_01,42,chain
size_042_chain_01_node_033,size_042_chain_01_node_034,size_042_chain_01,42,chain
size_042_chain_01_node_034,size_042_chain_01_node_035,size_042_chain_01,42,chain
size_042_chain_01_node_035,size_042_chain_01_node_036,size_042_chain_01,42,chain
size_042_chain_01_node_036,size_042_chain_01_node_037,size_042_chain_01,42,chain
size_042_chain_01_node_037,size_042_chain_01_node_038,size_042_chain_01,42,chain
size_042_chain_01_node_038,size_042_chain_01_node_039,size_042_chain_01,42,chain
size_042_chain_01_node_039,size_042_chain_01_node_040,size_042_chain_01,42,chain
size_042_chain_01_node_040,size_042_chain_01_node_041,size_042_chain_01,42,chain
size_042_chain_01_node_041,size_042_chain_01_node_042,size_042_chain_01,42,chain
size_042_star_02_node_001,size_042_star_02_node_002,size_042_star_02,42,star
size_042_star_02_node_001,size_042_star_02_node_003,size_042_star_02,42,star
size_042_star_02_node_001,size_042_star_02_node_004,size_042_star_02,42,star
size_042_star_02_node_001,size_042_star_02_node_005,size_042_star_02,42,star
size_042_star_02_node_001,size_042_star_02_node_006,size_042_star_02,42,star
size_042_star_02_node_001,size_042_star_02_node_007,size_042_star_02,42,star
size_042_star_02_node_001,size_042_star_02_node_008,size_042_star_02,42,star
size_042_star_02_node_001,size_042_star_02_node_009,size_042_star_02,42,star
size_042_star_02_node_001,size_042_star_02_node_010,size_042_star_02,42,star
size_042_star_02_node_001,size_042_star_02_node_011,size_042_star_02,42,star
size_042_star_02_node_001,size_042_star_02_node_012,size_042_star_02,42,star
size_042_star_02_node_001,size_042_star_02_node_013,size_042_star_02,42,star
size_042_star_02_node_001,size_042_star_02_node_014,size_042_star_02,42,star
size_042_star_02_node_001,size_042_star_02_node_015,size_042_star_02,42,star
size_042_star_02_node_001,size_042_star_02_node_016,size_042_star_02,42,star
size_042_star_02_node_001,size_042_star_02_node_017,size_042_star_02,42,star
size_042_star_02_node_001,size_042_star_02_node_018,size_042_star_02,42,star
size_042_star_02_node_001,size_042_star_02_node_019,size_042_star_02,42,star
size_042_star_02_node_001,size_042_star_02_node_020,size_042_star_02,42,star
size_042_star_02_node_001,size_042_star_02_node_021,size_042_star_02,42,star
size_042_star_02_node_001,size_042_star_02_node_022,size_042_star_02,42,star
size_042_star_02_node_001,size_042_star_02_node_023,size_042_star_02,42,star
size_042_star_02_node_001,size_042_star_02_node_024,size_042_star_02,42,star
size_042_star_02_node_001,size_042_star_02_node_025,size_042_star_02,42,star
size_042_star_02_node_001,size_042_star_02_node_026,size_042_star_02,42,star
size_042_star_02_node_001,size_042_star_02_node_027,size_042_star_02,42,star
size_042_star_02_node_001,size_042_star_02_node_028,size_042_star_02,42,star
size_042_star_02_node_001,size_042_star_02_node_029,size_042_star_02,42,star
size_042_star_02_node_001,size_042_star_02_node_030,size_042_star_02,42,star
size_042_star_02_node_001,size_042_star_02_node_031,size_042_star_02,42,star
size_042_star_02_node_001,size_042_star_02_node_032,size_042_star_02,42,star
size_042_star_02_node_001,size_042_star_02_node_033,size_042_star_02,42,star
size_042_star_02_node_001,size_042_star_02_node_034,size_042_star_02,42,star
size_042_star_02_node_001,size_042_star_02_node_035,size_042_star_02,42,star
size_042_star_02_node_001,size_042_star_02_node_036,size_042_star_02,42,star
size_042_star_02_node_001,size_042_star_02_node_037,size_042_star_02,42,star
size_042_star_02_node_001,size_042_star_02_node_038,size_042_star_02,42,star
size_042_star_02_node_001,size_042_star_02_node_039,size_042_star_02,42,star
size_042_star_02_node_001,size_042_star_02_node_040,size_042_star_02,42,star
size_042_star_02_node_001,size_042_star_02_node_041,size_042_star_02,42,star
size_042_star_02_node_001,size_042_star_02_node_042,size_042_star_02,42,star
size_042_cycle_03_node_001,size_042_cycle_03_node_002,size_042_cycle_03,42,cycle
size_042_cycle_03_node_002,size_042_cycle_03_node_003,size_042_cycle_03,42,cycle
size_042_cycle_03_node_003,size_042_cycle_03_node_004,size_042_cycle_03,42,cycle
size_042_cycle_03_node_004,size_042_cycle_03_node_005,size_042_cycle_03,42,cycle
size_042_cycle_03_node_005,size_042_cycle_03_node_006,size_042_cycle_03,42,cycle
size_042_cycle_03_node_006,size_042_cycle_03_node_007,size_042_cycle_03,42,cycle
size_042_cycle_03_node_007,size_042_cycle_03_node_008,size_042_cycle_03,42,cycle
size_042_cycle_03_node_008,size_042_cycle_03_node_009,size_042_cycle_03,42,cycle
size_042_cycle_03_node_009,size_042_cycle_03_node_010,size_042_cycle_03,42,cycle
size_042_cycle_03_node_010,size_042_cycle_03_node_011,size_042_cycle_03,42,cycle
size_042_cycle_03_node_011,size_042_cycle_03_node_012,size_042_cycle_03,42,cycle
size_042_cycle_03_node_012,size_042_cycle_03_node_013,size_042_cycle_03,42,cycle
size_042_cycle_03_node_013,size_042_cycle_03_node_014,size_042_cycle_03,42,cycle
size_042_cycle_03_node_014,size_042_cycle_03_node_015,size_042_cycle_03,42,cycle
size_042_cycle_03_node_015,size_042_cycle_03_node_016,size_042_cycle_03,42,cycle
size_042_cycle_03_node_016,size_042_cycle_03_node_017,size_042_cycle_03,42,cycle
size_042_cycle_03_node_017,size_042_cycle_03_node_018,size_042_cycle_03,42,cycle
size_042_cycle_03_node_018,size_042_cycle_03_node_019,size_042_cycle_03,42,cycle
size_042_cycle_03_node_019,size_042_cycle_03_node_020,size_042_cycle_03,42,cycle
size_042_cycle_03_node_020,size_042_cycle_03_node_021,size_042_cycle_03,42,cycle
size_042_cycle_03_node_021,size_042_cycle_03_node_022,size_042_cycle_03,42,cycle
size_042_cycle_03_node_022,size_042_cycle_03_node_023,size_042_cycle_03,42,cycle
size_042_cycle_03_node_023,size_042_cycle_03_node_024,size_042_cycle_03,42,cycle
size_042_cycle_03_node_024,size_042_cycle_03_node_025,size_042_cycle_03,42,cycle
size_042_cycle_03_node_025,size_042_cycle_03_node_026,size_042_cycle_03,42,cycle
size_042_cycle_03_node_026,size_042_cycle_03_node_027,size_042_cycle_03,42,cycle
size_042_cycle_03_node_027,size_042_cycle_03_node_028,size_042_cycle_03,42,cycle
size_042_cycle_03_node_028,size_042_cycle_03_node_029,size_042_cycle_03,42,cycle
size_042_cycle_03_node_029,size_042_cycle_03_node_030,size_042_cycle_03,42,cycle
size_042_cycle_03_node_030,size_042_cycle_03_node_031,size_042_cycle_03,42,cycle
size_042_cycle_03_node_031,size_042_cycle_03_node_032,size_042_cycle_03,42,cycle
size_042_cycle_03_node_032,size_042_cycle_03_node_033,size_042_cycle_03,42,cycle
size_042_cycle_03_node_033,size_042_cycle_03_node_034,size_042_cycle_03,42,cycle
size_042_cycle_03_node_034,size_042_cycle_03_node_035,size_042_cycle_03,42,cycle
size_042_cycle_03_node_035,size_042_cycle_03_node_036,size_042_cycle_03,42,cycle
size_042_cycle_03_node_036,size_042_cycle_03_node_037,size_042_cycle_03,42,cycle
size_042_cycle_03_node_037,size_042_cycle_03_node_038,size_042_cycle_03,42,cycle
size_042_cycle_03_node_038,size_042_cycle_03_node_039,size_042_cycle_03,42,cycle
size_042_cycle_03_node_039,size_042_cycle_03_node_040,size_042_cycle_03,42,cycle
size_042_cycle_03_node_040,size_042_cycle_03_node_041,size_042_cycle_03,42,cycle
size_042_cycle_03_node_041,size_042_cycle_03_node_042,size_042_cycle_03,42,cycle
size_042_cycle_03_node_042,size_042_cycle_03_node_001,size_042_cycle_03,42,cycle
size_042_binary_tree_04_node_001,size_042_binary_tree_04_node_002,size_042_binary_tree_04,42,binary_tree
size_042_binary_tree_04_node_001,size_042_binary_tree_04_node_003,size_042_binary_tree_04,42,binary_tree
size_042_binary_tree_04_node_002,size_042_binary_tree_04_node_004,size_042_binary_tree_04,42,binary_tree
size_042_binary_tree_04_node_002,size_042_binary_tree_04_node_005,size_042_binary_tree_04,42,binary_tree
size_042_binary_tree_04_node_003,size_042_binary_tree_04_node_006,size_042_binary_tree_04,42,binary_tree
size_042_binary_tree_04_node_003,size_042_binary_tree_04_node_007,size_042_binary_tree_04,42,binary_tree
size_042_binary_tree_04_node_004,size_042_binary_tree_04_node_008,size_042_binary_tree_04,42,binary_tree
size_042_binary_tree_04_node_004,size_042_binary_tree_04_node_009,size_042_binary_tree_04,42,binary_tree
size_042_binary_tree_04_node_005,size_042_binary_tree_04_node_010,size_042_binary_tree_04,42,binary_tree
size_042_binary_tree_04_node_005,size_042_binary_tree_04_node_011,size_042_binary_tree_04,42,binary_tree
size_042_binary_tree_04_node_006,size_042_binary_tree_04_node_012,size_042_binary_tree_04,42,binary_tree
size_042_binary_tree_04_node_006,size_042_binary_tree_04_node_013,size_042_binary_tree_04,42,binary_tree
size_042_binary_tree_04_node_007,size_042_binary_tree_04_node_014,size_042_binary_tree_04,42,binary_tree
size_042_binary_tree_04_node_007,size_042_binary_tree_04_node_015,size_042_binary_tree_04,42,binary_tree
size_042_binary_tree_04_node_008,size_042_binary_tree_04_node_016,size_042_binary_tree_04,42,binary_tree
size_042_binary_tree_04_node_008,size_042_binary_tree_04_node_017,size_042_binary_tree_04,42,binary_tree
size_042_binary_tree_04_node_009,size_042_binary_tree_04_node_018,size_042_binary_tree_04,42,binary_tree
size_042_binary_tree_04_node_009,size_042_binary_tree_04_node_019,size_042_binary_tree_04,42,binary_tree
size_042_binary_tree_04_node_010,size_042_binary_tree_04_node_020,size_042_binary_tree_04,42,binary_tree
size_042_binary_tree_04_node_010,size_042_binary_tree_04_node_021,size_042_binary_tree_04,42,binary_tree
size_042_binary_tree_04_node_011,size_042_binary_tree_04_node_022,size_042_binary_tree_04,42,binary_tree
size_042_binary_tree_04_node_011,size_042_binary_tree_04_node_023,size_042_binary_tree_04,42,binary_tree
size_042_binary_tree_04_node_012,size_042_binary_tree_04_node_024,size_042_binary_tree_04,42,binary_tree
size_042_binary_tree_04_node_012,size_042_binary_tree_04_node_025,size_042_binary_tree_04,42,binary_tree
size_042_binary_tree_04_node_013,size_042_binary_tree_04_node_026,size_042_binary_tree_04,42,binary_tree
size_042_binary_tree_04_node_013,size_042_binary_tree_04_node_027,size_042_binary_tree_04,42,binary_tree
size_042_binary_tree_04_node_014,size_042_binary_tree_04_node_028,size_042_binary_tree_04,42,binary_tree
size_042_binary_tree_04_node_014,size_042_binary_tree_04_node_029,size_042_binary_tree_04,42,binary_tree
size_042_binary_tree_04_node_015,size_042_binary_tree_04_node_030,size_042_binary_tree_04,42,binary_tree
size_042_binary_tree_04_node_015,size_042_binary_tree_04_node_031,size_042_binary_tree_04,42,binary_tree
size_042_binary_tree_04_node_016,size_042_binary_tree_04_node_032,size_042_binary_tree_04,42,binary_tree
size_042_binary_tree_04_node_016,size_042_binary_tree_04_node_033,size_042_binary_tree_04,42,binary_tree
size_042_binary_tree_04_node_017,size_042_binary_tree_04_node_034,size_042_binary_tree_04,42,binary_tree
size_042_binary_tree_04_node_017,size_042_binary_tree_04_node_035,size_042_binary_tree_04,42,binary_tree
size_042_binary_tree_04_node_018,size_042_binary_tree_04_node_036,size_042_binary_tree_04,42,binary_tree
size_042_binary_tree_04_node_018,size_042_binary_tree_04_node_037,size_042_binary_tree_04,42,binary_tree
size_042_binary_tree_04_node_019,size_042_binary_tree_04_node_038,size_042_binary_tree_04,42,binary_tree
size_042_binary_tree_04_node_019,size_042_binary_tree_04_node_039,size_042_binary_tree_04,42,binary_tree
size_042_binary_tree_04_node_020,size_042_binary_tree_04_node_040,size_042_binary_tree_04,42,binary_tree
size_042_binary_tree_04_node_020,size_042_binary_tree_04_node_041,size_042_binary_tree_04,42,binary_tree
size_042_binary_tree_04_node_021,size_042_binary_tree_04_node_042,size_042_binary_tree_04,42,binary_tree
size_043_chain_01_node_001,size_043_chain_01_node_002,size_043_chain_01,43,chain
size_043_chain_01_node_002,size_043_chain_01_node_003,size_043_chain_01,43,chain
size_043_chain_01_node_003,size_043_chain_01_node_004,size_043_chain_01,43,chain
size_043_chain_01_node_004,size_043_chain_01_node_005,size_043_chain_01,43,chain
size_043_chain_01_node_005,size_043_chain_01_node_006,size_043_chain_01,43,chain
size_043_chain_01_node_006,size_043_chain_01_node_007,size_043_chain_01,43,chain
size_043_chain_01_node_007,size_043_chain_01_node_008,size_043_chain_01,43,chain
size_043_chain_01_node_008,size_043_chain_01_node_009,size_043_chain_01,43,chain
size_043_chain_01_node_009,size_043_chain_01_node_010,size_043_chain_01,43,chain
size_043_chain_01_node_010,size_043_chain_01_node_011,size_043_chain_01,43,chain
size_043_chain_01_node_011,size_043_chain_01_node_012,size_043_chain_01,43,chain
size_043_chain_01_node_012,size_043_chain_01_node_013,size_043_chain_01,43,chain
size_043_chain_01_node_013,size_043_chain_01_node_014,size_043_chain_01,43,chain
size_043_chain_01_node_014,size_043_chain_01_node_015,size_043_chain_01,43,chain
size_043_chain_01_node_015,size_043_chain_01_node_016,size_043_chain_01,43,chain
size_043_chain_01_node_016,size_043_chain_01_node_017,size_043_chain_01,43,chain
size_043_chain_01_node_017,size_043_chain_01_node_018,size_043_chain_01,43,chain
size_043_chain_01_node_018,size_043_chain_01_node_019,size_043_chain_01,43,chain
size_043_chain_01_node_019,size_043_chain_01_node_020,size_043_chain_01,43,chain
size_043_chain_01_node_020,size_043_chain_01_node_021,size_043_chain_01,43,chain
size_043_chain_01_node_021,size_043_chain_01_node_022,size_043_chain_01,43,chain
size_043_chain_01_node_022,size_043_chain_01_node_023,size_043_chain_01,43,chain
size_043_chain_01_node_023,size_043_chain_01_node_024,size_043_chain_01,43,chain
size_043_chain_01_node_024,size_043_chain_01_node_025,size_043_chain_01,43,chain
size_043_chain_01_node_025,size_043_chain_01_node_026,size_043_chain_01,43,chain
size_043_chain_01_node_026,size_043_chain_01_node_027,size_043_chain_01,43,chain
size_043_chain_01_node_027,size_043_chain_01_node_028,size_043_chain_01,43,chain
size_043_chain_01_node_028,size_043_chain_01_node_029,size_043_chain_01,43,chain
size_043_chain_01_node_029,size_043_chain_01_node_030,size_043_chain_01,43,chain
size_043_chain_01_node_030,size_043_chain_01_node_031,size_043_chain_01,43,chain
size_043_chain_01_node_031,size_043_chain_01_node_032,size_043_chain_01,43,chain
size_043_chain_01_node_032,size_043_chain_01_node_033,size_043_chain_01,43,chain
size_043_chain_01_node_033,size_043_chain_01_node_034,size_043_chain_01,43,chain
size_043_chain_01_node_034,size_043_chain_01_node_035,size_043_chain_01,43,chain
size_043_chain_01_node_035,size_043_chain_01_node_036,size_043_chain_01,43,chain
size_043_chain_01_node_036,size_043_chain_01_node_037,size_043_chain_01,43,chain
size_043_chain_01_node_037,size_043_chain_01_node_038,size_043_chain_01,43,chain
size_043_chain_01_node_038,size_043_chain_01_node_039,size_043_chain_01,43,chain
size_043_chain_01_node_039,size_043_chain_01_node_040,size_043_chain_01,43,chain
size_043_chain_01_node_040,size_043_chain_01_node_041,size_043_chain_01,43,chain
size_043_chain_01_node_041,size_043_chain_01_node_042,size_043_chain_01,43,chain
size_043_chain_01_node_042,size_043_chain_01_node_043,size_043_chain_01,43,chain
size_043_star_02_node_001,size_043_star_02_node_002,size_043_star_02,43,star
size_043_star_02_node_001,size_043_star_02_node_003,size_043_star_02,43,star
size_043_star_02_node_001,size_043_star_02_node_004,size_043_star_02,43,star
size_043_star_02_node_001,size_043_star_02_node_005,size_043_star_02,43,star
size_043_star_02_node_001,size_043_star_02_node_006,size_043_star_02,43,star
size_043_star_02_node_001,size_043_star_02_node_007,size_043_star_02,43,star
size_043_star_02_node_001,size_043_star_02_node_008,size_043_star_02,43,star
size_043_star_02_node_001,size_043_star_02_node_009,size_043_star_02,43,star
size_043_star_02_node_001,size_043_star_02_node_010,size_043_star_02,43,star
size_043_star_02_node_001,size_043_star_02_node_011,size_043_star_02,43,star
size_043_star_02_node_001,size_043_star_02_node_012,size_043_star_02,43,star
size_043_star_02_node_001,size_043_star_02_node_013,size_043_star_02,43,star
size_043_star_02_node_001,size_043_star_02_node_014,size_043_star_02,43,star
size_043_star_02_node_001,size_043_star_02_node_015,size_043_star_02,43,star
size_043_star_02_node_001,size_043_star_02_node_016,size_043_star_02,43,star
size_043_star_02_node_001,size_043_star_02_node_017,size_043_star_02,43,star
size_043_star_02_node_001,size_043_star_02_node_018,size_043_star_02,43,star
size_043_star_02_node_001,size_043_star_02_node_019,size_043_star_02,43,star
size_043_star_02_node_001,size_043_star_02_node_020,size_043_star_02,43,star
size_043_star_02_node_001,size_043_star_02_node_021,size_043_star_02,43,star
size_043_star_02_node_001,size_043_star_02_node_022,size_043_star_02,43,star
size_043_star_02_node_001,size_043_star_02_node_023,size_043_star_02,43,star
size_043_star_02_node_001,size_043_star_02_node_024,size_043_star_02,43,star
size_043_star_02_node_001,size_043_star_02_node_025,size_043_star_02,43,star
size_043_star_02_node_001,size_043_star_02_node_026,size_043_star_02,43,star
size_043_star_02_node_001,size_043_star_02_node_027,size_043_star_02,43,star
size_043_star_02_node_001,size_043_star_02_node_028,size_043_star_02,43,star
size_043_star_02_node_001,size_043_star_02_node_029,size_043_star_02,43,star
size_043_star_02_node_001,size_043_star_02_node_030,size_043_star_02,43,star
size_043_star_02_node_001,size_043_star_02_node_031,size_043_star_02,43,star
size_043_star_02_node_001,size_043_star_02_node_032,size_043_star_02,43,star
size_043_star_02_node_001,size_043_star_02_node_033,size_043_star_02,43,star
size_043_star_02_node_001,size_043_star_02_node_034,size_043_star_02,43,star
size_043_star_02_node_001,size_043_star_02_node_035,size_043_star_02,43,star
size_043_star_02_node_001,size_043_star_02_node_036,size_043_star_02,43,star
size_043_star_02_node_001,size_043_star_02_node_037,size_043_star_02,43,star
size_043_star_02_node_001,size_043_star_02_node_038,size_043_star_02,43,star
size_043_star_02_node_001,size_043_star_02_node_039,size_043_star_02,43,star
size_043_star_02_node_001,size_043_star_02_node_040,size_043_star_02,43,star
size_043_star_02_node_001,size_043_star_02_node_041,size_043_star_02,43,star
size_043_star_02_node_001,size_043_star_02_node_042,size_043_star_02,43,star
size_043_star_02_node_001,size_043_star_02_node_043,size_043_star_02,43,star
size_043_cycle_03_node_001,size_043_cycle_03_node_002,size_043_cycle_03,43,cycle
size_043_cycle_03_node_002,size_043_cycle_03_node_003,size_043_cycle_03,43,cycle
size_043_cycle_03_node_003,size_043_cycle_03_node_004,size_043_cycle_03,43,cycle
size_043_cycle_03_node_004,size_043_cycle_03_node_005,size_043_cycle_03,43,cycle
size_043_cycle_03_node_005,size_043_cycle_03_node_006,size_043_cycle_03,43,cycle
size_043_cycle_03_node_006,size_043_cycle_03_node_007,size_043_cycle_03,43,cycle
size_043_cycle_03_node_007,size_043_cycle_03_node_008,size_043_cycle_03,43,cycle
size_043_cycle_03_node_008,size_043_cycle_03_node_009,size_043_cycle_03,43,cycle
size_043_cycle_03_node_009,size_043_cycle_03_node_010,size_043_cycle_03,43,cycle
size_043_cycle_03_node_010,size_043_cycle_03_node_011,size_043_cycle_03,43,cycle
size_043_cycle_03_node_011,size_043_cycle_03_node_012,size_043_cycle_03,43,cycle
size_043_cycle_03_node_012,size_043_cycle_03_node_013,size_043_cycle_03,43,cycle
size_043_cycle_03_node_013,size_043_cycle_03_node_014,size_043_cycle_03,43,cycle
size_043_cycle_03_node_014,size_043_cycle_03_node_015,size_043_cycle_03,43,cycle
size_043_cycle_03_node_015,size_043_cycle_03_node_016,size_043_cycle_03,43,cycle
size_043_cycle_03_node_016,size_043_cycle_03_node_017,size_043_cycle_03,43,cycle
size_043_cycle_03_node_017,size_043_cycle_03_node_018,size_043_cycle_03,43,cycle
size_043_cycle_03_node_018,size_043_cycle_03_node_019,size_043_cycle_03,43,cycle
size_043_cycle_03_node_019,size_043_cycle_03_node_020,size_043_cycle_03,43,cycle
size_043_cycle_03_node_020,size_043_cycle_03_node_021,size_043_cycle_03,43,cycle
size_043_cycle_03_node_021,size_043_cycle_03_node_022,size_043_cycle_03,43,cycle
size_043_cycle_03_node_022,size_043_cycle_03_node_023,size_043_cycle_03,43,cycle
size_043_cycle_03_node_023,size_043_cycle_03_node_024,size_043_cycle_03,43,cycle
size_043_cycle_03_node_024,size_043_cycle_03_node_025,size_043_cycle_03,43,cycle
size_043_cycle_03_node_025,size_043_cycle_03_node_026,size_043_cycle_03,43,cycle
size_043_cycle_03_node_026,size_043_cycle_03_node_027,size_043_cycle_03,43,cycle
size_043_cycle_03_node_027,size_043_cycle_03_node_028,size_043_cycle_03,43,cycle
size_043_cycle_03_node_028,size_043_cycle_03_node_029,size_043_cycle_03,43,cycle
size_043_cycle_03_node_029,size_043_cycle_03_node_030,size_043_cycle_03,43,cycle
size_043_cycle_03_node_030,size_043_cycle_03_node_031,size_043_cycle_03,43,cycle
size_043_cycle_03_node_031,size_043_cycle_03_node_032,size_043_cycle_03,43,cycle
size_043_cycle_03_node_032,size_043_cycle_03_node_033,size_043_cycle_03,43,cycle
size_043_cycle_03_node_033,size_043_cycle_03_node_034,size_043_cycle_03,43,cycle
size_043_cycle_03_node_034,size_043_cycle_03_node_035,size_043_cycle_03,43,cycle
size_043_cycle_03_node_035,size_043_cycle_03_node_036,size_043_cycle_03,43,cycle
size_043_cycle_03_node_036,size_043_cycle_03_node_037,size_043_cycle_03,43,cycle
size_043_cycle_03_node_037,size_043_cycle_03_node_038,size_043_cycle_03,43,cycle
size_043_cycle_03_node_038,size_043_cycle_03_node_039,size_043_cycle_03,43,cycle
size_043_cycle_03_node_039,size_043_cycle_03_node_040,size_043_cycle_03,43,cycle
size_043_cycle_03_node_040,size_043_cycle_03_node_041,size_043_cycle_03,43,cycle
size_043_cycle_03_node_041,size_043_cycle_03_node_042,size_043_cycle_03,43,cycle
size_043_cycle_03_node_042,size_043_cycle_03_node_043,size_043_cycle_03,43,cycle
size_043_cycle_03_node_043,size_043_cycle_03_node_001,size_043_cycle_03,43,cycle
size_043_binary_tree_04_node_001,size_043_binary_tree_04_node_002,size_043_binary_tree_04,43,binary_tree
size_043_binary_tree_04_node_001,size_043_binary_tree_04_node_003,size_043_binary_tree_04,43,binary_tree
size_043_binary_tree_04_node_002,size_043_binary_tree_04_node_004,size_043_binary_tree_04,43,binary_tree
size_043_binary_tree_04_node_002,size_043_binary_tree_04_node_005,size_043_binary_tree_04,43,binary_tree
size_043_binary_tree_04_node_003,size_043_binary_tree_04_node_006,size_043_binary_tree_04,43,binary_tree
size_043_binary_tree_04_node_003,size_043_binary_tree_04_node_007,size_043_binary_tree_04,43,binary_tree
size_043_binary_tree_04_node_004,size_043_binary_tree_04_node_008,size_043_binary_tree_04,43,binary_tree
size_043_binary_tree_04_node_004,size_043_binary_tree_04_node_009,size_043_binary_tree_04,43,binary_tree
size_043_binary_tree_04_node_005,size_043_binary_tree_04_node_010,size_043_binary_tree_04,43,binary_tree
size_043_binary_tree_04_node_005,size_043_binary_tree_04_node_011,size_043_binary_tree_04,43,binary_tree
size_043_binary_tree_04_node_006,size_043_binary_tree_04_node_012,size_043_binary_tree_04,43,binary_tree
size_043_binary_tree_04_node_006,size_043_binary_tree_04_node_013,size_043_binary_tree_04,43,binary_tree
size_043_binary_tree_04_node_007,size_043_binary_tree_04_node_014,size_043_binary_tree_04,43,binary_tree
size_043_binary_tree_04_node_007,size_043_binary_tree_04_node_015,size_043_binary_tree_04,43,binary_tree
size_043_binary_tree_04_node_008,size_043_binary_tree_04_node_016,size_043_binary_tree_04,43,binary_tree
size_043_binary_tree_04_node_008,size_043_binary_tree_04_node_017,size_043_binary_tree_04,43,binary_tree
size_043_binary_tree_04_node_009,size_043_binary_tree_04_node_018,size_043_binary_tree_04,43,binary_tree
size_043_binary_tree_04_node_009,size_043_binary_tree_04_node_019,size_043_binary_tree_04,43,binary_tree
size_043_binary_tree_04_node_010,size_043_binary_tree_04_node_020,size_043_binary_tree_04,43,binary_tree
size_043_binary_tree_04_node_010,size_043_binary_tree_04_node_021,size_043_binary_tree_04,43,binary_tree
size_043_binary_tree_04_node_011,size_043_binary_tree_04_node_022,size_043_binary_tree_04,43,binary_tree
size_043_binary_tree_04_node_011,size_043_binary_tree_04_node_023,size_043_binary_tree_04,43,binary_tree
size_043_binary_tree_04_node_012,size_043_binary_tree_04_node_024,size_043_binary_tree_04,43,binary_tree
size_043_binary_tree_04_node_012,size_043_binary_tree_04_node_025,size_043_binary_tree_04,43,binary_tree
size_043_binary_tree_04_node_013,size_043_binary_tree_04_node_026,size_043_binary_tree_04,43,binary_tree
size_043_binary_tree_04_node_013,size_043_binary_tree_04_node_027,size_043_binary_tree_04,43,binary_tree
size_043_binary_tree_04_node_014,size_043_binary_tree_04_node_028,size_043_binary_tree_04,43,binary_tree
size_043_binary_tree_04_node_014,size_043_binary_tree_04_node_029,size_043_binary_tree_04,43,binary_tree
size_043_binary_tree_04_node_015,size_043_binary_tree_04_node_030,size_043_binary_tree_04,43,binary_tree
size_043_binary_tree_04_node_015,size_043_binary_tree_04_node_031,size_043_binary_tree_04,43,binary_tree
size_043_binary_tree_04_node_016,size_043_binary_tree_04_node_032,size_043_binary_tree_04,43,binary_tree
size_043_binary_tree_04_node_016,size_043_binary_tree_04_node_033,size_043_binary_tree_04,43,binary_tree
size_043_binary_tree_04_node_017,size_043_binary_tree_04_node_034,size_043_binary_tree_04,43,binary_tree
size_043_binary_tree_04_node_017,size_043_binary_tree_04_node_035,size_043_binary_tree_04,43,binary_tree
size_043_binary_tree_04_node_018,size_043_binary_tree_04_node_036,size_043_binary_tree_04,43,binary_tree
size_043_binary_tree_04_node_018,size_043_binary_tree_04_node_037,size_043_binary_tree_04,43,binary_tree
size_043_binary_tree_04_node_019,size_043_binary_tree_04_node_038,size_043_binary_tree_04,43,binary_tree
size_043_binary_tree_04_node_019,size_043_binary_tree_04_node_039,size_043_binary_tree_04,43,binary_tree
size_043_binary_tree_04_node_020,size_043_binary_tree_04_node_040,size_043_binary_tree_04,43,binary_tree
size_043_binary_tree_04_node_020,size_043_binary_tree_04_node_041,size_043_binary_tree_04,43,binary_tree
size_043_binary_tree_04_node_021,size_043_binary_tree_04_node_042,size_043_binary_tree_04,43,binary_tree
size_043_binary_tree_04_node_021,size_043_binary_tree_04_node_043,size_043_binary_tree_04,43,binary_tree
size_044_chain_01_node_001,size_044_chain_01_node_002,size_044_chain_01,44,chain
size_044_chain_01_node_002,size_044_chain_01_node_003,size_044_chain_01,44,chain
size_044_chain_01_node_003,size_044_chain_01_node_004,size_044_chain_01,44,chain
size_044_chain_01_node_004,size_044_chain_01_node_005,size_044_chain_01,44,chain
size_044_chain_01_node_005,size_044_chain_01_node_006,size_044_chain_01,44,chain
size_044_chain_01_node_006,size_044_chain_01_node_007,size_044_chain_01,44,chain
size_044_chain_01_node_007,size_044_chain_01_node_008,size_044_chain_01,44,chain
size_044_chain_01_node_008,size_044_chain_01_node_009,size_044_chain_01,44,chain
size_044_chain_01_node_009,size_044_chain_01_node_010,size_044_chain_01,44,chain
size_044_chain_01_node_010,size_044_chain_01_node_011,size_044_chain_01,44,chain
size_044_chain_01_node_011,size_044_chain_01_node_012,size_044_chain_01,44,chain
size_044_chain_01_node_012,size_044_chain_01_node_013,size_044_chain_01,44,chain
size_044_chain_01_node_013,size_044_chain_01_node_014,size_044_chain_01,44,chain
size_044_chain_01_node_014,size_044_chain_01_node_015,size_044_chain_01,44,chain
size_044_chain_01_node_015,size_044_chain_01_node_016,size_044_chain_01,44,chain
size_044_chain_01_node_016,size_044_chain_01_node_017,size_044_chain_01,44,chain
size_044_chain_01_node_017,size_044_chain_01_node_018,size_044_chain_01,44,chain
size_044_chain_01_node_018,size_044_chain_01_node_019,size_044_chain_01,44,chain
size_044_chain_01_node_019,size_044_chain_01_node_020,size_044_chain_01,44,chain
size_044_chain_01_node_020,size_044_chain_01_node_021,size_044_chain_01,44,chain
size_044_chain_01_node_021,size_044_chain_01_node_022,size_044_chain_01,44,chain
size_044_chain_01_node_022,size_044_chain_01_node_023,size_044_chain_01,44,chain
size_044_chain_01_node_023,size_044_chain_01_node_024,size_044_chain_01,44,chain
size_044_chain_01_node_024,size_044_chain_01_node_025,size_044_chain_01,44,chain
size_044_chain_01_node_025,size_044_chain_01_node_026,size_044_chain_01,44,chain
size_044_chain_01_node_026,size_044_chain_01_node_027,size_044_chain_01,44,chain
size_044_chain_01_node_027,size_044_chain_01_node_028,size_044_chain_01,44,chain
size_044_chain_01_node_028,size_044_chain_01_node_029,size_044_chain_01,44,chain
size_044_chain_01_node_029,size_044_chain_01_node_030,size_044_chain_01,44,chain
size_044_chain_01_node_030,size_044_chain_01_node_031,size_044_chain_01,44,chain
size_044_chain_01_node_031,size_044_chain_01_node_032,size_044_chain_01,44,chain
size_044_chain_01_node_032,size_044_chain_01_node_033,size_044_chain_01,44,chain
size_044_chain_01_node_033,size_044_chain_01_node_034,size_044_chain_01,44,chain
size_044_chain_01_node_034,size_044_chain_01_node_035,size_044_chain_01,44,chain
size_044_chain_01_node_035,size_044_chain_01_node_036,size_044_chain_01,44,chain
size_044_chain_01_node_036,size_044_chain_01_node_037,size_044_chain_01,44,chain
size_044_chain_01_node_037,size_044_chain_01_node_038,size_044_chain_01,44,chain
size_044_chain_01_node_038,size_044_chain_01_node_039,size_044_chain_01,44,chain
size_044_chain_01_node_039,size_044_chain_01_node_040,size_044_chain_01,44,chain
size_044_chain_01_node_040,size_044_chain_01_node_041,size_044_chain_01,44,chain
size_044_chain_01_node_041,size_044_chain_01_node_042,size_044_chain_01,44,chain
size_044_chain_01_node_042,size_044_chain_01_node_043,size_044_chain_01,44,chain
size_044_chain_01_node_043,size_044_chain_01_node_044,size_044_chain_01,44,chain
size_044_star_02_node_001,size_044_star_02_node_002,size_044_star_02,44,star
size_044_star_02_node_001,size_044_star_02_node_003,size_044_star_02,44,star
size_044_star_02_node_001,size_044_star_02_node_004,size_044_star_02,44,star
size_044_star_02_node_001,size_044_star_02_node_005,size_044_star_02,44,star
size_044_star_02_node_001,size_044_star_02_node_006,size_044_star_02,44,star
size_044_star_02_node_001,size_044_star_02_node_007,size_044_star_02,44,star
size_044_star_02_node_001,size_044_star_02_node_008,size_044_star_02,44,star
size_044_star_02_node_001,size_044_star_02_node_009,size_044_star_02,44,star
size_044_star_02_node_001,size_044_star_02_node_010,size_044_star_02,44,star
size_044_star_02_node_001,size_044_star_02_node_011,size_044_star_02,44,star
size_044_star_02_node_001,size_044_star_02_node_012,size_044_star_02,44,star
size_044_star_02_node_001,size_044_star_02_node_013,size_044_star_02,44,star
size_044_star_02_node_001,size_044_star_02_node_014,size_044_star_02,44,star
size_044_star_02_node_001,size_044_star_02_node_015,size_044_star_02,44,star
size_044_star_02_node_001,size_044_star_02_node_016,size_044_star_02,44,star
size_044_star_02_node_001,size_044_star_02_node_017,size_044_star_02,44,star
size_044_star_02_node_001,size_044_star_02_node_018,size_044_star_02,44,star
size_044_star_02_node_001,size_044_star_02_node_019,size_044_star_02,44,star
size_044_star_02_node_001,size_044_star_02_node_020,size_044_star_02,44,star
size_044_star_02_node_001,size_044_star_02_node_021,size_044_star_02,44,star
size_044_star_02_node_001,size_044_star_02_node_022,size_044_star_02,44,star
size_044_star_02_node_001,size_044_star_02_node_023,size_044_star_02,44,star
size_044_star_02_node_001,size_044_star_02_node_024,size_044_star_02,44,star
size_044_star_02_node_001,size_044_star_02_node_025,size_044_star_02,44,star
size_044_star_02_node_001,size_044_star_02_node_026,size_044_star_02,44,star
size_044_star_02_node_001,size_044_star_02_node_027,size_044_star_02,44,star
size_044_star_02_node_001,size_044_star_02_node_028,size_044_star_02,44,star
size_044_star_02_node_001,size_044_star_02_node_029,size_044_star_02,44,star
size_044_star_02_node_001,size_044_star_02_node_030,size_044_star_02,44,star
size_044_star_02_node_001,size_044_star_02_node_031,size_044_star_02,44,star
size_044_star_02_node_001,size_044_star_02_node_032,size_044_star_02,44,star
size_044_star_02_node_001,size_044_star_02_node_033,size_044_star_02,44,star
size_044_star_02_node_001,size_044_star_02_node_034,size_044_star_02,44,star
size_044_star_02_node_001,size_044_star_02_node_035,size_044_star_02,44,star
size_044_star_02_node_001,size_044_star_02_node_036,size_044_star_02,44,star
size_044_star_02_node_001,size_044_star_02_node_037,size_044_star_02,44,star
size_044_star_02_node_001,size_044_star_02_node_038,size_044_star_02,44,star
size_044_star_02_node_001,size_044_star_02_node_039,size_044_star_02,44,star
size_044_star_02_node_001,size_044_star_02_node_040,size_044_star_02,44,star
size_044_star_02_node_001,size_044_star_02_node_041,size_044_star_02,44,star
size_044_star_02_node_001,size_044_star_02_node_042,size_044_star_02,44,star
size_044_star_02_node_001,size_044_star_02_node_043,size_044_star_02,44,star
size_044_star_02_node_001,size_044_star_02_node_044,size_044_star_02,44,star
size_044_cycle_03_node_001,size_044_cycle_03_node_002,size_044_cycle_03,44,cycle
size_044_cycle_03_node_002,size_044_cycle_03_node_003,size_044_cycle_03,44,cycle
size_044_cycle_03_node_003,size_044_cycle_03_node_004,size_044_cycle_03,44,cycle
size_044_cycle_03_node_004,size_044_cycle_03_node_005,size_044_cycle_03,44,cycle
size_044_cycle_03_node_005,size_044_cycle_03_node_006,size_044_cycle_03,44,cycle
size_044_cycle_03_node_006,size_044_cycle_03_node_007,size_044_cycle_03,44,cycle
size_044_cycle_03_node_007,size_044_cycle_03_node_008,size_044_cycle_03,44,cycle
size_044_cycle_03_node_008,size_044_cycle_03_node_009,size_044_cycle_03,44,cycle
size_044_cycle_03_node_009,size_044_cycle_03_node_010,size_044_cycle_03,44,cycle
size_044_cycle_03_node_010,size_044_cycle_03_node_011,size_044_cycle_03,44,cycle
size_044_cycle_03_node_011,size_044_cycle_03_node_012,size_044_cycle_03,44,cycle
size_044_cycle_03_node_012,size_044_cycle_03_node_013,size_044_cycle_03,44,cycle
size_044_cycle_03_node_013,size_044_cycle_03_node_014,size_044_cycle_03,44,cycle
size_044_cycle_03_node_014,size_044_cycle_03_node_015,size_044_cycle_03,44,cycle
size_044_cycle_03_node_015,size_044_cycle_03_node_016,size_044_cycle_03,44,cycle
size_044_cycle_03_node_016,size_044_cycle_03_node_017,size_044_cycle_03,44,cycle
size_044_cycle_03_node_017,size_044_cycle_03_node_018,size_044_cycle_03,44,cycle
size_044_cycle_03_node_018,size_044_cycle_03_node_019,size_044_cycle_03,44,cycle
size_044_cycle_03_node_019,size_044_cycle_03_node_020,size_044_cycle_03,44,cycle
size_044_cycle_03_node_020,size_044_cycle_03_node_021,size_044_cycle_03,44,cycle
size_044_cycle_03_node_021,size_044_cycle_03_node_022,size_044_cycle_03,44,cycle
size_044_cycle_03_node_022,size_044_cycle_03_node_023,size_044_cycle_03,44,cycle
size_044_cycle_03_node_023,size_044_cycle_03_node_024,size_044_cycle_03,44,cycle
size_044_cycle_03_node_024,size_044_cycle_03_node_025,size_044_cycle_03,44,cycle
size_044_cycle_03_node_025,size_044_cycle_03_node_026,size_044_cycle_03,44,cycle
size_044_cycle_03_node_026,size_044_cycle_03_node_027,size_044_cycle_03,44,cycle
size_044_cycle_03_node_027,size_044_cycle_03_node_028,size_044_cycle_03,44,cycle
size_044_cycle_03_node_028,size_044_cycle_03_node_029,size_044_cycle_03,44,cycle
size_044_cycle_03_node_029,size_044_cycle_03_node_030,size_044_cycle_03,44,cycle
size_044_cycle_03_node_030,size_044_cycle_03_node_031,size_044_cycle_03,44,cycle
size_044_cycle_03_node_031,size_044_cycle_03_node_032,size_044_cycle_03,44,cycle
size_044_cycle_03_node_032,size_044_cycle_03_node_033,size_044_cycle_03,44,cycle
size_044_cycle_03_node_033,size_044_cycle_03_node_034,size_044_cycle_03,44,cycle
size_044_cycle_03_node_034,size_044_cycle_03_node_035,size_044_cycle_03,44,cycle
size_044_cycle_03_node_035,size_044_cycle_03_node_036,size_044_cycle_03,44,cycle
size_044_cycle_03_node_036,size_044_cycle_03_node_037,size_044_cycle_03,44,cycle
size_044_cycle_03_node_037,size_044_cycle_03_node_038,size_044_cycle_03,44,cycle
size_044_cycle_03_node_038,size_044_cycle_03_node_039,size_044_cycle_03,44,cycle
size_044_cycle_03_node_039,size_044_cycle_03_node_040,size_044_cycle_03,44,cycle
size_044_cycle_03_node_040,size_044_cycle_03_node_041,size_044_cycle_03,44,cycle
size_044_cycle_03_node_041,size_044_cycle_03_node_042,size_044_cycle_03,44,cycle
size_044_cycle_03_node_042,size_044_cycle_03_node_043,size_044_cycle_03,44,cycle
size_044_cycle_03_node_043,size_044_cycle_03_node_044,size_044_cycle_03,44,cycle
size_044_cycle_03_node_044,size_044_cycle_03_node_001,size_044_cycle_03,44,cycle
size_044_binary_tree_04_node_001,size_044_binary_tree_04_node_002,size_044_binary_tree_04,44,binary_tree
size_044_binary_tree_04_node_001,size_044_binary_tree_04_node_003,size_044_binary_tree_04,44,binary_tree
size_044_binary_tree_04_node_002,size_044_binary_tree_04_node_004,size_044_binary_tree_04,44,binary_tree
size_044_binary_tree_04_node_002,size_044_binary_tree_04_node_005,size_044_binary_tree_04,44,binary_tree
size_044_binary_tree_04_node_003,size_044_binary_tree_04_node_006,size_044_binary_tree_04,44,binary_tree
size_044_binary_tree_04_node_003,size_044_binary_tree_04_node_007,size_044_binary_tree_04,44,binary_tree
size_044_binary_tree_04_node_004,size_044_binary_tree_04_node_008,size_044_binary_tree_04,44,binary_tree
size_044_binary_tree_04_node_004,size_044_binary_tree_04_node_009,size_044_binary_tree_04,44,binary_tree
size_044_binary_tree_04_node_005,size_044_binary_tree_04_node_010,size_044_binary_tree_04,44,binary_tree
size_044_binary_tree_04_node_005,size_044_binary_tree_04_node_011,size_044_binary_tree_04,44,binary_tree
size_044_binary_tree_04_node_006,size_044_binary_tree_04_node_012,size_044_binary_tree_04,44,binary_tree
size_044_binary_tree_04_node_006,size_044_binary_tree_04_node_013,size_044_binary_tree_04,44,binary_tree
size_044_binary_tree_04_node_007,size_044_binary_tree_04_node_014,size_044_binary_tree_04,44,binary_tree
size_044_binary_tree_04_node_007,size_044_binary_tree_04_node_015,size_044_binary_tree_04,44,binary_tree
size_044_binary_tree_04_node_008,size_044_binary_tree_04_node_016,size_044_binary_tree_04,44,binary_tree
size_044_binary_tree_04_node_008,size_044_binary_tree_04_node_017,size_044_binary_tree_04,44,binary_tree
size_044_binary_tree_04_node_009,size_044_binary_tree_04_node_018,size_044_binary_tree_04,44,binary_tree
size_044_binary_tree_04_node_009,size_044_binary_tree_04_node_019,size_044_binary_tree_04,44,binary_tree
size_044_binary_tree_04_node_010,size_044_binary_tree_04_node_020,size_044_binary_tree_04,44,binary_tree
size_044_binary_tree_04_node_010,size_044_binary_tree_04_node_021,size_044_binary_tree_04,44,binary_tree
size_044_binary_tree_04_node_011,size_044_binary_tree_04_node_022,size_044_binary_tree_04,44,binary_tree
size_044_binary_tree_04_node_011,size_044_binary_tree_04_node_023,size_044_binary_tree_04,44,binary_tree
size_044_binary_tree_04_node_012,size_044_binary_tree_04_node_024,size_044_binary_tree_04,44,binary_tree
size_044_binary_tree_04_node_012,size_044_binary_tree_04_node_025,size_044_binary_tree_04,44,binary_tree
size_044_binary_tree_04_node_013,size_044_binary_tree_04_node_026,size_044_binary_tree_04,44,binary_tree
size_044_binary_tree_04_node_013,size_044_binary_tree_04_node_027,size_044_binary_tree_04,44,binary_tree
size_044_binary_tree_04_node_014,size_044_binary_tree_04_node_028,size_044_binary_tree_04,44,binary_tree
size_044_binary_tree_04_node_014,size_044_binary_tree_04_node_029,size_044_binary_tree_04,44,binary_tree
size_044_binary_tree_04_node_015,size_044_binary_tree_04_node_030,size_044_binary_tree_04,44,binary_tree
size_044_binary_tree_04_node_015,size_044_binary_tree_04_node_031,size_044_binary_tree_04,44,binary_tree
size_044_binary_tree_04_node_016,size_044_binary_tree_04_node_032,size_044_binary_tree_04,44,binary_tree
size_044_binary_tree_04_node_016,size_044_binary_tree_04_node_033,size_044_binary_tree_04,44,binary_tree
size_044_binary_tree_04_node_017,size_044_binary_tree_04_node_034,size_044_binary_tree_04,44,binary_tree
size_044_binary_tree_04_node_017,size_044_binary_tree_04_node_035,size_044_binary_tree_04,44,binary_tree
size_044_binary_tree_04_node_018,size_044_binary_tree_04_node_036,size_044_binary_tree_04,44,binary_tree
size_044_binary_tree_04_node_018,size_044_binary_tree_04_node_037,size_044_binary_tree_04,44,binary_tree
size_044_binary_tree_04_node_019,size_044_binary_tree_04_node_038,size_044_binary_tree_04,44,binary_tree
size_044_binary_tree_04_node_019,size_044_binary_tree_04_node_039,size_044_binary_tree_04,44,binary_tree
size_044_binary_tree_04_node_020,size_044_binary_tree_04_node_040,size_044_binary_tree_04,44,binary_tree
size_044_binary_tree_04_node_020,size_044_binary_tree_04_node_041,size_044_binary_tree_04,44,binary_tree
size_044_binary_tree_04_node_021,size_044_binary_tree_04_node_042,size_044_binary_tree_04,44,binary_tree
size_044_binary_tree_04_node_021,size_044_binary_tree_04_node_043,size_044_binary_tree_04,44,binary_tree
size_044_binary_tree_04_node_022,size_044_binary_tree_04_node_044,size_044_binary_tree_04,44,binary_tree
size_045_chain_01_node_001,size_045_chain_01_node_002,size_045_chain_01,45,chain
size_045_chain_01_node_002,size_045_chain_01_node_003,size_045_chain_01,45,chain
size_045_chain_01_node_003,size_045_chain_01_node_004,size_045_chain_01,45,chain
size_045_chain_01_node_004,size_045_chain_01_node_005,size_045_chain_01,45,chain
size_045_chain_01_node_005,size_045_chain_01_node_006,size_045_chain_01,45,chain
size_045_chain_01_node_006,size_045_chain_01_node_007,size_045_chain_01,45,chain
size_045_chain_01_node_007,size_045_chain_01_node_008,size_045_chain_01,45,chain
size_045_chain_01_node_008,size_045_chain_01_node_009,size_045_chain_01,45,chain
size_045_chain_01_node_009,size_045_chain_01_node_010,size_045_chain_01,45,chain
size_045_chain_01_node_010,size_045_chain_01_node_011,size_045_chain_01,45,chain
size_045_chain_01_node_011,size_045_chain_01_node_012,size_045_chain_01,45,chain
size_045_chain_01_node_012,size_045_chain_01_node_013,size_045_chain_01,45,chain
size_045_chain_01_node_013,size_045_chain_01_node_014,size_045_chain_01,45,chain
size_045_chain_01_node_014,size_045_chain_01_node_015,size_045_chain_01,45,chain
size_045_chain_01_node_015,size_045_chain_01_node_016,size_045_chain_01,45,chain
size_045_chain_01_node_016,size_045_chain_01_node_017,size_045_chain_01,45,chain
size_045_chain_01_node_017,size_045_chain_01_node_018,size_045_chain_01,45,chain
size_045_chain_01_node_018,size_045_chain_01_node_019,size_045_chain_01,45,chain
size_045_chain_01_node_019,size_045_chain_01_node_020,size_045_chain_01,45,chain
size_045_chain_01_node_020,size_045_chain_01_node_021,size_045_chain_01,45,chain
size_045_chain_01_node_021,size_045_chain_01_node_022,size_045_chain_01,45,chain
size_045_chain_01_node_022,size_045_chain_01_node_023,size_045_chain_01,45,chain
size_045_chain_01_node_023,size_045_chain_01_node_024,size_045_chain_01,45,chain
size_045_chain_01_node_024,size_045_chain_01_node_025,size_045_chain_01,45,chain
size_045_chain_01_node_025,size_045_chain_01_node_026,size_045_chain_01,45,chain
size_045_chain_01_node_026,size_045_chain_01_node_027,size_045_chain_01,45,chain
size_045_chain_01_node_027,size_045_chain_01_node_028,size_045_chain_01,45,chain
size_045_chain_01_node_028,size_045_chain_01_node_029,size_045_chain_01,45,chain
size_045_chain_01_node_029,size_045_chain_01_node_030,size_045_chain_01,45,chain
size_045_chain_01_node_030,size_045_chain_01_node_031,size_045_chain_01,45,chain
size_045_chain_01_node_031,size_045_chain_01_node_032,size_045_chain_01,45,chain
size_045_chain_01_node_032,size_045_chain_01_node_033,size_045_chain_01,45,chain
size_045_chain_01_node_033,size_045_chain_01_node_034,size_045_chain_01,45,chain
size_045_chain_01_node_034,size_045_chain_01_node_035,size_045_chain_01,45,chain
size_045_chain_01_node_035,size_045_chain_01_node_036,size_045_chain_01,45,chain
size_045_chain_01_node_036,size_045_chain_01_node_037,size_045_chain_01,45,chain
size_045_chain_01_node_037,size_045_chain_01_node_038,size_045_chain_01,45,chain
size_045_chain_01_node_038,size_045_chain_01_node_039,size_045_chain_01,45,chain
size_045_chain_01_node_039,size_045_chain_01_node_040,size_045_chain_01,45,chain
size_045_chain_01_node_040,size_045_chain_01_node_041,size_045_chain_01,45,chain
size_045_chain_01_node_041,size_045_chain_01_node_042,size_045_chain_01,45,chain
size_045_chain_01_node_042,size_045_chain_01_node_043,size_045_chain_01,45,chain
size_045_chain_01_node_043,size_045_chain_01_node_044,size_045_chain_01,45,chain
size_045_chain_01_node_044,size_045_chain_01_node_045,size_045_chain_01,45,chain
size_045_star_02_node_001,size_045_star_02_node_002,size_045_star_02,45,star
size_045_star_02_node_001,size_045_star_02_node_003,size_045_star_02,45,star
size_045_star_02_node_001,size_045_star_02_node_004,size_045_star_02,45,star
size_045_star_02_node_001,size_045_star_02_node_005,size_045_star_02,45,star
size_045_star_02_node_001,size_045_star_02_node_006,size_045_star_02,45,star
size_045_star_02_node_001,size_045_star_02_node_007,size_045_star_02,45,star
size_045_star_02_node_001,size_045_star_02_node_008,size_045_star_02,45,star
size_045_star_02_node_001,size_045_star_02_node_009,size_045_star_02,45,star
size_045_star_02_node_001,size_045_star_02_node_010,size_045_star_02,45,star
size_045_star_02_node_001,size_045_star_02_node_011,size_045_star_02,45,star
size_045_star_02_node_001,size_045_star_02_node_012,size_045_star_02,45,star
size_045_star_02_node_001,size_045_star_02_node_013,size_045_star_02,45,star
size_045_star_02_node_001,size_045_star_02_node_014,size_045_star_02,45,star
size_045_star_02_node_001,size_045_star_02_node_015,size_045_star_02,45,star
size_045_star_02_node_001,size_045_star_02_node_016,size_045_star_02,45,star
size_045_star_02_node_001,size_045_star_02_node_017,size_045_star_02,45,star
size_045_star_02_node_001,size_045_star_02_node_018,size_045_star_02,45,star
size_045_star_02_node_001,size_045_star_02_node_019,size_045_star_02,45,star
size_045_star_02_node_001,size_045_star_02_node_020,size_045_star_02,45,star
size_045_star_02_node_001,size_045_star_02_node_021,size_045_star_02,45,star
size_045_star_02_node_001,size_045_star_02_node_022,size_045_star_02,45,star
size_045_star_02_node_001,size_045_star_02_node_023,size_045_star_02,45,star
size_045_star_02_node_001,size_045_star_02_node_024,size_045_star_02,45,star
size_045_star_02_node_001,size_045_star_02_node_025,size_045_star_02,45,star
size_045_star_02_node_001,size_045_star_02_node_026,size_045_star_02,45,star
size_045_star_02_node_001,size_045_star_02_node_027,size_045_star_02,45,star
size_045_star_02_node_001,size_045_star_02_node_028,size_045_star_02,45,star
size_045_star_02_node_001,size_045_star_02_node_029,size_045_star_02,45,star
size_045_star_02_node_001,size_045_star_02_node_030,size_045_star_02,45,star
size_045_star_02_node_001,size_045_star_02_node_031,size_045_star_02,45,star
size_045_star_02_node_001,size_045_star_02_node_032,size_045_star_02,45,star
size_045_star_02_node_001,size_045_star_02_node_033,size_045_star_02,45,star
size_045_star_02_node_001,size_045_star_02_node_034,size_045_star_02,45,star
size_045_star_02_node_001,size_045_star_02_node_035,size_045_star_02,45,star
size_045_star_02_node_001,size_045_star_02_node_036,size_045_star_02,45,star
size_045_star_02_node_001,size_045_star_02_node_037,size_045_star_02,45,star
size_045_star_02_node_001,size_045_star_02_node_038,size_045_star_02,45,star
size_045_star_02_node_001,size_045_star_02_node_039,size_045_star_02,45,star
size_045_star_02_node_001,size_045_star_02_node_040,size_045_star_02,45,star
size_045_star_02_node_001,size_045_star_02_node_041,size_045_star_02,45,star
size_045_star_02_node_001,size_045_star_02_node_042,size_045_star_02,45,star
size_045_star_02_node_001,size_045_star_02_node_043,size_045_star_02,45,star
size_045_star_02_node_001,size_045_star_02_node_044,size_045_star_02,45,star
size_045_star_02_node_001,size_045_star_02_node_045,size_045_star_02,45,star
size_045_cycle_03_node_001,size_045_cycle_03_node_002,size_045_cycle_03,45,cycle
size_045_cycle_03_node_002,size_045_cycle_03_node_003,size_045_cycle_03,45,cycle
size_045_cycle_03_node_003,size_045_cycle_03_node_004,size_045_cycle_03,45,cycle
size_045_cycle_03_node_004,size_045_cycle_03_node_005,size_045_cycle_03,45,cycle
size_045_cycle_03_node_005,size_045_cycle_03_node_006,size_045_cycle_03,45,cycle
size_045_cycle_03_node_006,size_045_cycle_03_node_007,size_045_cycle_03,45,cycle
size_045_cycle_03_node_007,size_045_cycle_03_node_008,size_045_cycle_03,45,cycle
size_045_cycle_03_node_008,size_045_cycle_03_node_009,size_045_cycle_03,45,cycle
size_045_cycle_03_node_009,size_045_cycle_03_node_010,size_045_cycle_03,45,cycle
size_045_cycle_03_node_010,size_045_cycle_03_node_011,size_045_cycle_03,45,cycle
size_045_cycle_03_node_011,size_045_cycle_03_node_012,size_045_cycle_03,45,cycle
size_045_cycle_03_node_012,size_045_cycle_03_node_013,size_045_cycle_03,45,cycle
size_045_cycle_03_node_013,size_045_cycle_03_node_014,size_045_cycle_03,45,cycle
size_045_cycle_03_node_014,size_045_cycle_03_node_015,size_045_cycle_03,45,cycle
size_045_cycle_03_node_015,size_045_cycle_03_node_016,size_045_cycle_03,45,cycle
size_045_cycle_03_node_016,size_045_cycle_03_node_017,size_045_cycle_03,45,cycle
size_045_cycle_03_node_017,size_045_cycle_03_node_018,size_045_cycle_03,45,cycle
size_045_cycle_03_node_018,size_045_cycle_03_node_019,size_045_cycle_03,45,cycle
size_045_cycle_03_node_019,size_045_cycle_03_node_020,size_045_cycle_03,45,cycle
size_045_cycle_03_node_020,size_045_cycle_03_node_021,size_045_cycle_03,45,cycle
size_045_cycle_03_node_021,size_045_cycle_03_node_022,size_045_cycle_03,45,cycle
size_045_cycle_03_node_022,size_045_cycle_03_node_023,size_045_cycle_03,45,cycle
size_045_cycle_03_node_023,size_045_cycle_03_node_024,size_045_cycle_03,45,cycle
size_045_cycle_03_node_024,size_045_cycle_03_node_025,size_045_cycle_03,45,cycle
size_045_cycle_03_node_025,size_045_cycle_03_node_026,size_045_cycle_03,45,cycle
size_045_cycle_03_node_026,size_045_cycle_03_node_027,size_045_cycle_03,45,cycle
size_045_cycle_03_node_027,size_045_cycle_03_node_028,size_045_cycle_03,45,cycle
size_045_cycle_03_node_028,size_045_cycle_03_node_029,size_045_cycle_03,45,cycle
size_045_cycle_03_node_029,size_045_cycle_03_node_030,size_045_cycle_03,45,cycle
size_045_cycle_03_node_030,size_045_cycle_03_node_031,size_045_cycle_03,45,cycle
size_045_cycle_03_node_031,size_045_cycle_03_node_032,size_045_cycle_03,45,cycle
size_045_cycle_03_node_032,size_045_cycle_03_node_033,size_045_cycle_03,45,cycle
size_045_cycle_03_node_033,size_045_cycle_03_node_034,size_045_cycle_03,45,cycle
size_045_cycle_03_node_034,size_045_cycle_03_node_035,size_045_cycle_03,45,cycle
size_045_cycle_03_node_035,size_045_cycle_03_node_036,size_045_cycle_03,45,cycle
size_045_cycle_03_node_036,size_045_cycle_03_node_037,size_045_cycle_03,45,cycle
size_045_cycle_03_node_037,size_045_cycle_03_node_038,size_045_cycle_03,45,cycle
size_045_cycle_03_node_038,size_045_cycle_03_node_039,size_045_cycle_03,45,cycle
size_045_cycle_03_node_039,size_045_cycle_03_node_040,size_045_cycle_03,45,cycle
size_045_cycle_03_node_040,size_045_cycle_03_node_041,size_045_cycle_03,45,cycle
size_045_cycle_03_node_041,size_045_cycle_03_node_042,size_045_cycle_03,45,cycle
size_045_cycle_03_node_042,size_045_cycle_03_node_043,size_045_cycle_03,45,cycle
size_045_cycle_03_node_043,size_045_cycle_03_node_044,size_045_cycle_03,45,cycle
size_045_cycle_03_node_044,size_045_cycle_03_node_045,size_045_cycle_03,45,cycle
size_045_cycle_03_node_045,size_045_cycle_03_node_001,size_045_cycle_03,45,cycle
size_045_binary_tree_04_node_001,size_045_binary_tree_04_node_002,size_045_binary_tree_04,45,binary_tree
size_045_binary_tree_04_node_001,size_045_binary_tree_04_node_003,size_045_binary_tree_04,45,binary_tree
size_045_binary_tree_04_node_002,size_045_binary_tree_04_node_004,size_045_binary_tree_04,45,binary_tree
size_045_binary_tree_04_node_002,size_045_binary_tree_04_node_005,size_045_binary_tree_04,45,binary_tree
size_045_binary_tree_04_node_003,size_045_binary_tree_04_node_006,size_045_binary_tree_04,45,binary_tree
size_045_binary_tree_04_node_003,size_045_binary_tree_04_node_007,size_045_binary_tree_04,45,binary_tree
size_045_binary_tree_04_node_004,size_045_binary_tree_04_node_008,size_045_binary_tree_04,45,binary_tree
size_045_binary_tree_04_node_004,size_045_binary_tree_04_node_009,size_045_binary_tree_04,45,binary_tree
size_045_binary_tree_04_node_005,size_045_binary_tree_04_node_010,size_045_binary_tree_04,45,binary_tree
size_045_binary_tree_04_node_005,size_045_binary_tree_04_node_011,size_045_binary_tree_04,45,binary_tree
size_045_binary_tree_04_node_006,size_045_binary_tree_04_node_012,size_045_binary_tree_04,45,binary_tree
size_045_binary_tree_04_node_006,size_045_binary_tree_04_node_013,size_045_binary_tree_04,45,binary_tree
size_045_binary_tree_04_node_007,size_045_binary_tree_04_node_014,size_045_binary_tree_04,45,binary_tree
size_045_binary_tree_04_node_007,size_045_binary_tree_04_node_015,size_045_binary_tree_04,45,binary_tree
size_045_binary_tree_04_node_008,size_045_binary_tree_04_node_016,size_045_binary_tree_04,45,binary_tree
size_045_binary_tree_04_node_008,size_045_binary_tree_04_node_017,size_045_binary_tree_04,45,binary_tree
size_045_binary_tree_04_node_009,size_045_binary_tree_04_node_018,size_045_binary_tree_04,45,binary_tree
size_045_binary_tree_04_node_009,size_045_binary_tree_04_node_019,size_045_binary_tree_04,45,binary_tree
size_045_binary_tree_04_node_010,size_045_binary_tree_04_node_020,size_045_binary_tree_04,45,binary_tree
size_045_binary_tree_04_node_010,size_045_binary_tree_04_node_021,size_045_binary_tree_04,45,binary_tree
size_045_binary_tree_04_node_011,size_045_binary_tree_04_node_022,size_045_binary_tree_04,45,binary_tree
size_045_binary_tree_04_node_011,size_045_binary_tree_04_node_023,size_045_binary_tree_04,45,binary_tree
size_045_binary_tree_04_node_012,size_045_binary_tree_04_node_024,size_045_binary_tree_04,45,binary_tree
size_045_binary_tree_04_node_012,size_045_binary_tree_04_node_025,size_045_binary_tree_04,45,binary_tree
size_045_binary_tree_04_node_013,size_045_binary_tree_04_node_026,size_045_binary_tree_04,45,binary_tree
size_045_binary_tree_04_node_013,size_045_binary_tree_04_node_027,size_045_binary_tree_04,45,binary_tree
size_045_binary_tree_04_node_014,size_045_binary_tree_04_node_028,size_045_binary_tree_04,45,binary_tree
size_045_binary_tree_04_node_014,size_045_binary_tree_04_node_029,size_045_binary_tree_04,45,binary_tree
size_045_binary_tree_04_node_015,size_045_binary_tree_04_node_030,size_045_binary_tree_04,45,binary_tree
size_045_binary_tree_04_node_015,size_045_binary_tree_04_node_031,size_045_binary_tree_04,45,binary_tree
size_045_binary_tree_04_node_016,size_045_binary_tree_04_node_032,size_045_binary_tree_04,45,binary_tree
size_045_binary_tree_04_node_016,size_045_binary_tree_04_node_033,size_045_binary_tree_04,45,binary_tree
size_045_binary_tree_04_node_017,size_045_binary_tree_04_node_034,size_045_binary_tree_04,45,binary_tree
size_045_binary_tree_04_node_017,size_045_binary_tree_04_node_035,size_045_binary_tree_04,45,binary_tree
size_045_binary_tree_04_node_018,size_045_binary_tree_04_node_036,size_045_binary_tree_04,45,binary_tree
size_045_binary_tree_04_node_018,size_045_binary_tree_04_node_037,size_045_binary_tree_04,45,binary_tree
size_045_binary_tree_04_node_019,size_045_binary_tree_04_node_038,size_045_binary_tree_04,45,binary_tree
size_045_binary_tree_04_node_019,size_045_binary_tree_04_node_039,size_045_binary_tree_04,45,binary_tree
size_045_binary_tree_04_node_020,size_045_binary_tree_04_node_040,size_045_binary_tree_04,45,binary_tree
size_045_binary_tree_04_node_020,size_045_binary_tree_04_node_041,size_045_binary_tree_04,45,binary_tree
size_045_binary_tree_04_node_021,size_045_binary_tree_04_node_042,size_045_binary_tree_04,45,binary_tree
size_045_binary_tree_04_node_021,size_045_binary_tree_04_node_043,size_045_binary_tree_04,45,binary_tree
size_045_binary_tree_04_node_022,size_045_binary_tree_04_node_044,size_045_binary_tree_04,45,binary_tree
size_045_binary_tree_04_node_022,size_045_binary_tree_04_node_045,size_045_binary_tree_04,45,binary_tree
size_046_chain_01_node_001,size_046_chain_01_node_002,size_046_chain_01,46,chain
size_046_chain_01_node_002,size_046_chain_01_node_003,size_046_chain_01,46,chain
size_046_chain_01_node_003,size_046_chain_01_node_004,size_046_chain_01,46,chain
size_046_chain_01_node_004,size_046_chain_01_node_005,size_046_chain_01,46,chain
size_046_chain_01_node_005,size_046_chain_01_node_006,size_046_chain_01,46,chain
size_046_chain_01_node_006,size_046_chain_01_node_007,size_046_chain_01,46,chain
size_046_chain_01_node_007,size_046_chain_01_node_008,size_046_chain_01,46,chain
size_046_chain_01_node_008,size_046_chain_01_node_009,size_046_chain_01,46,chain
size_046_chain_01_node_009,size_046_chain_01_node_010,size_046_chain_01,46,chain
size_046_chain_01_node_010,size_046_chain_01_node_011,size_046_chain_01,46,chain
size_046_chain_01_node_011,size_046_chain_01_node_012,size_046_chain_01,46,chain
size_046_chain_01_node_012,size_046_chain_01_node_013,size_046_chain_01,46,chain
size_046_chain_01_node_013,size_046_chain_01_node_014,size_046_chain_01,46,chain
size_046_chain_01_node_014,size_046_chain_01_node_015,size_046_chain_01,46,chain
size_046_chain_01_node_015,size_046_chain_01_node_016,size_046_chain_01,46,chain
size_046_chain_01_node_016,size_046_chain_01_node_017,size_046_chain_01,46,chain
size_046_chain_01_node_017,size_046_chain_01_node_018,size_046_chain_01,46,chain
size_046_chain_01_node_018,size_046_chain_01_node_019,size_046_chain_01,46,chain
size_046_chain_01_node_019,size_046_chain_01_node_020,size_046_chain_01,46,chain
size_046_chain_01_node_020,size_046_chain_01_node_021,size_046_chain_01,46,chain
size_046_chain_01_node_021,size_046_chain_01_node_022,size_046_chain_01,46,chain
size_046_chain_01_node_022,size_046_chain_01_node_023,size_046_chain_01,46,chain
size_046_chain_01_node_023,size_046_chain_01_node_024,size_046_chain_01,46,chain
size_046_chain_01_node_024,size_046_chain_01_node_025,size_046_chain_01,46,chain
size_046_chain_01_node_025,size_046_chain_01_node_026,size_046_chain_01,46,chain
size_046_chain_01_node_026,size_046_chain_01_node_027,size_046_chain_01,46,chain
size_046_chain_01_node_027,size_046_chain_01_node_028,size_046_chain_01,46,chain
size_046_chain_01_node_028,size_046_chain_01_node_029,size_046_chain_01,46,chain
size_046_chain_01_node_029,size_046_chain_01_node_030,size_046_chain_01,46,chain
size_046_chain_01_node_030,size_046_chain_01_node_031,size_046_chain_01,46,chain
size_046_chain_01_node_031,size_046_chain_01_node_032,size_046_chain_01,46,chain
size_046_chain_01_node_032,size_046_chain_01_node_033,size_046_chain_01,46,chain
size_046_chain_01_node_033,size_046_chain_01_node_034,size_046_chain_01,46,chain
size_046_chain_01_node_034,size_046_chain_01_node_035,size_046_chain_01,46,chain
size_046_chain_01_node_035,size_046_chain_01_node_036,size_046_chain_01,46,chain
size_046_chain_01_node_036,size_046_chain_01_node_037,size_046_chain_01,46,chain
size_046_chain_01_node_037,size_046_chain_01_node_038,size_046_chain_01,46,chain
size_046_chain_01_node_038,size_046_chain_01_node_039,size_046_chain_01,46,chain
size_046_chain_01_node_039,size_046_chain_01_node_040,size_046_chain_01,46,chain
size_046_chain_01_node_040,size_046_chain_01_node_041,size_046_chain_01,46,chain
size_046_chain_01_node_041,size_046_chain_01_node_042,size_046_chain_01,46,chain
size_046_chain_01_node_042,size_046_chain_01_node_043,size_046_chain_01,46,chain
size_046_chain_01_node_043,size_046_chain_01_node_044,size_046_chain_01,46,chain
size_046_chain_01_node_044,size_046_chain_01_node_045,size_046_chain_01,46,chain
size_046_chain_01_node_045,size_046_chain_01_node_046,size_046_chain_01,46,chain
size_046_star_02_node_001,size_046_star_02_node_002,size_046_star_02,46,star
size_046_star_02_node_001,size_046_star_02_node_003,size_046_star_02,46,star
size_046_star_02_node_001,size_046_star_02_node_004,size_046_star_02,46,star
size_046_star_02_node_001,size_046_star_02_node_005,size_046_star_02,46,star
size_046_star_02_node_001,size_046_star_02_node_006,size_046_star_02,46,star
size_046_star_02_node_001,size_046_star_02_node_007,size_046_star_02,46,star
size_046_star_02_node_001,size_046_star_02_node_008,size_046_star_02,46,star
size_046_star_02_node_001,size_046_star_02_node_009,size_046_star_02,46,star
size_046_star_02_node_001,size_046_star_02_node_010,size_046_star_02,46,star
size_046_star_02_node_001,size_046_star_02_node_011,size_046_star_02,46,star
size_046_star_02_node_001,size_046_star_02_node_012,size_046_star_02,46,star
size_046_star_02_node_001,size_046_star_02_node_013,size_046_star_02,46,star
size_046_star_02_node_001,size_046_star_02_node_014,size_046_star_02,46,star
size_046_star_02_node_001,size_046_star_02_node_015,size_046_star_02,46,star
size_046_star_02_node_001,size_046_star_02_node_016,size_046_star_02,46,star
size_046_star_02_node_001,size_046_star_02_node_017,size_046_star_02,46,star
size_046_star_02_node_001,size_046_star_02_node_018,size_046_star_02,46,star
size_046_star_02_node_001,size_046_star_02_node_019,size_046_star_02,46,star
size_046_star_02_node_001,size_046_star_02_node_020,size_046_star_02,46,star
size_046_star_02_node_001,size_046_star_02_node_021,size_046_star_02,46,star
size_046_star_02_node_001,size_046_star_02_node_022,size_046_star_02,46,star
size_046_star_02_node_001,size_046_star_02_node_023,size_046_star_02,46,star
size_046_star_02_node_001,size_046_star_02_node_024,size_046_star_02,46,star
size_046_star_02_node_001,size_046_star_02_node_025,size_046_star_02,46,star
size_046_star_02_node_001,size_046_star_02_node_026,size_046_star_02,46,star
size_046_star_02_node_001,size_046_star_02_node_027,size_046_star_02,46,star
size_046_star_02_node_001,size_046_star_02_node_028,size_046_star_02,46,star
size_046_star_02_node_001,size_046_star_02_node_029,size_046_star_02,46,star
size_046_star_02_node_001,size_046_star_02_node_030,size_046_star_02,46,star
size_046_star_02_node_001,size_046_star_02_node_031,size_046_star_02,46,star
size_046_star_02_node_001,size_046_star_02_node_032,size_046_star_02,46,star
size_046_star_02_node_001,size_046_star_02_node_033,size_046_star_02,46,star
size_046_star_02_node_001,size_046_star_02_node_034,size_046_star_02,46,star
size_046_star_02_node_001,size_046_star_02_node_035,size_046_star_02,46,star
size_046_star_02_node_001,size_046_star_02_node_036,size_046_star_02,46,star
size_046_star_02_node_001,size_046_star_02_node_037,size_046_star_02,46,star
size_046_star_02_node_001,size_046_star_02_node_038,size_046_star_02,46,star
size_046_star_02_node_001,size_046_star_02_node_039,size_046_star_02,46,star
size_046_star_02_node_001,size_046_star_02_node_040,size_046_star_02,46,star
size_046_star_02_node_001,size_046_star_02_node_041,size_046_star_02,46,star
size_046_star_02_node_001,size_046_star_02_node_042,size_046_star_02,46,star
size_046_star_02_node_001,size_046_star_02_node_043,size_046_star_02,46,star
size_046_star_02_node_001,size_046_star_02_node_044,size_046_star_02,46,star
size_046_star_02_node_001,size_046_star_02_node_045,size_046_star_02,46,star
size_046_star_02_node_001,size_046_star_02_node_046,size_046_star_02,46,star
size_046_cycle_03_node_001,size_046_cycle_03_node_002,size_046_cycle_03,46,cycle
size_046_cycle_03_node_002,size_046_cycle_03_node_003,size_046_cycle_03,46,cycle
size_046_cycle_03_node_003,size_046_cycle_03_node_004,size_046_cycle_03,46,cycle
size_046_cycle_03_node_004,size_046_cycle_03_node_005,size_046_cycle_03,46,cycle
size_046_cycle_03_node_005,size_046_cycle_03_node_006,size_046_cycle_03,46,cycle
size_046_cycle_03_node_006,size_046_cycle_03_node_007,size_046_cycle_03,46,cycle
size_046_cycle_03_node_007,size_046_cycle_03_node_008,size_046_cycle_03,46,cycle
size_046_cycle_03_node_008,size_046_cycle_03_node_009,size_046_cycle_03,46,cycle
size_046_cycle_03_node_009,size_046_cycle_03_node_010,size_046_cycle_03,46,cycle
size_046_cycle_03_node_010,size_046_cycle_03_node_011,size_046_cycle_03,46,cycle
size_046_cycle_03_node_011,size_046_cycle_03_node_012,size_046_cycle_03,46,cycle
size_046_cycle_03_node_012,size_046_cycle_03_node_013,size_046_cycle_03,46,cycle
size_046_cycle_03_node_013,size_046_cycle_03_node_014,size_046_cycle_03,46,cycle
size_046_cycle_03_node_014,size_046_cycle_03_node_015,size_046_cycle_03,46,cycle
size_046_cycle_03_node_015,size_046_cycle_03_node_016,size_046_cycle_03,46,cycle
size_046_cycle_03_node_016,size_046_cycle_03_node_017,size_046_cycle_03,46,cycle
size_046_cycle_03_node_017,size_046_cycle_03_node_018,size_046_cycle_03,46,cycle
size_046_cycle_03_node_018,size_046_cycle_03_node_019,size_046_cycle_03,46,cycle
size_046_cycle_03_node_019,size_046_cycle_03_node_020,size_046_cycle_03,46,cycle
size_046_cycle_03_node_020,size_046_cycle_03_node_021,size_046_cycle_03,46,cycle
size_046_cycle_03_node_021,size_046_cycle_03_node_022,size_046_cycle_03,46,cycle
size_046_cycle_03_node_022,size_046_cycle_03_node_023,size_046_cycle_03,46,cycle
size_046_cycle_03_node_023,size_046_cycle_03_node_024,size_046_cycle_03,46,cycle
size_046_cycle_03_node_024,size_046_cycle_03_node_025,size_046_cycle_03,46,cycle
size_046_cycle_03_node_025,size_046_cycle_03_node_026,size_046_cycle_03,46,cycle
size_046_cycle_03_node_026,size_046_cycle_03_node_027,size_046_cycle_03,46,cycle
size_046_cycle_03_node_027,size_046_cycle_03_node_028,size_046_cycle_03,46,cycle
size_046_cycle_03_node_028,size_046_cycle_03_node_029,size_046_cycle_03,46,cycle
size_046_cycle_03_node_029,size_046_cycle_03_node_030,size_046_cycle_03,46,cycle
size_046_cycle_03_node_030,size_046_cycle_03_node_031,size_046_cycle_03,46,cycle
size_046_cycle_03_node_031,size_046_cycle_03_node_032,size_046_cycle_03,46,cycle
size_046_cycle_03_node_032,size_046_cycle_03_node_033,size_046_cycle_03,46,cycle
size_046_cycle_03_node_033,size_046_cycle_03_node_034,size_046_cycle_03,46,cycle
size_046_cycle_03_node_034,size_046_cycle_03_node_035,size_046_cycle_03,46,cycle
size_046_cycle_03_node_035,size_046_cycle_03_node_036,size_046_cycle_03,46,cycle
size_046_cycle_03_node_036,size_046_cycle_03_node_037,size_046_cycle_03,46,cycle
size_046_cycle_03_node_037,size_046_cycle_03_node_038,size_046_cycle_03,46,cycle
size_046_cycle_03_node_038,size_046_cycle_03_node_039,size_046_cycle_03,46,cycle
size_046_cycle_03_node_039,size_046_cycle_03_node_040,size_046_cycle_03,46,cycle
size_046_cycle_03_node_040,size_046_cycle_03_node_041,size_046_cycle_03,46,cycle
size_046_cycle_03_node_041,size_046_cycle_03_node_042,size_046_cycle_03,46,cycle
size_046_cycle_03_node_042,size_046_cycle_03_node_043,size_046_cycle_03,46,cycle
size_046_cycle_03_node_043,size_046_cycle_03_node_044,size_046_cycle_03,46,cycle
size_046_cycle_03_node_044,size_046_cycle_03_node_045,size_046_cycle_03,46,cycle
size_046_cycle_03_node_045,size_046_cycle_03_node_046,size_046_cycle_03,46,cycle
size_046_cycle_03_node_046,size_046_cycle_03_node_001,size_046_cycle_03,46,cycle
size_046_binary_tree_04_node_001,size_046_binary_tree_04_node_002,size_046_binary_tree_04,46,binary_tree
size_046_binary_tree_04_node_001,size_046_binary_tree_04_node_003,size_046_binary_tree_04,46,binary_tree
size_046_binary_tree_04_node_002,size_046_binary_tree_04_node_004,size_046_binary_tree_04,46,binary_tree
size_046_binary_tree_04_node_002,size_046_binary_tree_04_node_005,size_046_binary_tree_04,46,binary_tree
size_046_binary_tree_04_node_003,size_046_binary_tree_04_node_006,size_046_binary_tree_04,46,binary_tree
size_046_binary_tree_04_node_003,size_046_binary_tree_04_node_007,size_046_binary_tree_04,46,binary_tree
size_046_binary_tree_04_node_004,size_046_binary_tree_04_node_008,size_046_binary_tree_04,46,binary_tree
size_046_binary_tree_04_node_004,size_046_binary_tree_04_node_009,size_046_binary_tree_04,46,binary_tree
size_046_binary_tree_04_node_005,size_046_binary_tree_04_node_010,size_046_binary_tree_04,46,binary_tree
size_046_binary_tree_04_node_005,size_046_binary_tree_04_node_011,size_046_binary_tree_04,46,binary_tree
size_046_binary_tree_04_node_006,size_046_binary_tree_04_node_012,size_046_binary_tree_04,46,binary_tree
size_046_binary_tree_04_node_006,size_046_binary_tree_04_node_013,size_046_binary_tree_04,46,binary_tree
size_046_binary_tree_04_node_007,size_046_binary_tree_04_node_014,size_046_binary_tree_04,46,binary_tree
size_046_binary_tree_04_node_007,size_046_binary_tree_04_node_015,size_046_binary_tree_04,46,binary_tree
size_046_binary_tree_04_node_008,size_046_binary_tree_04_node_016,size_046_binary_tree_04,46,binary_tree
size_046_binary_tree_04_node_008,size_046_binary_tree_04_node_017,size_046_binary_tree_04,46,binary_tree
size_046_binary_tree_04_node_009,size_046_binary_tree_04_node_018,size_046_binary_tree_04,46,binary_tree
size_046_binary_tree_04_node_009,size_046_binary_tree_04_node_019,size_046_binary_tree_04,46,binary_tree
size_046_binary_tree_04_node_010,size_046_binary_tree_04_node_020,size_046_binary_tree_04,46,binary_tree
size_046_binary_tree_04_node_010,size_046_binary_tree_04_node_021,size_046_binary_tree_04,46,binary_tree
size_046_binary_tree_04_node_011,size_046_binary_tree_04_node_022,size_046_binary_tree_04,46,binary_tree
size_046_binary_tree_04_node_011,size_046_binary_tree_04_node_023,size_046_binary_tree_04,46,binary_tree
size_046_binary_tree_04_node_012,size_046_binary_tree_04_node_024,size_046_binary_tree_04,46,binary_tree
size_046_binary_tree_04_node_012,size_046_binary_tree_04_node_025,size_046_binary_tree_04,46,binary_tree
size_046_binary_tree_04_node_013,size_046_binary_tree_04_node_026,size_046_binary_tree_04,46,binary_tree
size_046_binary_tree_04_node_013,size_046_binary_tree_04_node_027,size_046_binary_tree_04,46,binary_tree
size_046_binary_tree_04_node_014,size_046_binary_tree_04_node_028,size_046_binary_tree_04,46,binary_tree
size_046_binary_tree_04_node_014,size_046_binary_tree_04_node_029,size_046_binary_tree_04,46,binary_tree
size_046_binary_tree_04_node_015,size_046_binary_tree_04_node_030,size_046_binary_tree_04,46,binary_tree
size_046_binary_tree_04_node_015,size_046_binary_tree_04_node_031,size_046_binary_tree_04,46,binary_tree
size_046_binary_tree_04_node_016,size_046_binary_tree_04_node_032,size_046_binary_tree_04,46,binary_tree
size_046_binary_tree_04_node_016,size_046_binary_tree_04_node_033,size_046_binary_tree_04,46,binary_tree
size_046_binary_tree_04_node_017,size_046_binary_tree_04_node_034,size_046_binary_tree_04,46,binary_tree
size_046_binary_tree_04_node_017,size_046_binary_tree_04_node_035,size_046_binary_tree_04,46,binary_tree
size_046_binary_tree_04_node_018,size_046_binary_tree_04_node_036,size_046_binary_tree_04,46,binary_tree
size_046_binary_tree_04_node_018,size_046_binary_tree_04_node_037,size_046_binary_tree_04,46,binary_tree
size_046_binary_tree_04_node_019,size_046_binary_tree_04_node_038,size_046_binary_tree_04,46,binary_tree
size_046_binary_tree_04_node_019,size_046_binary_tree_04_node_039,size_046_binary_tree_04,46,binary_tree
size_046_binary_tree_04_node_020,size_046_binary_tree_04_node_040,size_046_binary_tree_04,46,binary_tree
size_046_binary_tree_04_node_020,size_046_binary_tree_04_node_041,size_046_binary_tree_04,46,binary_tree
size_046_binary_tree_04_node_021,size_046_binary_tree_04_node_042,size_046_binary_tree_04,46,binary_tree
size_046_binary_tree_04_node_021,size_046_binary_tree_04_node_043,size_046_binary_tree_04,46,binary_tree
size_046_binary_tree_04_node_022,size_046_binary_tree_04_node_044,size_046_binary_tree_04,46,binary_tree
size_046_binary_tree_04_node_022,size_046_binary_tree_04_node_045,size_046_binary_tree_04,46,binary_tree
size_046_binary_tree_04_node_023,size_046_binary_tree_04_node_046,size_046_binary_tree_04,46,binary_tree
size_047_chain_01_node_001,size_047_chain_01_node_002,size_047_chain_01,47,chain
size_047_chain_01_node_002,size_047_chain_01_node_003,size_047_chain_01,47,chain
size_047_chain_01_node_003,size_047_chain_01_node_004,size_047_chain_01,47,chain
size_047_chain_01_node_004,size_047_chain_01_node_005,size_047_chain_01,47,chain
size_047_chain_01_node_005,size_047_chain_01_node_006,size_047_chain_01,47,chain
size_047_chain_01_node_006,size_047_chain_01_node_007,size_047_chain_01,47,chain
size_047_chain_01_node_007,size_047_chain_01_node_008,size_047_chain_01,47,chain
size_047_chain_01_node_008,size_047_chain_01_node_009,size_047_chain_01,47,chain
size_047_chain_01_node_009,size_047_chain_01_node_010,size_047_chain_01,47,chain
size_047_chain_01_node_010,size_047_chain_01_node_011,size_047_chain_01,47,chain
size_047_chain_01_node_011,size_047_chain_01_node_012,size_047_chain_01,47,chain
size_047_chain_01_node_012,size_047_chain_01_node_013,size_047_chain_01,47,chain
size_047_chain_01_node_013,size_047_chain_01_node_014,size_047_chain_01,47,chain
size_047_chain_01_node_014,size_047_chain_01_node_015,size_047_chain_01,47,chain
size_047_chain_01_node_015,size_047_chain_01_node_016,size_047_chain_01,47,chain
size_047_chain_01_node_016,size_047_chain_01_node_017,size_047_chain_01,47,chain
size_047_chain_01_node_017,size_047_chain_01_node_018,size_047_chain_01,47,chain
size_047_chain_01_node_018,size_047_chain_01_node_019,size_047_chain_01,47,chain
size_047_chain_01_node_019,size_047_chain_01_node_020,size_047_chain_01,47,chain
size_047_chain_01_node_020,size_047_chain_01_node_021,size_047_chain_01,47,chain
size_047_chain_01_node_021,size_047_chain_01_node_022,size_047_chain_01,47,chain
size_047_chain_01_node_022,size_047_chain_01_node_023,size_047_chain_01,47,chain
size_047_chain_01_node_023,size_047_chain_01_node_024,size_047_chain_01,47,chain
size_047_chain_01_node_024,size_047_chain_01_node_025,size_047_chain_01,47,chain
size_047_chain_01_node_025,size_047_chain_01_node_026,size_047_chain_01,47,chain
size_047_chain_01_node_026,size_047_chain_01_node_027,size_047_chain_01,47,chain
size_047_chain_01_node_027,size_047_chain_01_node_028,size_047_chain_01,47,chain
size_047_chain_01_node_028,size_047_chain_01_node_029,size_047_chain_01,47,chain
size_047_chain_01_node_029,size_047_chain_01_node_030,size_047_chain_01,47,chain
size_047_chain_01_node_030,size_047_chain_01_node_031,size_047_chain_01,47,chain
size_047_chain_01_node_031,size_047_chain_01_node_032,size_047_chain_01,47,chain
size_047_chain_01_node_032,size_047_chain_01_node_033,size_047_chain_01,47,chain
size_047_chain_01_node_033,size_047_chain_01_node_034,size_047_chain_01,47,chain
size_047_chain_01_node_034,size_047_chain_01_node_035,size_047_chain_01,47,chain
size_047_chain_01_node_035,size_047_chain_01_node_036,size_047_chain_01,47,chain
size_047_chain_01_node_036,size_047_chain_01_node_037,size_047_chain_01,47,chain
size_047_chain_01_node_037,size_047_chain_01_node_038,size_047_chain_01,47,chain
size_047_chain_01_node_038,size_047_chain_01_node_039,size_047_chain_01,47,chain
size_047_chain_01_node_039,size_047_chain_01_node_040,size_047_chain_01,47,chain
size_047_chain_01_node_040,size_047_chain_01_node_041,size_047_chain_01,47,chain
size_047_chain_01_node_041,size_047_chain_01_node_042,size_047_chain_01,47,chain
size_047_chain_01_node_042,size_047_chain_01_node_043,size_047_chain_01,47,chain
size_047_chain_01_node_043,size_047_chain_01_node_044,size_047_chain_01,47,chain
size_047_chain_01_node_044,size_047_chain_01_node_045,size_047_chain_01,47,chain
size_047_chain_01_node_045,size_047_chain_01_node_046,size_047_chain_01,47,chain
size_047_chain_01_node_046,size_047_chain_01_node_047,size_047_chain_01,47,chain
size_047_star_02_node_001,size_047_star_02_node_002,size_047_star_02,47,star
size_047_star_02_node_001,size_047_star_02_node_003,size_047_star_02,47,star
size_047_star_02_node_001,size_047_star_02_node_004,size_047_star_02,47,star
size_047_star_02_node_001,size_047_star_02_node_005,size_047_star_02,47,star
size_047_star_02_node_001,size_047_star_02_node_006,size_047_star_02,47,star
size_047_star_02_node_001,size_047_star_02_node_007,size_047_star_02,47,star
size_047_star_02_node_001,size_047_star_02_node_008,size_047_star_02,47,star
size_047_star_02_node_001,size_047_star_02_node_009,size_047_star_02,47,star
size_047_star_02_node_001,size_047_star_02_node_010,size_047_star_02,47,star
size_047_star_02_node_001,size_047_star_02_node_011,size_047_star_02,47,star
size_047_star_02_node_001,size_047_star_02_node_012,size_047_star_02,47,star
size_047_star_02_node_001,size_047_star_02_node_013,size_047_star_02,47,star
size_047_star_02_node_001,size_047_star_02_node_014,size_047_star_02,47,star
size_047_star_02_node_001,size_047_star_02_node_015,size_047_star_02,47,star
size_047_star_02_node_001,size_047_star_02_node_016,size_047_star_02,47,star
size_047_star_02_node_001,size_047_star_02_node_017,size_047_star_02,47,star
size_047_star_02_node_001,size_047_star_02_node_018,size_047_star_02,47,star
size_047_star_02_node_001,size_047_star_02_node_019,size_047_star_02,47,star
size_047_star_02_node_001,size_047_star_02_node_020,size_047_star_02,47,star
size_047_star_02_node_001,size_047_star_02_node_021,size_047_star_02,47,star
size_047_star_02_node_001,size_047_star_02_node_022,size_047_star_02,47,star
size_047_star_02_node_001,size_047_star_02_node_023,size_047_star_02,47,star
size_047_star_02_node_001,size_047_star_02_node_024,size_047_star_02,47,star
size_047_star_02_node_001,size_047_star_02_node_025,size_047_star_02,47,star
size_047_star_02_node_001,size_047_star_02_node_026,size_047_star_02,47,star
size_047_star_02_node_001,size_047_star_02_node_027,size_047_star_02,47,star
size_047_star_02_node_001,size_047_star_02_node_028,size_047_star_02,47,star
size_047_star_02_node_001,size_047_star_02_node_029,size_047_star_02,47,star
size_047_star_02_node_001,size_047_star_02_node_030,size_047_star_02,47,star
size_047_star_02_node_001,size_047_star_02_node_031,size_047_star_02,47,star
size_047_star_02_node_001,size_047_star_02_node_032,size_047_star_02,47,star
size_047_star_02_node_001,size_047_star_02_node_033,size_047_star_02,47,star
size_047_star_02_node_001,size_047_star_02_node_034,size_047_star_02,47,star
size_047_star_02_node_001,size_047_star_02_node_035,size_047_star_02,47,star
size_047_star_02_node_001,size_047_star_02_node_036,size_047_star_02,47,star
size_047_star_02_node_001,size_047_star_02_node_037,size_047_star_02,47,star
size_047_star_02_node_001,size_047_star_02_node_038,size_047_star_02,47,star
size_047_star_02_node_001,size_047_star_02_node_039,size_047_star_02,47,star
size_047_star_02_node_001,size_047_star_02_node_040,size_047_star_02,47,star
size_047_star_02_node_001,size_047_star_02_node_041,size_047_star_02,47,star
size_047_star_02_node_001,size_047_star_02_node_042,size_047_star_02,47,star
size_047_star_02_node_001,size_047_star_02_node_043,size_047_star_02,47,star
size_047_star_02_node_001,size_047_star_02_node_044,size_047_star_02,47,star
size_047_star_02_node_001,size_047_star_02_node_045,size_047_star_02,47,star
size_047_star_02_node_001,size_047_star_02_node_046,size_047_star_02,47,star
size_047_star_02_node_001,size_047_star_02_node_047,size_047_star_02,47,star
size_047_cycle_03_node_001,size_047_cycle_03_node_002,size_047_cycle_03,47,cycle
size_047_cycle_03_node_002,size_047_cycle_03_node_003,size_047_cycle_03,47,cycle
size_047_cycle_03_node_003,size_047_cycle_03_node_004,size_047_cycle_03,47,cycle
size_047_cycle_03_node_004,size_047_cycle_03_node_005,size_047_cycle_03,47,cycle
size_047_cycle_03_node_005,size_047_cycle_03_node_006,size_047_cycle_03,47,cycle
size_047_cycle_03_node_006,size_047_cycle_03_node_007,size_047_cycle_03,47,cycle
size_047_cycle_03_node_007,size_047_cycle_03_node_008,size_047_cycle_03,47,cycle
size_047_cycle_03_node_008,size_047_cycle_03_node_009,size_047_cycle_03,47,cycle
size_047_cycle_03_node_009,size_047_cycle_03_node_010,size_047_cycle_03,47,cycle
size_047_cycle_03_node_010,size_047_cycle_03_node_011,size_047_cycle_03,47,cycle
size_047_cycle_03_node_011,size_047_cycle_03_node_012,size_047_cycle_03,47,cycle
size_047_cycle_03_node_012,size_047_cycle_03_node_013,size_047_cycle_03,47,cycle
size_047_cycle_03_node_013,size_047_cycle_03_node_014,size_047_cycle_03,47,cycle
size_047_cycle_03_node_014,size_047_cycle_03_node_015,size_047_cycle_03,47,cycle
size_047_cycle_03_node_015,size_047_cycle_03_node_016,size_047_cycle_03,47,cycle
size_047_cycle_03_node_016,size_047_cycle_03_node_017,size_047_cycle_03,47,cycle
size_047_cycle_03_node_017,size_047_cycle_03_node_018,size_047_cycle_03,47,cycle
size_047_cycle_03_node_018,size_047_cycle_03_node_019,size_047_cycle_03,47,cycle
size_047_cycle_03_node_019,size_047_cycle_03_node_020,size_047_cycle_03,47,cycle
size_047_cycle_03_node_020,size_047_cycle_03_node_021,size_047_cycle_03,47,cycle
size_047_cycle_03_node_021,size_047_cycle_03_node_022,size_047_cycle_03,47,cycle
size_047_cycle_03_node_022,size_047_cycle_03_node_023,size_047_cycle_03,47,cycle
size_047_cycle_03_node_023,size_047_cycle_03_node_024,size_047_cycle_03,47,cycle
size_047_cycle_03_node_024,size_047_cycle_03_node_025,size_047_cycle_03,47,cycle
size_047_cycle_03_node_025,size_047_cycle_03_node_026,size_047_cycle_03,47,cycle
size_047_cycle_03_node_026,size_047_cycle_03_node_027,size_047_cycle_03,47,cycle
size_047_cycle_03_node_027,size_047_cycle_03_node_028,size_047_cycle_03,47,cycle
size_047_cycle_03_node_028,size_047_cycle_03_node_029,size_047_cycle_03,47,cycle
size_047_cycle_03_node_029,size_047_cycle_03_node_030,size_047_cycle_03,47,cycle
size_047_cycle_03_node_030,size_047_cycle_03_node_031,size_047_cycle_03,47,cycle
size_047_cycle_03_node_031,size_047_cycle_03_node_032,size_047_cycle_03,47,cycle
size_047_cycle_03_node_032,size_047_cycle_03_node_033,size_047_cycle_03,47,cycle
size_047_cycle_03_node_033,size_047_cycle_03_node_034,size_047_cycle_03,47,cycle
size_047_cycle_03_node_034,size_047_cycle_03_node_035,size_047_cycle_03,47,cycle
size_047_cycle_03_node_035,size_047_cycle_03_node_036,size_047_cycle_03,47,cycle
size_047_cycle_03_node_036,size_047_cycle_03_node_037,size_047_cycle_03,47,cycle
size_047_cycle_03_node_037,size_047_cycle_03_node_038,size_047_cycle_03,47,cycle
size_047_cycle_03_node_038,size_047_cycle_03_node_039,size_047_cycle_03,47,cycle
size_047_cycle_03_node_039,size_047_cycle_03_node_040,size_047_cycle_03,47,cycle
size_047_cycle_03_node_040,size_047_cycle_03_node_041,size_047_cycle_03,47,cycle
size_047_cycle_03_node_041,size_047_cycle_03_node_042,size_047_cycle_03,47,cycle
size_047_cycle_03_node_042,size_047_cycle_03_node_043,size_047_cycle_03,47,cycle
size_047_cycle_03_node_043,size_047_cycle_03_node_044,size_047_cycle_03,47,cycle
size_047_cycle_03_node_044,size_047_cycle_03_node_045,size_047_cycle_03,47,cycle
size_047_cycle_03_node_045,size_047_cycle_03_node_046,size_047_cycle_03,47,cycle
size_047_cycle_03_node_046,size_047_cycle_03_node_047,size_047_cycle_03,47,cycle
size_047_cycle_03_node_047,size_047_cycle_03_node_001,size_047_cycle_03,47,cycle
size_047_binary_tree_04_node_001,size_047_binary_tree_04_node_002,size_047_binary_tree_04,47,binary_tree
size_047_binary_tree_04_node_001,size_047_binary_tree_04_node_003,size_047_binary_tree_04,47,binary_tree
size_047_binary_tree_04_node_002,size_047_binary_tree_04_node_004,size_047_binary_tree_04,47,binary_tree
size_047_binary_tree_04_node_002,size_047_binary_tree_04_node_005,size_047_binary_tree_04,47,binary_tree
size_047_binary_tree_04_node_003,size_047_binary_tree_04_node_006,size_047_binary_tree_04,47,binary_tree
size_047_binary_tree_04_node_003,size_047_binary_tree_04_node_007,size_047_binary_tree_04,47,binary_tree
size_047_binary_tree_04_node_004,size_047_binary_tree_04_node_008,size_047_binary_tree_04,47,binary_tree
size_047_binary_tree_04_node_004,size_047_binary_tree_04_node_009,size_047_binary_tree_04,47,binary_tree
size_047_binary_tree_04_node_005,size_047_binary_tree_04_node_010,size_047_binary_tree_04,47,binary_tree
size_047_binary_tree_04_node_005,size_047_binary_tree_04_node_011,size_047_binary_tree_04,47,binary_tree
size_047_binary_tree_04_node_006,size_047_binary_tree_04_node_012,size_047_binary_tree_04,47,binary_tree
size_047_binary_tree_04_node_006,size_047_binary_tree_04_node_013,size_047_binary_tree_04,47,binary_tree
size_047_binary_tree_04_node_007,size_047_binary_tree_04_node_014,size_047_binary_tree_04,47,binary_tree
size_047_binary_tree_04_node_007,size_047_binary_tree_04_node_015,size_047_binary_tree_04,47,binary_tree
size_047_binary_tree_04_node_008,size_047_binary_tree_04_node_016,size_047_binary_tree_04,47,binary_tree
size_047_binary_tree_04_node_008,size_047_binary_tree_04_node_017,size_047_binary_tree_04,47,binary_tree
size_047_binary_tree_04_node_009,size_047_binary_tree_04_node_018,size_047_binary_tree_04,47,binary_tree
size_047_binary_tree_04_node_009,size_047_binary_tree_04_node_019,size_047_binary_tree_04,47,binary_tree
size_047_binary_tree_04_node_010,size_047_binary_tree_04_node_020,size_047_binary_tree_04,47,binary_tree
size_047_binary_tree_04_node_010,size_047_binary_tree_04_node_021,size_047_binary_tree_04,47,binary_tree
size_047_binary_tree_04_node_011,size_047_binary_tree_04_node_022,size_047_binary_tree_04,47,binary_tree
size_047_binary_tree_04_node_011,size_047_binary_tree_04_node_023,size_047_binary_tree_04,47,binary_tree
size_047_binary_tree_04_node_012,size_047_binary_tree_04_node_024,size_047_binary_tree_04,47,binary_tree
size_047_binary_tree_04_node_012,size_047_binary_tree_04_node_025,size_047_binary_tree_04,47,binary_tree
size_047_binary_tree_04_node_013,size_047_binary_tree_04_node_026,size_047_binary_tree_04,47,binary_tree
size_047_binary_tree_04_node_013,size_047_binary_tree_04_node_027,size_047_binary_tree_04,47,binary_tree
size_047_binary_tree_04_node_014,size_047_binary_tree_04_node_028,size_047_binary_tree_04,47,binary_tree
size_047_binary_tree_04_node_014,size_047_binary_tree_04_node_029,size_047_binary_tree_04,47,binary_tree
size_047_binary_tree_04_node_015,size_047_binary_tree_04_node_030,size_047_binary_tree_04,47,binary_tree
size_047_binary_tree_04_node_015,size_047_binary_tree_04_node_031,size_047_binary_tree_04,47,binary_tree
size_047_binary_tree_04_node_016,size_047_binary_tree_04_node_032,size_047_binary_tree_04,47,binary_tree
size_047_binary_tree_04_node_016,size_047_binary_tree_04_node_033,size_047_binary_tree_04,47,binary_tree
size_047_binary_tree_04_node_017,size_047_binary_tree_04_node_034,size_047_binary_tree_04,47,binary_tree
size_047_binary_tree_04_node_017,size_047_binary_tree_04_node_035,size_047_binary_tree_04,47,binary_tree
size_047_binary_tree_04_node_018,size_047_binary_tree_04_node_036,size_047_binary_tree_04,47,binary_tree
size_047_binary_tree_04_node_018,size_047_binary_tree_04_node_037,size_047_binary_tree_04,47,binary_tree
size_047_binary_tree_04_node_019,size_047_binary_tree_04_node_038,size_047_binary_tree_04,47,binary_tree
size_047_binary_tree_04_node_019,size_047_binary_tree_04_node_039,size_047_binary_tree_04,47,binary_tree
size_047_binary_tree_04_node_020,size_047_binary_tree_04_node_040,size_047_binary_tree_04,47,binary_tree
size_047_binary_tree_04_node_020,size_047_binary_tree_04_node_041,size_047_binary_tree_04,47,binary_tree
size_047_binary_tree_04_node_021,size_047_binary_tree_04_node_042,size_047_binary_tree_04,47,binary_tree
size_047_binary_tree_04_node_021,size_047_binary_tree_04_node_043,size_047_binary_tree_04,47,binary_tree
size_047_binary_tree_04_node_022,size_047_binary_tree_04_node_044,size_047_binary_tree_04,47,binary_tree
size_047_binary_tree_04_node_022,size_047_binary_tree_04_node_045,size_047_binary_tree_04,47,binary_tree
size_047_binary_tree_04_node_023,size_047_binary_tree_04_node_046,size_047_binary_tree_04,47,binary_tree
size_047_binary_tree_04_node_023,size_047_binary_tree_04_node_047,size_047_binary_tree_04,47,binary_tree
size_048_chain_01_node_001,size_048_chain_01_node_002,size_048_chain_01,48,chain
size_048_chain_01_node_002,size_048_chain_01_node_003,size_048_chain_01,48,chain
size_048_chain_01_node_003,size_048_chain_01_node_004,size_048_chain_01,48,chain
size_048_chain_01_node_004,size_048_chain_01_node_005,size_048_chain_01,48,chain
size_048_chain_01_node_005,size_048_chain_01_node_006,size_048_chain_01,48,chain
size_048_chain_01_node_006,size_048_chain_01_node_007,size_048_chain_01,48,chain
size_048_chain_01_node_007,size_048_chain_01_node_008,size_048_chain_01,48,chain
size_048_chain_01_node_008,size_048_chain_01_node_009,size_048_chain_01,48,chain
size_048_chain_01_node_009,size_048_chain_01_node_010,size_048_chain_01,48,chain
size_048_chain_01_node_010,size_048_chain_01_node_011,size_048_chain_01,48,chain
size_048_chain_01_node_011,size_048_chain_01_node_012,size_048_chain_01,48,chain
size_048_chain_01_node_012,size_048_chain_01_node_013,size_048_chain_01,48,chain
size_048_chain_01_node_013,size_048_chain_01_node_014,size_048_chain_01,48,chain
size_048_chain_01_node_014,size_048_chain_01_node_015,size_048_chain_01,48,chain
size_048_chain_01_node_015,size_048_chain_01_node_016,size_048_chain_01,48,chain
size_048_chain_01_node_016,size_048_chain_01_node_017,size_048_chain_01,48,chain
size_048_chain_01_node_017,size_048_chain_01_node_018,size_048_chain_01,48,chain
size_048_chain_01_node_018,size_048_chain_01_node_019,size_048_chain_01,48,chain
size_048_chain_01_node_019,size_048_chain_01_node_020,size_048_chain_01,48,chain
size_048_chain_01_node_020,size_048_chain_01_node_021,size_048_chain_01,48,chain
size_048_chain_01_node_021,size_048_chain_01_node_022,size_048_chain_01,48,chain
size_048_chain_01_node_022,size_048_chain_01_node_023,size_048_chain_01,48,chain
size_048_chain_01_node_023,size_048_chain_01_node_024,size_048_chain_01,48,chain
size_048_chain_01_node_024,size_048_chain_01_node_025,size_048_chain_01,48,chain
size_048_chain_01_node_025,size_048_chain_01_node_026,size_048_chain_01,48,chain
size_048_chain_01_node_026,size_048_chain_01_node_027,size_048_chain_01,48,chain
size_048_chain_01_node_027,size_048_chain_01_node_028,size_048_chain_01,48,chain
size_048_chain_01_node_028,size_048_chain_01_node_029,size_048_chain_01,48,chain
size_048_chain_01_node_029,size_048_chain_01_node_030,size_048_chain_01,48,chain
size_048_chain_01_node_030,size_048_chain_01_node_031,size_048_chain_01,48,chain
size_048_chain_01_node_031,size_048_chain_01_node_032,size_048_chain_01,48,chain
size_048_chain_01_node_032,size_048_chain_01_node_033,size_048_chain_01,48,chain
size_048_chain_01_node_033,size_048_chain_01_node_034,size_048_chain_01,48,chain
size_048_chain_01_node_034,size_048_chain_01_node_035,size_048_chain_01,48,chain
size_048_chain_01_node_035,size_048_chain_01_node_036,size_048_chain_01,48,chain
size_048_chain_01_node_036,size_048_chain_01_node_037,size_048_chain_01,48,chain
size_048_chain_01_node_037,size_048_chain_01_node_038,size_048_chain_01,48,chain
size_048_chain_01_node_038,size_048_chain_01_node_039,size_048_chain_01,48,chain
size_048_chain_01_node_039,size_048_chain_01_node_040,size_048_chain_01,48,chain
size_048_chain_01_node_040,size_048_chain_01_node_041,size_048_chain_01,48,chain
size_048_chain_01_node_041,size_048_chain_01_node_042,size_048_chain_01,48,chain
size_048_chain_01_node_042,size_048_chain_01_node_043,size_048_chain_01,48,chain
size_048_chain_01_node_043,size_048_chain_01_node_044,size_048_chain_01,48,chain
size_048_chain_01_node_044,size_048_chain_01_node_045,size_048_chain_01,48,chain
size_048_chain_01_node_045,size_048_chain_01_node_046,size_048_chain_01,48,chain
size_048_chain_01_node_046,size_048_chain_01_node_047,size_048_chain_01,48,chain
size_048_chain_01_node_047,size_048_chain_01_node_048,size_048_chain_01,48,chain
size_048_star_02_node_001,size_048_star_02_node_002,size_048_star_02,48,star
size_048_star_02_node_001,size_048_star_02_node_003,size_048_star_02,48,star
size_048_star_02_node_001,size_048_star_02_node_004,size_048_star_02,48,star
size_048_star_02_node_001,size_048_star_02_node_005,size_048_star_02,48,star
size_048_star_02_node_001,size_048_star_02_node_006,size_048_star_02,48,star
size_048_star_02_node_001,size_048_star_02_node_007,size_048_star_02,48,star
size_048_star_02_node_001,size_048_star_02_node_008,size_048_star_02,48,star
size_048_star_02_node_001,size_048_star_02_node_009,size_048_star_02,48,star
size_048_star_02_node_001,size_048_star_02_node_010,size_048_star_02,48,star
size_048_star_02_node_001,size_048_star_02_node_011,size_048_star_02,48,star
size_048_star_02_node_001,size_048_star_02_node_012,size_048_star_02,48,star
size_048_star_02_node_001,size_048_star_02_node_013,size_048_star_02,48,star
size_048_star_02_node_001,size_048_star_02_node_014,size_048_star_02,48,star
size_048_star_02_node_001,size_048_star_02_node_015,size_048_star_02,48,star
size_048_star_02_node_001,size_048_star_02_node_016,size_048_star_02,48,star
size_048_star_02_node_001,size_048_star_02_node_017,size_048_star_02,48,star
size_048_star_02_node_001,size_048_star_02_node_018,size_048_star_02,48,star
size_048_star_02_node_001,size_048_star_02_node_019,size_048_star_02,48,star
size_048_star_02_node_001,size_048_star_02_node_020,size_048_star_02,48,star
size_048_star_02_node_001,size_048_star_02_node_021,size_048_star_02,48,star
size_048_star_02_node_001,size_048_star_02_node_022,size_048_star_02,48,star
size_048_star_02_node_001,size_048_star_02_node_023,size_048_star_02,48,star
size_048_star_02_node_001,size_048_star_02_node_024,size_048_star_02,48,star
size_048_star_02_node_001,size_048_star_02_node_025,size_048_star_02,48,star
size_048_star_02_node_001,size_048_star_02_node_026,size_048_star_02,48,star
size_048_star_02_node_001,size_048_star_02_node_027,size_048_star_02,48,star
size_048_star_02_node_001,size_048_star_02_node_028,size_048_star_02,48,star
size_048_star_02_node_001,size_048_star_02_node_029,size_048_star_02,48,star
size_048_star_02_node_001,size_048_star_02_node_030,size_048_star_02,48,star
size_048_star_02_node_001,size_048_star_02_node_031,size_048_star_02,48,star
size_048_star_02_node_001,size_048_star_02_node_032,size_048_star_02,48,star
size_048_star_02_node_001,size_048_star_02_node_033,size_048_star_02,48,star
size_048_star_02_node_001,size_048_star_02_node_034,size_048_star_02,48,star
size_048_star_02_node_001,size_048_star_02_node_035,size_048_star_02,48,star
size_048_star_02_node_001,size_048_star_02_node_036,size_048_star_02,48,star
size_048_star_02_node_001,size_048_star_02_node_037,size_048_star_02,48,star
size_048_star_02_node_001,size_048_star_02_node_038,size_048_star_02,48,star
size_048_star_02_node_001,size_048_star_02_node_039,size_048_star_02,48,star
size_048_star_02_node_001,size_048_star_02_node_040,size_048_star_02,48,star
size_048_star_02_node_001,size_048_star_02_node_041,size_048_star_02,48,star
size_048_star_02_node_001,size_048_star_02_node_042,size_048_star_02,48,star
size_048_star_02_node_001,size_048_star_02_node_043,size_048_star_02,48,star
size_048_star_02_node_001,size_048_star_02_node_044,size_048_star_02,48,star
size_048_star_02_node_001,size_048_star_02_node_045,size_048_star_02,48,star
size_048_star_02_node_001,size_048_star_02_node_046,size_048_star_02,48,star
size_048_star_02_node_001,size_048_star_02_node_047,size_048_star_02,48,star
size_048_star_02_node_001,size_048_star_02_node_048,size_048_star_02,48,star
size_048_cycle_03_node_001,size_048_cycle_03_node_002,size_048_cycle_03,48,cycle
size_048_cycle_03_node_002,size_048_cycle_03_node_003,size_048_cycle_03,48,cycle
size_048_cycle_03_node_003,size_048_cycle_03_node_004,size_048_cycle_03,48,cycle
size_048_cycle_03_node_004,size_048_cycle_03_node_005,size_048_cycle_03,48,cycle
size_048_cycle_03_node_005,size_048_cycle_03_node_006,size_048_cycle_03,48,cycle
size_048_cycle_03_node_006,size_048_cycle_03_node_007,size_048_cycle_03,48,cycle
size_048_cycle_03_node_007,size_048_cycle_03_node_008,size_048_cycle_03,48,cycle
size_048_cycle_03_node_008,size_048_cycle_03_node_009,size_048_cycle_03,48,cycle
size_048_cycle_03_node_009,size_048_cycle_03_node_010,size_048_cycle_03,48,cycle
size_048_cycle_03_node_010,size_048_cycle_03_node_011,size_048_cycle_03,48,cycle
size_048_cycle_03_node_011,size_048_cycle_03_node_012,size_048_cycle_03,48,cycle
size_048_cycle_03_node_012,size_048_cycle_03_node_013,size_048_cycle_03,48,cycle
size_048_cycle_03_node_013,size_048_cycle_03_node_014,size_048_cycle_03,48,cycle
size_048_cycle_03_node_014,size_048_cycle_03_node_015,size_048_cycle_03,48,cycle
size_048_cycle_03_node_015,size_048_cycle_03_node_016,size_048_cycle_03,48,cycle
size_048_cycle_03_node_016,size_048_cycle_03_node_017,size_048_cycle_03,48,cycle
size_048_cycle_03_node_017,size_048_cycle_03_node_018,size_048_cycle_03,48,cycle
size_048_cycle_03_node_018,size_048_cycle_03_node_019,size_048_cycle_03,48,cycle
size_048_cycle_03_node_019,size_048_cycle_03_node_020,size_048_cycle_03,48,cycle
size_048_cycle_03_node_020,size_048_cycle_03_node_021,size_048_cycle_03,48,cycle
size_048_cycle_03_node_021,size_048_cycle_03_node_022,size_048_cycle_03,48,cycle
size_048_cycle_03_node_022,size_048_cycle_03_node_023,size_048_cycle_03,48,cycle
size_048_cycle_03_node_023,size_048_cycle_03_node_024,size_048_cycle_03,48,cycle
size_048_cycle_03_node_024,size_048_cycle_03_node_025,size_048_cycle_03,48,cycle
size_048_cycle_03_node_025,size_048_cycle_03_node_026,size_048_cycle_03,48,cycle
size_048_cycle_03_node_026,size_048_cycle_03_node_027,size_048_cycle_03,48,cycle
size_048_cycle_03_node_027,size_048_cycle_03_node_028,size_048_cycle_03,48,cycle
size_048_cycle_03_node_028,size_048_cycle_03_node_029,size_048_cycle_03,48,cycle
size_048_cycle_03_node_029,size_048_cycle_03_node_030,size_048_cycle_03,48,cycle
size_048_cycle_03_node_030,size_048_cycle_03_node_031,size_048_cycle_03,48,cycle
size_048_cycle_03_node_031,size_048_cycle_03_node_032,size_048_cycle_03,48,cycle
size_048_cycle_03_node_032,size_048_cycle_03_node_033,size_048_cycle_03,48,cycle
size_048_cycle_03_node_033,size_048_cycle_03_node_034,size_048_cycle_03,48,cycle
size_048_cycle_03_node_034,size_048_cycle_03_node_035,size_048_cycle_03,48,cycle
size_048_cycle_03_node_035,size_048_cycle_03_node_036,size_048_cycle_03,48,cycle
size_048_cycle_03_node_036,size_048_cycle_03_node_037,size_048_cycle_03,48,cycle
size_048_cycle_03_node_037,size_048_cycle_03_node_038,size_048_cycle_03,48,cycle
size_048_cycle_03_node_038,size_048_cycle_03_node_039,size_048_cycle_03,48,cycle
size_048_cycle_03_node_039,size_048_cycle_03_node_040,size_048_cycle_03,48,cycle
size_048_cycle_03_node_040,size_048_cycle_03_node_041,size_048_cycle_03,48,cycle
size_048_cycle_03_node_041,size_048_cycle_03_node_042,size_048_cycle_03,48,cycle
size_048_cycle_03_node_042,size_048_cycle_03_node_043,size_048_cycle_03,48,cycle
size_048_cycle_03_node_043,size_048_cycle_03_node_044,size_048_cycle_03,48,cycle
size_048_cycle_03_node_044,size_048_cycle_03_node_045,size_048_cycle_03,48,cycle
size_048_cycle_03_node_045,size_048_cycle_03_node_046,size_048_cycle_03,48,cycle
size_048_cycle_03_node_046,size_048_cycle_03_node_047,size_048_cycle_03,48,cycle
size_048_cycle_03_node_047,size_048_cycle_03_node_048,size_048_cycle_03,48,cycle
size_048_cycle_03_node_048,size_048_cycle_03_node_001,size_048_cycle_03,48,cycle
size_048_binary_tree_04_node_001,size_048_binary_tree_04_node_002,size_048_binary_tree_04,48,binary_tree
size_048_binary_tree_04_node_001,size_048_binary_tree_04_node_003,size_048_binary_tree_04,48,binary_tree
size_048_binary_tree_04_node_002,size_048_binary_tree_04_node_004,size_048_binary_tree_04,48,binary_tree
size_048_binary_tree_04_node_002,size_048_binary_tree_04_node_005,size_048_binary_tree_04,48,binary_tree
size_048_binary_tree_04_node_003,size_048_binary_tree_04_node_006,size_048_binary_tree_04,48,binary_tree
size_048_binary_tree_04_node_003,size_048_binary_tree_04_node_007,size_048_binary_tree_04,48,binary_tree
size_048_binary_tree_04_node_004,size_048_binary_tree_04_node_008,size_048_binary_tree_04,48,binary_tree
size_048_binary_tree_04_node_004,size_048_binary_tree_04_node_009,size_048_binary_tree_04,48,binary_tree
size_048_binary_tree_04_node_005,size_048_binary_tree_04_node_010,size_048_binary_tree_04,48,binary_tree
size_048_binary_tree_04_node_005,size_048_binary_tree_04_node_011,size_048_binary_tree_04,48,binary_tree
size_048_binary_tree_04_node_006,size_048_binary_tree_04_node_012,size_048_binary_tree_04,48,binary_tree
size_048_binary_tree_04_node_006,size_048_binary_tree_04_node_013,size_048_binary_tree_04,48,binary_tree
size_048_binary_tree_04_node_007,size_048_binary_tree_04_node_014,size_048_binary_tree_04,48,binary_tree
size_048_binary_tree_04_node_007,size_048_binary_tree_04_node_015,size_048_binary_tree_04,48,binary_tree
size_048_binary_tree_04_node_008,size_048_binary_tree_04_node_016,size_048_binary_tree_04,48,binary_tree
size_048_binary_tree_04_node_008,size_048_binary_tree_04_node_017,size_048_binary_tree_04,48,binary_tree
size_048_binary_tree_04_node_009,size_048_binary_tree_04_node_018,size_048_binary_tree_04,48,binary_tree
size_048_binary_tree_04_node_009,size_048_binary_tree_04_node_019,size_048_binary_tree_04,48,binary_tree
size_048_binary_tree_04_node_010,size_048_binary_tree_04_node_020,size_048_binary_tree_04,48,binary_tree
size_048_binary_tree_04_node_010,size_048_binary_tree_04_node_021,size_048_binary_tree_04,48,binary_tree
size_048_binary_tree_04_node_011,size_048_binary_tree_04_node_022,size_048_binary_tree_04,48,binary_tree
size_048_binary_tree_04_node_011,size_048_binary_tree_04_node_023,size_048_binary_tree_04,48,binary_tree
size_048_binary_tree_04_node_012,size_048_binary_tree_04_node_024,size_048_binary_tree_04,48,binary_tree
size_048_binary_tree_04_node_012,size_048_binary_tree_04_node_025,size_048_binary_tree_04,48,binary_tree
size_048_binary_tree_04_node_013,size_048_binary_tree_04_node_026,size_048_binary_tree_04,48,binary_tree
size_048_binary_tree_04_node_013,size_048_binary_tree_04_node_027,size_048_binary_tree_04,48,binary_tree
size_048_binary_tree_04_node_014,size_048_binary_tree_04_node_028,size_048_binary_tree_04,48,binary_tree
size_048_binary_tree_04_node_014,size_048_binary_tree_04_node_029,size_048_binary_tree_04,48,binary_tree
size_048_binary_tree_04_node_015,size_048_binary_tree_04_node_030,size_048_binary_tree_04,48,binary_tree
size_048_binary_tree_04_node_015,size_048_binary_tree_04_node_031,size_048_binary_tree_04,48,binary_tree
size_048_binary_tree_04_node_016,size_048_binary_tree_04_node_032,size_048_binary_tree_04,48,binary_tree
size_048_binary_tree_04_node_016,size_048_binary_tree_04_node_033,size_048_binary_tree_04,48,binary_tree
size_048_binary_tree_04_node_017,size_048_binary_tree_04_node_034,size_048_binary_tree_04,48,binary_tree
size_048_binary_tree_04_node_017,size_048_binary_tree_04_node_035,size_048_binary_tree_04,48,binary_tree
size_048_binary_tree_04_node_018,size_048_binary_tree_04_node_036,size_048_binary_tree_04,48,binary_tree
size_048_binary_tree_04_node_018,size_048_binary_tree_04_node_037,size_048_binary_tree_04,48,binary_tree
size_048_binary_tree_04_node_019,size_048_binary_tree_04_node_038,size_048_binary_tree_04,48,binary_tree
size_048_binary_tree_04_node_019,size_048_binary_tree_04_node_039,size_048_binary_tree_04,48,binary_tree
size_048_binary_tree_04_node_020,size_048_binary_tree_04_node_040,size_048_binary_tree_04,48,binary_tree
size_048_binary_tree_04_node_020,size_048_binary_tree_04_node_041,size_048_binary_tree_04,48,binary_tree
size_048_binary_tree_04_node_021,size_048_binary_tree_04_node_042,size_048_binary_tree_04,48,binary_tree
size_048_binary_tree_04_node_021,size_048_binary_tree_04_node_043,size_048_binary_tree_04,48,binary_tree
size_048_binary_tree_04_node_022,size_048_binary_tree_04_node_044,size_048_binary_tree_04,48,binary_tree
size_048_binary_tree_04_node_022,size_048_binary_tree_04_node_045,size_048_binary_tree_04,48,binary_tree
size_048_binary_tree_04_node_023,size_048_binary_tree_04_node_046,size_048_binary_tree_04,48,binary_tree
size_048_binary_tree_04_node_023,size_048_binary_tree_04_node_047,size_048_binary_tree_04,48,binary_tree
size_048_binary_tree_04_node_024,size_048_binary_tree_04_node_048,size_048_binary_tree_04,48,binary_tree
size_049_chain_01_node_001,size_049_chain_01_node_002,size_049_chain_01,49,chain
size_049_chain_01_node_002,size_049_chain_01_node_003,size_049_chain_01,49,chain
size_049_chain_01_node_003,size_049_chain_01_node_004,size_049_chain_01,49,chain
size_049_chain_01_node_004,size_049_chain_01_node_005,size_049_chain_01,49,chain
size_049_chain_01_node_005,size_049_chain_01_node_006,size_049_chain_01,49,chain
size_049_chain_01_node_006,size_049_chain_01_node_007,size_049_chain_01,49,chain
size_049_chain_01_node_007,size_049_chain_01_node_008,size_049_chain_01,49,chain
size_049_chain_01_node_008,size_049_chain_01_node_009,size_049_chain_01,49,chain
size_049_chain_01_node_009,size_049_chain_01_node_010,size_049_chain_01,49,chain
size_049_chain_01_node_010,size_049_chain_01_node_011,size_049_chain_01,49,chain
size_049_chain_01_node_011,size_049_chain_01_node_012,size_049_chain_01,49,chain
size_049_chain_01_node_012,size_049_chain_01_node_013,size_049_chain_01,49,chain
size_049_chain_01_node_013,size_049_chain_01_node_014,size_049_chain_01,49,chain
size_049_chain_01_node_014,size_049_chain_01_node_015,size_049_chain_01,49,chain
size_049_chain_01_node_015,size_049_chain_01_node_016,size_049_chain_01,49,chain
size_049_chain_01_node_016,size_049_chain_01_node_017,size_049_chain_01,49,chain
size_049_chain_01_node_017,size_049_chain_01_node_018,size_049_chain_01,49,chain
size_049_chain_01_node_018,size_049_chain_01_node_019,size_049_chain_01,49,chain
size_049_chain_01_node_019,size_049_chain_01_node_020,size_049_chain_01,49,chain
size_049_chain_01_node_020,size_049_chain_01_node_021,size_049_chain_01,49,chain
size_049_chain_01_node_021,size_049_chain_01_node_022,size_049_chain_01,49,chain
size_049_chain_01_node_022,size_049_chain_01_node_023,size_049_chain_01,49,chain
size_049_chain_01_node_023,size_049_chain_01_node_024,size_049_chain_01,49,chain
size_049_chain_01_node_024,size_049_chain_01_node_025,size_049_chain_01,49,chain
size_049_chain_01_node_025,size_049_chain_01_node_026,size_049_chain_01,49,chain
size_049_chain_01_node_026,size_049_chain_01_node_027,size_049_chain_01,49,chain
size_049_chain_01_node_027,size_049_chain_01_node_028,size_049_chain_01,49,chain
size_049_chain_01_node_028,size_049_chain_01_node_029,size_049_chain_01,49,chain
size_049_chain_01_node_029,size_049_chain_01_node_030,size_049_chain_01,49,chain
size_049_chain_01_node_030,size_049_chain_01_node_031,size_049_chain_01,49,chain
size_049_chain_01_node_031,size_049_chain_01_node_032,size_049_chain_01,49,chain
size_049_chain_01_node_032,size_049_chain_01_node_033,size_049_chain_01,49,chain
size_049_chain_01_node_033,size_049_chain_01_node_034,size_049_chain_01,49,chain
size_049_chain_01_node_034,size_049_chain_01_node_035,size_049_chain_01,49,chain
size_049_chain_01_node_035,size_049_chain_01_node_036,size_049_chain_01,49,chain
size_049_chain_01_node_036,size_049_chain_01_node_037,size_049_chain_01,49,chain
size_049_chain_01_node_037,size_049_chain_01_node_038,size_049_chain_01,49,chain
size_049_chain_01_node_038,size_049_chain_01_node_039,size_049_chain_01,49,chain
size_049_chain_01_node_039,size_049_chain_01_node_040,size_049_chain_01,49,chain
size_049_chain_01_node_040,size_049_chain_01_node_041,size_049_chain_01,49,chain
size_049_chain_01_node_041,size_049_chain_01_node_042,size_049_chain_01,49,chain
size_049_chain_01_node_042,size_049_chain_01_node_043,size_049_chain_01,49,chain
size_049_chain_01_node_043,size_049_chain_01_node_044,size_049_chain_01,49,chain
size_049_chain_01_node_044,size_049_chain_01_node_045,size_049_chain_01,49,chain
size_049_chain_01_node_045,size_049_chain_01_node_046,size_049_chain_01,49,chain
size_049_chain_01_node_046,size_049_chain_01_node_047,size_049_chain_01,49,chain
size_049_chain_01_node_047,size_049_chain_01_node_048,size_049_chain_01,49,chain
size_049_chain_01_node_048,size_049_chain_01_node_049,size_049_chain_01,49,chain
size_049_star_02_node_001,size_049_star_02_node_002,size_049_star_02,49,star
size_049_star_02_node_001,size_049_star_02_node_003,size_049_star_02,49,star
size_049_star_02_node_001,size_049_star_02_node_004,size_049_star_02,49,star
size_049_star_02_node_001,size_049_star_02_node_005,size_049_star_02,49,star
size_049_star_02_node_001,size_049_star_02_node_006,size_049_star_02,49,star
size_049_star_02_node_001,size_049_star_02_node_007,size_049_star_02,49,star
size_049_star_02_node_001,size_049_star_02_node_008,size_049_star_02,49,star
size_049_star_02_node_001,size_049_star_02_node_009,size_049_star_02,49,star
size_049_star_02_node_001,size_049_star_02_node_010,size_049_star_02,49,star
size_049_star_02_node_001,size_049_star_02_node_011,size_049_star_02,49,star
size_049_star_02_node_001,size_049_star_02_node_012,size_049_star_02,49,star
size_049_star_02_node_001,size_049_star_02_node_013,size_049_star_02,49,star
size_049_star_02_node_001,size_049_star_02_node_014,size_049_star_02,49,star
size_049_star_02_node_001,size_049_star_02_node_015,size_049_star_02,49,star
size_049_star_02_node_001,size_049_star_02_node_016,size_049_star_02,49,star
size_049_star_02_node_001,size_049_star_02_node_017,size_049_star_02,49,star
size_049_star_02_node_001,size_049_star_02_node_018,size_049_star_02,49,star
size_049_star_02_node_001,size_049_star_02_node_019,size_049_star_02,49,star
size_049_star_02_node_001,size_049_star_02_node_020,size_049_star_02,49,star
size_049_star_02_node_001,size_049_star_02_node_021,size_049_star_02,49,star
size_049_star_02_node_001,size_049_star_02_node_022,size_049_star_02,49,star
size_049_star_02_node_001,size_049_star_02_node_023,size_049_star_02,49,star
size_049_star_02_node_001,size_049_star_02_node_024,size_049_star_02,49,star
size_049_star_02_node_001,size_049_star_02_node_025,size_049_star_02,49,star
size_049_star_02_node_001,size_049_star_02_node_026,size_049_star_02,49,star
size_049_star_02_node_001,size_049_star_02_node_027,size_049_star_02,49,star
size_049_star_02_node_001,size_049_star_02_node_028,size_049_star_02,49,star
size_049_star_02_node_001,size_049_star_02_node_029,size_049_star_02,49,star
size_049_star_02_node_001,size_049_star_02_node_030,size_049_star_02,49,star
size_049_star_02_node_001,size_049_star_02_node_031,size_049_star_02,49,star
size_049_star_02_node_001,size_049_star_02_node_032,size_049_star_02,49,star
size_049_star_02_node_001,size_049_star_02_node_033,size_049_star_02,49,star
size_049_star_02_node_001,size_049_star_02_node_034,size_049_star_02,49,star
size_049_star_02_node_001,size_049_star_02_node_035,size_049_star_02,49,star
size_049_star_02_node_001,size_049_star_02_node_036,size_049_star_02,49,star
size_049_star_02_node_001,size_049_star_02_node_037,size_049_star_02,49,star
size_049_star_02_node_001,size_049_star_02_node_038,size_049_star_02,49,star
size_049_star_02_node_001,size_049_star_02_node_039,size_049_star_02,49,star
size_049_star_02_node_001,size_049_star_02_node_040,size_049_star_02,49,star
size_049_star_02_node_001,size_049_star_02_node_041,size_049_star_02,49,star
size_049_star_02_node_001,size_049_star_02_node_042,size_049_star_02,49,star
size_049_star_02_node_001,size_049_star_02_node_043,size_049_star_02,49,star
size_049_star_02_node_001,size_049_star_02_node_044,size_049_star_02,49,star
size_049_star_02_node_001,size_049_star_02_node_045,size_049_star_02,49,star
size_049_star_02_node_001,size_049_star_02_node_046,size_049_star_02,49,star
size_049_star_02_node_001,size_049_star_02_node_047,size_049_star_02,49,star
size_049_star_02_node_001,size_049_star_02_node_048,size_049_star_02,49,star
size_049_star_02_node_001,size_049_star_02_node_049,size_049_star_02,49,star
size_049_cycle_03_node_001,size_049_cycle_03_node_002,size_049_cycle_03,49,cycle
size_049_cycle_03_node_002,size_049_cycle_03_node_003,size_049_cycle_03,49,cycle
size_049_cycle_03_node_003,size_049_cycle_03_node_004,size_049_cycle_03,49,cycle
size_049_cycle_03_node_004,size_049_cycle_03_node_005,size_049_cycle_03,49,cycle
size_049_cycle_03_node_005,size_049_cycle_03_node_006,size_049_cycle_03,49,cycle
size_049_cycle_03_node_006,size_049_cycle_03_node_007,size_049_cycle_03,49,cycle
size_049_cycle_03_node_007,size_049_cycle_03_node_008,size_049_cycle_03,49,cycle
size_049_cycle_03_node_008,size_049_cycle_03_node_009,size_049_cycle_03,49,cycle
size_049_cycle_03_node_009,size_049_cycle_03_node_010,size_049_cycle_03,49,cycle
size_049_cycle_03_node_010,size_049_cycle_03_node_011,size_049_cycle_03,49,cycle
size_049_cycle_03_node_011,size_049_cycle_03_node_012,size_049_cycle_03,49,cycle
size_049_cycle_03_node_012,size_049_cycle_03_node_013,size_049_cycle_03,49,cycle
size_049_cycle_03_node_013,size_049_cycle_03_node_014,size_049_cycle_03,49,cycle
size_049_cycle_03_node_014,size_049_cycle_03_node_015,size_049_cycle_03,49,cycle
size_049_cycle_03_node_015,size_049_cycle_03_node_016,size_049_cycle_03,49,cycle
size_049_cycle_03_node_016,size_049_cycle_03_node_017,size_049_cycle_03,49,cycle
size_049_cycle_03_node_017,size_049_cycle_03_node_018,size_049_cycle_03,49,cycle
size_049_cycle_03_node_018,size_049_cycle_03_node_019,size_049_cycle_03,49,cycle
size_049_cycle_03_node_019,size_049_cycle_03_node_020,size_049_cycle_03,49,cycle
size_049_cycle_03_node_020,size_049_cycle_03_node_021,size_049_cycle_03,49,cycle
size_049_cycle_03_node_021,size_049_cycle_03_node_022,size_049_cycle_03,49,cycle
size_049_cycle_03_node_022,size_049_cycle_03_node_023,size_049_cycle_03,49,cycle
size_049_cycle_03_node_023,size_049_cycle_03_node_024,size_049_cycle_03,49,cycle
size_049_cycle_03_node_024,size_049_cycle_03_node_025,size_049_cycle_03,49,cycle
size_049_cycle_03_node_025,size_049_cycle_03_node_026,size_049_cycle_03,49,cycle
size_049_cycle_03_node_026,size_049_cycle_03_node_027,size_049_cycle_03,49,cycle
size_049_cycle_03_node_027,size_049_cycle_03_node_028,size_049_cycle_03,49,cycle
size_049_cycle_03_node_028,size_049_cycle_03_node_029,size_049_cycle_03,49,cycle
size_049_cycle_03_node_029,size_049_cycle_03_node_030,size_049_cycle_03,49,cycle
size_049_cycle_03_node_030,size_049_cycle_03_node_031,size_049_cycle_03,49,cycle
size_049_cycle_03_node_031,size_049_cycle_03_node_032,size_049_cycle_03,49,cycle
size_049_cycle_03_node_032,size_049_cycle_03_node_033,size_049_cycle_03,49,cycle
size_049_cycle_03_node_033,size_049_cycle_03_node_034,size_049_cycle_03,49,cycle
size_049_cycle_03_node_034,size_049_cycle_03_node_035,size_049_cycle_03,49,cycle
size_049_cycle_03_node_035,size_049_cycle_03_node_036,size_049_cycle_03,49,cycle
size_049_cycle_03_node_036,size_049_cycle_03_node_037,size_049_cycle_03,49,cycle
size_049_cycle_03_node_037,size_049_cycle_03_node_038,size_049_cycle_03,49,cycle
size_049_cycle_03_node_038,size_049_cycle_03_node_039,size_049_cycle_03,49,cycle
size_049_cycle_03_node_039,size_049_cycle_03_node_040,size_049_cycle_03,49,cycle
size_049_cycle_03_node_040,size_049_cycle_03_node_041,size_049_cycle_03,49,cycle
size_049_cycle_03_node_041,size_049_cycle_03_node_042,size_049_cycle_03,49,cycle
size_049_cycle_03_node_042,size_049_cycle_03_node_043,size_049_cycle_03,49,cycle
size_049_cycle_03_node_043,size_049_cycle_03_node_044,size_049_cycle_03,49,cycle
size_049_cycle_03_node_044,size_049_cycle_03_node_045,size_049_cycle_03,49,cycle
size_049_cycle_03_node_045,size_049_cycle_03_node_046,size_049_cycle_03,49,cycle
size_049_cycle_03_node_046,size_049_cycle_03_node_047,size_049_cycle_03,49,cycle
size_049_cycle_03_node_047,size_049_cycle_03_node_048,size_049_cycle_03,49,cycle
size_049_cycle_03_node_048,size_049_cycle_03_node_049,size_049_cycle_03,49,cycle
size_049_cycle_03_node_049,size_049_cycle_03_node_001,size_049_cycle_03,49,cycle
size_049_binary_tree_04_node_001,size_049_binary_tree_04_node_002,size_049_binary_tree_04,49,binary_tree
size_049_binary_tree_04_node_001,size_049_binary_tree_04_node_003,size_049_binary_tree_04,49,binary_tree
size_049_binary_tree_04_node_002,size_049_binary_tree_04_node_004,size_049_binary_tree_04,49,binary_tree
size_049_binary_tree_04_node_002,size_049_binary_tree_04_node_005,size_049_binary_tree_04,49,binary_tree
size_049_binary_tree_04_node_003,size_049_binary_tree_04_node_006,size_049_binary_tree_04,49,binary_tree
size_049_binary_tree_04_node_003,size_049_binary_tree_04_node_007,size_049_binary_tree_04,49,binary_tree
size_049_binary_tree_04_node_004,size_049_binary_tree_04_node_008,size_049_binary_tree_04,49,binary_tree
size_049_binary_tree_04_node_004,size_049_binary_tree_04_node_009,size_049_binary_tree_04,49,binary_tree
size_049_binary_tree_04_node_005,size_049_binary_tree_04_node_010,size_049_binary_tree_04,49,binary_tree
size_049_binary_tree_04_node_005,size_049_binary_tree_04_node_011,size_049_binary_tree_04,49,binary_tree
size_049_binary_tree_04_node_006,size_049_binary_tree_04_node_012,size_049_binary_tree_04,49,binary_tree
size_049_binary_tree_04_node_006,size_049_binary_tree_04_node_013,size_049_binary_tree_04,49,binary_tree
size_049_binary_tree_04_node_007,size_049_binary_tree_04_node_014,size_049_binary_tree_04,49,binary_tree
size_049_binary_tree_04_node_007,size_049_binary_tree_04_node_015,size_049_binary_tree_04,49,binary_tree
size_049_binary_tree_04_node_008,size_049_binary_tree_04_node_016,size_049_binary_tree_04,49,binary_tree
size_049_binary_tree_04_node_008,size_049_binary_tree_04_node_017,size_049_binary_tree_04,49,binary_tree
size_049_binary_tree_04_node_009,size_049_binary_tree_04_node_018,size_049_binary_tree_04,49,binary_tree
size_049_binary_tree_04_node_009,size_049_binary_tree_04_node_019,size_049_binary_tree_04,49,binary_tree
size_049_binary_tree_04_node_010,size_049_binary_tree_04_node_020,size_049_binary_tree_04,49,binary_tree
size_049_binary_tree_04_node_010,size_049_binary_tree_04_node_021,size_049_binary_tree_04,49,binary_tree
size_049_binary_tree_04_node_011,size_049_binary_tree_04_node_022,size_049_binary_tree_04,49,binary_tree
size_049_binary_tree_04_node_011,size_049_binary_tree_04_node_023,size_049_binary_tree_04,49,binary_tree
size_049_binary_tree_04_node_012,size_049_binary_tree_04_node_024,size_049_binary_tree_04,49,binary_tree
size_049_binary_tree_04_node_012,size_049_binary_tree_04_node_025,size_049_binary_tree_04,49,binary_tree
size_049_binary_tree_04_node_013,size_049_binary_tree_04_node_026,size_049_binary_tree_04,49,binary_tree
size_049_binary_tree_04_node_013,size_049_binary_tree_04_node_027,size_049_binary_tree_04,49,binary_tree
size_049_binary_tree_04_node_014,size_049_binary_tree_04_node_028,size_049_binary_tree_04,49,binary_tree
size_049_binary_tree_04_node_014,size_049_binary_tree_04_node_029,size_049_binary_tree_04,49,binary_tree
size_049_binary_tree_04_node_015,size_049_binary_tree_04_node_030,size_049_binary_tree_04,49,binary_tree
size_049_binary_tree_04_node_015,size_049_binary_tree_04_node_031,size_049_binary_tree_04,49,binary_tree
size_049_binary_tree_04_node_016,size_049_binary_tree_04_node_032,size_049_binary_tree_04,49,binary_tree
size_049_binary_tree_04_node_016,size_049_binary_tree_04_node_033,size_049_binary_tree_04,49,binary_tree
size_049_binary_tree_04_node_017,size_049_binary_tree_04_node_034,size_049_binary_tree_04,49,binary_tree
size_049_binary_tree_04_node_017,size_049_binary_tree_04_node_035,size_049_binary_tree_04,49,binary_tree
size_049_binary_tree_04_node_018,size_049_binary_tree_04_node_036,size_049_binary_tree_04,49,binary_tree
size_049_binary_tree_04_node_018,size_049_binary_tree_04_node_037,size_049_binary_tree_04,49,binary_tree
size_049_binary_tree_04_node_019,size_049_binary_tree_04_node_038,size_049_binary_tree_04,49,binary_tree
size_049_binary_tree_04_node_019,size_049_binary_tree_04_node_039,size_049_binary_tree_04,49,binary_tree
size_049_binary_tree_04_node_020,size_049_binary_tree_04_node_040,size_049_binary_tree_04,49,binary_tree
size_049_binary_tree_04_node_020,size_049_binary_tree_04_node_041,size_049_binary_tree_04,49,binary_tree
size_049_binary_tree_04_node_021,size_049_binary_tree_04_node_042,size_049_binary_tree_04,49,binary_tree
size_049_binary_tree_04_node_021,size_049_binary_tree_04_node_043,size_049_binary_tree_04,49,binary_tree
size_049_binary_tree_04_node_022,size_049_binary_tree_04_node_044,size_049_binary_tree_04,49,binary_tree
size_049_binary_tree_04_node_022,size_049_binary_tree_04_node_045,size_049_binary_tree_04,49,binary_tree
size_049_binary_tree_04_node_023,size_049_binary_tree_04_node_046,size_049_binary_tree_04,49,binary_tree
size_049_binary_tree_04_node_023,size_049_binary_tree_04_node_047,size_049_binary_tree_04,49,binary_tree
size_049_binary_tree_04_node_024,size_049_binary_tree_04_node_048,size_049_binary_tree_04,49,binary_tree
size_049_binary_tree_04_node_024,size_049_binary_tree_04_node_049,size_049_binary_tree_04,49,binary_tree
size_050_chain_01_node_001,size_050_chain_01_node_002,size_050_chain_01,50,chain
size_050_chain_01_node_002,size_050_chain_01_node_003,size_050_chain_01,50,chain
size_050_chain_01_node_003,size_050_chain_01_node_004,size_050_chain_01,50,chain
size_050_chain_01_node_004,size_050_chain_01_node_005,size_050_chain_01,50,chain
size_050_chain_01_node_005,size_050_chain_01_node_006,size_050_chain_01,50,chain
size_050_chain_01_node_006,size_050_chain_01_node_007,size_050_chain_01,50,chain
size_050_chain_01_node_007,size_050_chain_01_node_008,size_050_chain_01,50,chain
size_050_chain_01_node_008,size_050_chain_01_node_009,size_050_chain_01,50,chain
size_050_chain_01_node_009,size_050_chain_01_node_010,size_050_chain_01,50,chain
size_050_chain_01_node_010,size_050_chain_01_node_011,size_050_chain_01,50,chain
size_050_chain_01_node_011,size_050_chain_01_node_012,size_050_chain_01,50,chain
size_050_chain_01_node_012,size_050_chain_01_node_013,size_050_chain_01,50,chain
size_050_chain_01_node_013,size_050_chain_01_node_014,size_050_chain_01,50,chain
size_050_chain_01_node_014,size_050_chain_01_node_015,size_050_chain_01,50,chain
size_050_chain_01_node_015,size_050_chain_01_node_016,size_050_chain_01,50,chain
size_050_chain_01_node_016,size_050_chain_01_node_017,size_050_chain_01,50,chain
size_050_chain_01_node_017,size_050_chain_01_node_018,size_050_chain_01,50,chain
size_050_chain_01_node_018,size_050_chain_01_node_019,size_050_chain_01,50,chain
size_050_chain_01_node_019,size_050_chain_01_node_020,size_050_chain_01,50,chain
size_050_chain_01_node_020,size_050_chain_01_node_021,size_050_chain_01,50,chain
size_050_chain_01_node_021,size_050_chain_01_node_022,size_050_chain_01,50,chain
size_050_chain_01_node_022,size_050_chain_01_node_023,size_050_chain_01,50,chain
size_050_chain_01_node_023,size_050_chain_01_node_024,size_050_chain_01,50,chain
size_050_chain_01_node_024,size_050_chain_01_node_025,size_050_chain_01,50,chain
size_050_chain_01_node_025,size_050_chain_01_node_026,size_050_chain_01,50,chain
size_050_chain_01_node_026,size_050_chain_01_node_027,size_050_chain_01,50,chain
size_050_chain_01_node_027,size_050_chain_01_node_028,size_050_chain_01,50,chain
size_050_chain_01_node_028,size_050_chain_01_node_029,size_050_chain_01,50,chain
size_050_chain_01_node_029,size_050_chain_01_node_030,size_050_chain_01,50,chain
size_050_chain_01_node_030,size_050_chain_01_node_031,size_050_chain_01,50,chain
size_050_chain_01_node_031,size_050_chain_01_node_032,size_050_chain_01,50,chain
size_050_chain_01_node_032,size_050_chain_01_node_033,size_050_chain_01,50,chain
size_050_chain_01_node_033,size_050_chain_01_node_034,size_050_chain_01,50,chain
size_050_chain_01_node_034,size_050_chain_01_node_035,size_050_chain_01,50,chain
size_050_chain_01_node_035,size_050_chain_01_node_036,size_050_chain_01,50,chain
size_050_chain_01_node_036,size_050_chain_01_node_037,size_050_chain_01,50,chain
size_050_chain_01_node_037,size_050_chain_01_node_038,size_050_chain_01,50,chain
size_050_chain_01_node_038,size_050_chain_01_node_039,size_050_chain_01,50,chain
size_050_chain_01_node_039,size_050_chain_01_node_040,size_050_chain_01,50,chain
size_050_chain_01_node_040,size_050_chain_01_node_041,size_050_chain_01,50,chain
size_050_chain_01_node_041,size_050_chain_01_node_042,size_050_chain_01,50,chain
size_050_chain_01_node_042,size_050_chain_01_node_043,size_050_chain_01,50,chain
size_050_chain_01_node_043,size_050_chain_01_node_044,size_050_chain_01,50,chain
size_050_chain_01_node_044,size_050_chain_01_node_045,size_050_chain_01,50,chain
size_050_chain_01_node_045,size_050_chain_01_node_046,size_050_chain_01,50,chain
size_050_chain_01_node_046,size_050_chain_01_node_047,size_050_chain_01,50,chain
size_050_chain_01_node_047,size_050_chain_01_node_048,size_050_chain_01,50,chain
size_050_chain_01_node_048,size_050_chain_01_node_049,size_050_chain_01,50,chain
size_050_chain_01_node_049,size_050_chain_01_node_050,size_050_chain_01,50,chain
size_050_star_02_node_001,size_050_star_02_node_002,size_050_star_02,50,star
size_050_star_02_node_001,size_050_star_02_node_003,size_050_star_02,50,star
size_050_star_02_node_001,size_050_star_02_node_004,size_050_star_02,50,star
size_050_star_02_node_001,size_050_star_02_node_005,size_050_star_02,50,star
size_050_star_02_node_001,size_050_star_02_node_006,size_050_star_02,50,star
size_050_star_02_node_001,size_050_star_02_node_007,size_050_star_02,50,star
size_050_star_02_node_001,size_050_star_02_node_008,size_050_star_02,50,star
size_050_star_02_node_001,size_050_star_02_node_009,size_050_star_02,50,star
size_050_star_02_node_001,size_050_star_02_node_010,size_050_star_02,50,star
size_050_star_02_node_001,size_050_star_02_node_011,size_050_star_02,50,star
size_050_star_02_node_001,size_050_star_02_node_012,size_050_star_02,50,star
size_050_star_02_node_001,size_050_star_02_node_013,size_050_star_02,50,star
size_050_star_02_node_001,size_050_star_02_node_014,size_050_star_02,50,star
size_050_star_02_node_001,size_050_star_02_node_015,size_050_star_02,50,star
size_050_star_02_node_001,size_050_star_02_node_016,size_050_star_02,50,star
size_050_star_02_node_001,size_050_star_02_node_017,size_050_star_02,50,star
size_050_star_02_node_001,size_050_star_02_node_018,size_050_star_02,50,star
size_050_star_02_node_001,size_050_star_02_node_019,size_050_star_02,50,star
size_050_star_02_node_001,size_050_star_02_node_020,size_050_star_02,50,star
size_050_star_02_node_001,size_050_star_02_node_021,size_050_star_02,50,star
size_050_star_02_node_001,size_050_star_02_node_022,size_050_star_02,50,star
size_050_star_02_node_001,size_050_star_02_node_023,size_050_star_02,50,star
size_050_star_02_node_001,size_050_star_02_node_024,size_050_star_02,50,star
size_050_star_02_node_001,size_050_star_02_node_025,size_050_star_02,50,star
size_050_star_02_node_001,size_050_star_02_node_026,size_050_star_02,50,star
size_050_star_02_node_001,size_050_star_02_node_027,size_050_star_02,50,star
size_050_star_02_node_001,size_050_star_02_node_028,size_050_star_02,50,star
size_050_star_02_node_001,size_050_star_02_node_029,size_050_star_02,50,star
size_050_star_02_node_001,size_050_star_02_node_030,size_050_star_02,50,star
size_050_star_02_node_001,size_050_star_02_node_031,size_050_star_02,50,star
size_050_star_02_node_001,size_050_star_02_node_032,size_050_star_02,50,star
size_050_star_02_node_001,size_050_star_02_node_033,size_050_star_02,50,star
size_050_star_02_node_001,size_050_star_02_node_034,size_050_star_02,50,star
size_050_star_02_node_001,size_050_star_02_node_035,size_050_star_02,50,star
size_050_star_02_node_001,size_050_star_02_node_036,size_050_star_02,50,star
size_050_star_02_node_001,size_050_star_02_node_037,size_050_star_02,50,star
size_050_star_02_node_001,size_050_star_02_node_038,size_050_star_02,50,star
size_050_star_02_node_001,size_050_star_02_node_039,size_050_star_02,50,star
size_050_star_02_node_001,size_050_star_02_node_040,size_050_star_02,50,star
size_050_star_02_node_001,size_050_star_02_node_041,size_050_star_02,50,star
size_050_star_02_node_001,size_050_star_02_node_042,size_050_star_02,50,star
size_050_star_02_node_001,size_050_star_02_node_043,size_050_star_02,50,star
size_050_star_02_node_001,size_050_star_02_node_044,size_050_star_02,50,star
size_050_star_02_node_001,size_050_star_02_node_045,size_050_star_02,50,star
size_050_star_02_node_001,size_050_star_02_node_046,size_050_star_02,50,star
size_050_star_02_node_001,size_050_star_02_node_047,size_050_star_02,50,star
size_050_star_02_node_001,size_050_star_02_node_048,size_050_star_02,50,star
size_050_star_02_node_001,size_050_star_02_node_049,size_050_star_02,50,star
size_050_star_02_node_001,size_050_star_02_node_050,size_050_star_02,50,star
size_050_cycle_03_node_001,size_050_cycle_03_node_002,size_050_cycle_03,50,cycle
size_050_cycle_03_node_002,size_050_cycle_03_node_003,size_050_cycle_03,50,cycle
size_050_cycle_03_node_003,size_050_cycle_03_node_004,size_050_cycle_03,50,cycle
size_050_cycle_03_node_004,size_050_cycle_03_node_005,size_050_cycle_03,50,cycle
size_050_cycle_03_node_005,size_050_cycle_03_node_006,size_050_cycle_03,50,cycle
size_050_cycle_03_node_006,size_050_cycle_03_node_007,size_050_cycle_03,50,cycle
size_050_cycle_03_node_007,size_050_cycle_03_node_008,size_050_cycle_03,50,cycle
size_050_cycle_03_node_008,size_050_cycle_03_node_009,size_050_cycle_03,50,cycle
size_050_cycle_03_node_009,size_050_cycle_03_node_010,size_050_cycle_03,50,cycle
size_050_cycle_03_node_010,size_050_cycle_03_node_011,size_050_cycle_03,50,cycle
size_050_cycle_03_node_011,size_050_cycle_03_node_012,size_050_cycle_03,50,cycle
size_050_cycle_03_node_012,size_050_cycle_03_node_013,size_050_cycle_03,50,cycle
size_050_cycle_03_node_013,size_050_cycle_03_node_014,size_050_cycle_03,50,cycle
size_050_cycle_03_node_014,size_050_cycle_03_node_015,size_050_cycle_03,50,cycle
size_050_cycle_03_node_015,size_050_cycle_03_node_016,size_050_cycle_03,50,cycle
size_050_cycle_03_node_016,size_050_cycle_03_node_017,size_050_cycle_03,50,cycle
size_050_cycle_03_node_017,size_050_cycle_03_node_018,size_050_cycle_03,50,cycle
size_050_cycle_03_node_018,size_050_cycle_03_node_019,size_050_cycle_03,50,cycle
size_050_cycle_03_node_019,size_050_cycle_03_node_020,size_050_cycle_03,50,cycle
size_050_cycle_03_node_020,size_050_cycle_03_node_021,size_050_cycle_03,50,cycle
size_050_cycle_03_node_021,size_050_cycle_03_node_022,size_050_cycle_03,50,cycle
size_050_cycle_03_node_022,size_050_cycle_03_node_023,size_050_cycle_03,50,cycle
size_050_cycle_03_node_023,size_050_cycle_03_node_024,size_050_cycle_03,50,cycle
size_050_cycle_03_node_024,size_050_cycle_03_node_025,size_050_cycle_03,50,cycle
size_050_cycle_03_node_025,size_050_cycle_03_node_026,size_050_cycle_03,50,cycle
size_050_cycle_03_node_026,size_050_cycle_03_node_027,size_050_cycle_03,50,cycle
size_050_cycle_03_node_027,size_050_cycle_03_node_028,size_050_cycle_03,50,cycle
size_050_cycle_03_node_028,size_050_cycle_03_node_029,size_050_cycle_03,50,cycle
size_050_cycle_03_node_029,size_050_cycle_03_node_030,size_050_cycle_03,50,cycle
size_050_cycle_03_node_030,size_050_cycle_03_node_031,size_050_cycle_03,50,cycle
size_050_cycle_03_node_031,size_050_cycle_03_node_032,size_050_cycle_03,50,cycle
size_050_cycle_03_node_032,size_050_cycle_03_node_033,size_050_cycle_03,50,cycle
size_050_cycle_03_node_033,size_050_cycle_03_node_034,size_050_cycle_03,50,cycle
size_050_cycle_03_node_034,size_050_cycle_03_node_035,size_050_cycle_03,50,cycle
size_050_cycle_03_node_035,size_050_cycle_03_node_036,size_050_cycle_03,50,cycle
size_050_cycle_03_node_036,size_050_cycle_03_node_037,size_050_cycle_03,50,cycle
size_050_cycle_03_node_037,size_050_cycle_03_node_038,size_050_cycle_03,50,cycle
size_050_cycle_03_node_038,size_050_cycle_03_node_039,size_050_cycle_03,50,cycle
size_050_cycle_03_node_039,size_050_cycle_03_node_040,size_050_cycle_03,50,cycle
size_050_cycle_03_node_040,size_050_cycle_03_node_041,size_050_cycle_03,50,cycle
size_050_cycle_03_node_041,size_050_cycle_03_node_042,size_050_cycle_03,50,cycle
size_050_cycle_03_node_042,size_050_cycle_03_node_043,size_050_cycle_03,50,cycle
size_050_cycle_03_node_043,size_050_cycle_03_node_044,size_050_cycle_03,50,cycle
size_050_cycle_03_node_044,size_050_cycle_03_node_045,size_050_cycle_03,50,cycle
size_050_cycle_03_node_045,size_050_cycle_03_node_046,size_050_cycle_03,50,cycle
size_050_cycle_03_node_046,size_050_cycle_03_node_047,size_050_cycle_03,50,cycle
size_050_cycle_03_node_047,size_050_cycle_03_node_048,size_050_cycle_03,50,cycle
size_050_cycle_03_node_048,size_050_cycle_03_node_049,size_050_cycle_03,50,cycle
size_050_cycle_03_node_049,size_050_cycle_03_node_050,size_050_cycle_03,50,cycle
size_050_cycle_03_node_050,size_050_cycle_03_node_001,size_050_cycle_03,50,cycle
size_050_binary_tree_04_node_001,size_050_binary_tree_04_node_002,size_050_binary_tree_04,50,binary_tree
size_050_binary_tree_04_node_001,size_050_binary_tree_04_node_003,size_050_binary_tree_04,50,binary_tree
size_050_binary_tree_04_node_002,size_050_binary_tree_04_node_004,size_050_binary_tree_04,50,binary_tree
size_050_binary_tree_04_node_002,size_050_binary_tree_04_node_005,size_050_binary_tree_04,50,binary_tree
size_050_binary_tree_04_node_003,size_050_binary_tree_04_node_006,size_050_binary_tree_04,50,binary_tree
size_050_binary_tree_04_node_003,size_050_binary_tree_04_node_007,size_050_binary_tree_04,50,binary_tree
size_050_binary_tree_04_node_004,size_050_binary_tree_04_node_008,size_050_binary_tree_04,50,binary_tree
size_050_binary_tree_04_node_004,size_050_binary_tree_04_node_009,size_050_binary_tree_04,50,binary_tree
size_050_binary_tree_04_node_005,size_050_binary_tree_04_node_010,size_050_binary_tree_04,50,binary_tree
size_050_binary_tree_04_node_005,size_050_binary_tree_04_node_011,size_050_binary_tree_04,50,binary_tree
size_050_binary_tree_04_node_006,size_050_binary_tree_04_node_012,size_050_binary_tree_04,50,binary_tree
size_050_binary_tree_04_node_006,size_050_binary_tree_04_node_013,size_050_binary_tree_04,50,binary_tree
size_050_binary_tree_04_node_007,size_050_binary_tree_04_node_014,size_050_binary_tree_04,50,binary_tree
size_050_binary_tree_04_node_007,size_050_binary_tree_04_node_015,size_050_binary_tree_04,50,binary_tree
size_050_binary_tree_04_node_008,size_050_binary_tree_04_node_016,size_050_binary_tree_04,50,binary_tree
size_050_binary_tree_04_node_008,size_050_binary_tree_04_node_017,size_050_binary_tree_04,50,binary_tree
size_050_binary_tree_04_node_009,size_050_binary_tree_04_node_018,size_050_binary_tree_04,50,binary_tree
size_050_binary_tree_04_node_009,size_050_binary_tree_04_node_019,size_050_binary_tree_04,50,binary_tree
size_050_binary_tree_04_node_010,size_050_binary_tree_04_node_020,size_050_binary_tree_04,50,binary_tree
size_050_binary_tree_04_node_010,size_050_binary_tree_04_node_021,size_050_binary_tree_04,50,binary_tree
size_050_binary_tree_04_node_011,size_050_binary_tree_04_node_022,size_050_binary_tree_04,50,binary_tree
size_050_binary_tree_04_node_011,size_050_binary_tree_04_node_023,size_050_binary_tree_04,50,binary_tree
size_050_binary_tree_04_node_012,size_050_binary_tree_04_node_024,size_050_binary_tree_04,50,binary_tree
size_050_binary_tree_04_node_012,size_050_binary_tree_04_node_025,size_050_binary_tree_04,50,binary_tree
size_050_binary_tree_04_node_013,size_050_binary_tree_04_node_026,size_050_binary_tree_04,50,binary_tree
size_050_binary_tree_04_node_013,size_050_binary_tree_04_node_027,size_050_binary_tree_04,50,binary_tree
size_050_binary_tree_04_node_014,size_050_binary_tree_04_node_028,size_050_binary_tree_04,50,binary_tree
size_050_binary_tree_04_node_014,size_050_binary_tree_04_node_029,size_050_binary_tree_04,50,binary_tree
size_050_binary_tree_04_node_015,size_050_binary_tree_04_node_030,size_050_binary_tree_04,50,binary_tree
size_050_binary_tree_04_node_015,size_050_binary_tree_04_node_031,size_050_binary_tree_04,50,binary_tree
size_050_binary_tree_04_node_016,size_050_binary_tree_04_node_032,size_050_binary_tree_04,50,binary_tree
size_050_binary_tree_04_node_016,size_050_binary_tree_04_node_033,size_050_binary_tree_04,50,binary_tree
size_050_binary_tree_04_node_017,size_050_binary_tree_04_node_034,size_050_binary_tree_04,50,binary_tree
size_050_binary_tree_04_node_017,size_050_binary_tree_04_node_035,size_050_binary_tree_04,50,binary_tree
size_050_binary_tree_04_node_018,size_050_binary_tree_04_node_036,size_050_binary_tree_04,50,binary_tree
size_050_binary_tree_04_node_018,size_050_binary_tree_04_node_037,size_050_binary_tree_04,50,binary_tree
size_050_binary_tree_04_node_019,size_050_binary_tree_04_node_038,size_050_binary_tree_04,50,binary_tree
size_050_binary_tree_04_node_019,size_050_binary_tree_04_node_039,size_050_binary_tree_04,50,binary_tree
size_050_binary_tree_04_node_020,size_050_binary_tree_04_node_040,size_050_binary_tree_04,50,binary_tree
size_050_binary_tree_04_node_020,size_050_binary_tree_04_node_041,size_050_binary_tree_04,50,binary_tree
size_050_binary_tree_04_node_021,size_050_binary_tree_04_node_042,size_050_binary_tree_04,50,binary_tree
size_050_binary_tree_04_node_021,size_050_binary_tree_04_node_043,size_050_binary_tree_04,50,binary_tree
size_050_binary_tree_04_node_022,size_050_binary_tree_04_node_044,size_050_binary_tree_04,50,binary_tree
size_050_binary_tree_04_node_022,size_050_binary_tree_04_node_045,size_050_binary_tree_04,50,binary_tree
size_050_binary_tree_04_node_023,size_050_binary_tree_04_node_046,size_050_binary_tree_04,50,binary_tree
size_050_binary_tree_04_node_023,size_050_binary_tree_04_node_047,size_050_binary_tree_04,50,binary_tree
size_050_binary_tree_04_node_024,size_050_binary_tree_04_node_048,size_050_binary_tree_04,50,binary_tree
size_050_binary_tree_04_node_024,size_050_binary_tree_04_node_049,size_050_binary_tree_04,50,binary_tree
size_050_binary_tree_04_node_025,size_050_binary_tree_04_node_050,size_050_binary_tree_04,50,binary_tree
size_075_star_01_node_001,size_075_star_01_node_002,size_075_star_01,75,star
size_075_star_01_node_001,size_075_star_01_node_003,size_075_star_01,75,star
size_075_star_01_node_001,size_075_star_01_node_004,size_075_star_01,75,star
size_075_star_01_node_001,size_075_star_01_node_005,size_075_star_01,75,star
size_075_star_01_node_001,size_075_star_01_node_006,size_075_star_01,75,star
size_075_star_01_node_001,size_075_star_01_node_007,size_075_star_01,75,star
size_075_star_01_node_001,size_075_star_01_node_008,size_075_star_01,75,star
size_075_star_01_node_001,size_075_star_01_node_009,size_075_star_01,75,star
size_075_star_01_node_001,size_075_star_01_node_010,size_075_star_01,75,star
size_075_star_01_node_001,size_075_star_01_node_011,size_075_star_01,75,star
size_075_star_01_node_001,size_075_star_01_node_012,size_075_star_01,75,star
size_075_star_01_node_001,size_075_star_01_node_013,size_075_star_01,75,star
size_075_star_01_node_001,size_075_star_01_node_014,size_075_star_01,75,star
size_075_star_01_node_001,size_075_star_01_node_015,size_075_star_01,75,star
size_075_star_01_node_001,size_075_star_01_node_016,size_075_star_01,75,star
size_075_star_01_node_001,size_075_star_01_node_017,size_075_star_01,75,star
size_075_star_01_node_001,size_075_star_01_node_018,size_075_star_01,75,star
size_075_star_01_node_001,size_075_star_01_node_019,size_075_star_01,75,star
size_075_star_01_node_001,size_075_star_01_node_020,size_075_star_01,75,star
size_075_star_01_node_001,size_075_star_01_node_021,size_075_star_01,75,star
size_075_star_01_node_001,size_075_star_01_node_022,size_075_star_01,75,star
size_075_star_01_node_001,size_075_star_01_node_023,size_075_star_01,75,star
size_075_star_01_node_001,size_075_star_01_node_024,size_075_star_01,75,star
size_075_star_01_node_001,size_075_star_01_node_025,size_075_star_01,75,star
size_075_star_01_node_001,size_075_star_01_node_026,size_075_star_01,75,star
size_075_star_01_node_001,size_075_star_01_node_027,size_075_star_01,75,star
size_075_star_01_node_001,size_075_star_01_node_028,size_075_star_01,75,star
size_075_star_01_node_001,size_075_star_01_node_029,size_075_star_01,75,star
size_075_star_01_node_001,size_075_star_01_node_030,size_075_star_01,75,star
size_075_star_01_node_001,size_075_star_01_node_031,size_075_star_01,75,star
size_075_star_01_node_001,size_075_star_01_node_032,size_075_star_01,75,star
size_075_star_01_node_001,size_075_star_01_node_033,size_075_star_01,75,star
size_075_star_01_node_001,size_075_star_01_node_034,size_075_star_01,75,star
size_075_star_01_node_001,size_075_star_01_node_035,size_075_star_01,75,star
size_075_star_01_node_001,size_075_star_01_node_036,size_075_star_01,75,star
size_075_star_01_node_001,size_075_star_01_node_037,size_075_star_01,75,star
size_075_star_01_node_001,size_075_star_01_node_038,size_075_star_01,75,star
size_075_star_01_node_001,size_075_star_01_node_039,size_075_star_01,75,star
size_075_star_01_node_001,size_075_star_01_node_040,size_075_star_01,75,star
size_075_star_01_node_001,size_075_star_01_node_041,size_075_star_01,75,star
size_075_star_01_node_001,size_075_star_01_node_042,size_075_star_01,75,star
size_075_star_01_node_001,size_075_star_01_node_043,size_075_star_01,75,star
size_075_star_01_node_001,size_075_star_01_node_044,size_075_star_01,75,star
size_075_star_01_node_001,size_075_star_01_node_045,size_075_star_01,75,star
size_075_star_01_node_001,size_075_star_01_node_046,size_075_star_01,75,star
size_075_star_01_node_001,size_075_star_01_node_047,size_075_star_01,75,star
size_075_star_01_node_001,size_075_star_01_node_048,size_075_star_01,75,star
size_075_star_01_node_001,size_075_star_01_node_049,size_075_star_01,75,star
size_075_star_01_node_001,size_075_star_01_node_050,size_075_star_01,75,star
size_075_star_01_node_001,size_075_star_01_node_051,size_075_star_01,75,star
size_075_star_01_node_001,size_075_star_01_node_052,size_075_star_01,75,star
size_075_star_01_node_001,size_075_star_01_node_053,size_075_star_01,75,star
size_075_star_01_node_001,size_075_star_01_node_054,size_075_star_01,75,star
size_075_star_01_node_001,size_075_star_01_node_055,size_075_star_01,75,star
size_075_star_01_node_001,size_075_star_01_node_056,size_075_star_01,75,star
size_075_star_01_node_001,size_075_star_01_node_057,size_075_star_01,75,star
size_075_star_01_node_001,size_075_star_01_node_058,size_075_star_01,75,star
size_075_star_01_node_001,size_075_star_01_node_059,size_075_star_01,75,star
size_075_star_01_node_001,size_075_star_01_node_060,size_075_star_01,75,star
size_075_star_01_node_001,size_075_star_01_node_061,size_075_star_01,75,star
size_075_star_01_node_001,size_075_star_01_node_062,size_075_star_01,75,star
size_075_star_01_node_001,size_075_star_01_node_063,size_075_star_01,75,star
size_075_star_01_node_001,size_075_star_01_node_064,size_075_star_01,75,star
size_075_star_01_node_001,size_075_star_01_node_065,size_075_star_01,75,star
size_075_star_01_node_001,size_075_star_01_node_066,size_075_star_01,75,star
size_075_star_01_node_001,size_075_star_01_node_067,size_075_star_01,75,star
size_075_star_01_node_001,size_075_star_01_node_068,size_075_star_01,75,star
size_075_star_01_node_001,size_075_star_01_node_069,size_075_star_01,75,star
size_075_star_01_node_001,size_075_star_01_node_070,size_075_star_01,75,star
size_075_star_01_node_001,size_075_star_01_node_071,size_075_star_01,75,star
size_075_star_01_node_001,size_075_star_01_node_072,size_075_star_01,75,star
size_075_star_01_node_001,size_075_star_01_node_073,size_075_star_01,75,star
size_075_star_01_node_001,size_075_star_01_node_074,size_075_star_01,75,star
size_075_star_01_node_001,size_075_star_01_node_075,size_075_star_01,75,star
size_100_binary_tree_02_node_001,size_100_binary_tree_02_node_002,size_100_binary_tree_02,100,binary_tree
size_100_binary_tree_02_node_001,size_100_binary_tree_02_node_003,size_100_binary_tree_02,100,binary_tree
size_100_binary_tree_02_node_002,size_100_binary_tree_02_node_004,size_100_binary_tree_02,100,binary_tree
size_100_binary_tree_02_node_002,size_100_binary_tree_02_node_005,size_100_binary_tree_02,100,binary_tree
size_100_binary_tree_02_node_003,size_100_binary_tree_02_node_006,size_100_binary_tree_02,100,binary_tree
size_100_binary_tree_02_node_003,size_100_binary_tree_02_node_007,size_100_binary_tree_02,100,binary_tree
size_100_binary_tree_02_node_004,size_100_binary_tree_02_node_008,size_100_binary_tree_02,100,binary_tree
size_100_binary_tree_02_node_004,size_100_binary_tree_02_node_009,size_100_binary_tree_02,100,binary_tree
size_100_binary_tree_02_node_005,size_100_binary_tree_02_node_010,size_100_binary_tree_02,100,binary_tree
size_100_binary_tree_02_node_005,size_100_binary_tree_02_node_011,size_100_binary_tree_02,100,binary_tree
size_100_binary_tree_02_node_006,size_100_binary_tree_02_node_012,size_100_binary_tree_02,100,binary_tree
size_100_binary_tree_02_node_006,size_100_binary_tree_02_node_013,size_100_binary_tree_02,100,binary_tree
size_100_binary_tree_02_node_007,size_100_binary_tree_02_node_014,size_100_binary_tree_02,100,binary_tree
size_100_binary_tree_02_node_007,size_100_binary_tree_02_node_015,size_100_binary_tree_02,100,binary_tree
size_100_binary_tree_02_node_008,size_100_binary_tree_02_node_016,size_100_binary_tree_02,100,binary_tree
size_100_binary_tree_02_node_008,size_100_binary_tree_02_node_017,size_100_binary_tree_02,100,binary_tree
size_100_binary_tree_02_node_009,size_100_binary_tree_02_node_018,size_100_binary_tree_02,100,binary_tree
size_100_binary_tree_02_node_009,size_100_binary_tree_02_node_019,size_100_binary_tree_02,100,binary_tree
size_100_binary_tree_02_node_010,size_100_binary_tree_02_node_020,size_100_binary_tree_02,100,binary_tree
size_100_binary_tree_02_node_010,size_100_binary_tree_02_node_021,size_100_binary_tree_02,100,binary_tree
size_100_binary_tree_02_node_011,size_100_binary_tree_02_node_022,size_100_binary_tree_02,100,binary_tree
size_100_binary_tree_02_node_011,size_100_binary_tree_02_node_023,size_100_binary_tree_02,100,binary_tree
size_100_binary_tree_02_node_012,size_100_binary_tree_02_node_024,size_100_binary_tree_02,100,binary_tree
size_100_binary_tree_02_node_012,size_100_binary_tree_02_node_025,size_100_binary_tree_02,100,binary_tree
size_100_binary_tree_02_node_013,size_100_binary_tree_02_node_026,size_100_binary_tree_02,100,binary_tree
size_100_binary_tree_02_node_013,size_100_binary_tree_02_node_027,size_100_binary_tree_02,100,binary_tree
size_100_binary_tree_02_node_014,size_100_binary_tree_02_node_028,size_100_binary_tree_02,100,binary_tree
size_100_binary_tree_02_node_014,size_100_binary_tree_02_node_029,size_100_binary_tree_02,100,binary_tree
size_100_binary_tree_02_node_015,size_100_binary_tree_02_node_030,size_100_binary_tree_02,100,binary_tree
size_100_binary_tree_02_node_015,size_100_binary_tree_02_node_031,size_100_binary_tree_02,100,binary_tree
size_100_binary_tree_02_node_016,size_100_binary_tree_02_node_032,size_100_binary_tree_02,100,binary_tree
size_100_binary_tree_02_node_016,size_100_binary_tree_02_node_033,size_100_binary_tree_02,100,binary_tree
size_100_binary_tree_02_node_017,size_100_binary_tree_02_node_034,size_100_binary_tree_02,100,binary_tree
size_100_binary_tree_02_node_017,size_100_binary_tree_02_node_035,size_100_binary_tree_02,100,binary_tree
size_100_binary_tree_02_node_018,size_100_binary_tree_02_node_036,size_100_binary_tree_02,100,binary_tree
size_100_binary_tree_02_node_018,size_100_binary_tree_02_node_037,size_100_binary_tree_02,100,binary_tree
size_100_binary_tree_02_node_019,size_100_binary_tree_02_node_038,size_100_binary_tree_02,100,binary_tree
size_100_binary_tree_02_node_019,size_100_binary_tree_02_node_039,size_100_binary_tree_02,100,binary_tree
size_100_binary_tree_02_node_020,size_100_binary_tree_02_node_040,size_100_binary_tree_02,100,binary_tree
size_100_binary_tree_02_node_020,size_100_binary_tree_02_node_041,size_100_binary_tree_02,100,binary_tree
size_100_binary_tree_02_node_021,size_100_binary_tree_02_node_042,size_100_binary_tree_02,100,binary_tree
size_100_binary_tree_02_node_021,size_100_binary_tree_02_node_043,size_100_binary_tree_02,100,binary_tree
size_100_binary_tree_02_node_022,size_100_binary_tree_02_node_044,size_100_binary_tree_02,100,binary_tree
size_100_binary_tree_02_node_022,size_100_binary_tree_02_node_045,size_100_binary_tree_02,100,binary_tree
size_100_binary_tree_02_node_023,size_100_binary_tree_02_node_046,size_100_binary_tree_02,100,binary_tree
size_100_binary_tree_02_node_023,size_100_binary_tree_02_node_047,size_100_binary_tree_02,100,binary_tree
size_100_binary_tree_02_node_024,size_100_binary_tree_02_node_048,size_100_binary_tree_02,100,binary_tree
size_100_binary_tree_02_node_024,size_100_binary_tree_02_node_049,size_100_binary_tree_02,100,binary_tree
size_100_binary_tree_02_node_025,size_100_binary_tree_02_node_050,size_100_binary_tree_02,100,binary_tree
size_100_binary_tree_02_node_025,size_100_binary_tree_02_node_051,size_100_binary_tree_02,100,binary_tree
size_100_binary_tree_02_node_026,size_100_binary_tree_02_node_052,size_100_binary_tree_02,100,binary_tree
size_100_binary_tree_02_node_026,size_100_binary_tree_02_node_053,size_100_binary_tree_02,100,binary_tree
size_100_binary_tree_02_node_027,size_100_binary_tree_02_node_054,size_100_binary_tree_02,100,binary_tree
size_100_binary_tree_02_node_027,size_100_binary_tree_02_node_055,size_100_binary_tree_02,100,binary_tree
size_100_binary_tree_02_node_028,size_100_binary_tree_02_node_056,size_100_binary_tree_02,100,binary_tree
size_100_binary_tree_02_node_028,size_100_binary_tree_02_node_057,size_100_binary_tree_02,100,binary_tree
size_100_binary_tree_02_node_029,size_100_binary_tree_02_node_058,size_100_binary_tree_02,100,binary_tree
size_100_binary_tree_02_node_029,size_100_binary_tree_02_node_059,size_100_binary_tree_02,100,binary_tree
size_100_binary_tree_02_node_030,size_100_binary_tree_02_node_060,size_100_binary_tree_02,100,binary_tree
size_100_binary_tree_02_node_030,size_100_binary_tree_02_node_061,size_100_binary_tree_02,100,binary_tree
size_100_binary_tree_02_node_031,size_100_binary_tree_02_node_062,size_100_binary_tree_02,100,binary_tree
size_100_binary_tree_02_node_031,size_100_binary_tree_02_node_063,size_100_binary_tree_02,100,binary_tree
size_100_binary_tree_02_node_032,size_100_binary_tree_02_node_064,size_100_binary_tree_02,100,binary_tree
size_100_binary_tree_02_node_032,size_100_binary_tree_02_node_065,size_100_binary_tree_02,100,binary_tree
size_100_binary_tree_02_node_033,size_100_binary_tree_02_node_066,size_100_binary_tree_02,100,binary_tree
size_100_binary_tree_02_node_033,size_100_binary_tree_02_node_067,size_100_binary_tree_02,100,binary_tree
size_100_binary_tree_02_node_034,size_100_binary_tree_02_node_068,size_100_binary_tree_02,100,binary_tree
size_100_binary_tree_02_node_034,size_100_binary_tree_02_node_069,size_100_binary_tree_02,100,binary_tree
size_100_binary_tree_02_node_035,size_100_binary_tree_02_node_070,size_100_binary_tree_02,100,binary_tree
size_100_binary_tree_02_node_035,size_100_binary_tree_02_node_071,size_100_binary_tree_02,100,binary_tree
size_100_binary_tree_02_node_036,size_100_binary_tree_02_node_072,size_100_binary_tree_02,100,binary_tree
size_100_binary_tree_02_node_036,size_100_binary_tree_02_node_073,size_100_binary_tree_02,100,binary_tree
size_100_binary_tree_02_node_037,size_100_binary_tree_02_node_074,size_100_binary_tree_02,100,binary_tree
size_100_binary_tree_02_node_037,size_100_binary_tree_02_node_075,size_100_binary_tree_02,100,binary_tree
size_100_binary_tree_02_node_038,size_100_binary_tree_02_node_076,size_100_binary_tree_02,100,binary_tree
size_100_binary_tree_02_node_038,size_100_binary_tree_02_node_077,size_100_binary_tree_02,100,binary_tree
size_100_binary_tree_02_node_039,size_100_binary_tree_02_node_078,size_100_binary_tree_02,100,binary_tree
size_100_binary_tree_02_node_039,size_100_binary_tree_02_node_079,size_100_binary_tree_02,100,binary_tree
size_100_binary_tree_02_node_040,size_100_binary_tree_02_node_080,size_100_binary_tree_02,100,binary_tree
size_100_binary_tree_02_node_040,size_100_binary_tree_02_node_081,size_100_binary_tree_02,100,binary_tree
size_100_binary_tree_02_node_041,size_100_binary_tree_02_node_082,size_100_binary_tree_02,100,binary_tree
size_100_binary_tree_02_node_041,size_100_binary_tree_02_node_083,size_100_binary_tree_02,100,binary_tree
size_100_binary_tree_02_node_042,size_100_binary_tree_02_node_084,size_100_binary_tree_02,100,binary_tree
size_100_binary_tree_02_node_042,size_100_binary_tree_02_node_085,size_100_binary_tree_02,100,binary_tree
size_100_binary_tree_02_node_043,size_100_binary_tree_02_node_086,size_100_binary_tree_02,100,binary_tree
size_100_binary_tree_02_node_043,size_100_binary_tree_02_node_087,size_100_binary_tree_02,100,binary_tree
size_100_binary_tree_02_node_044,size_100_binary_tree_02_node_088,size_100_binary_tree_02,100,binary_tree
size_100_binary_tree_02_node_044,size_100_binary_tree_02_node_089,size_100_binary_tree_02,100,binary_tree
size_100_binary_tree_02_node_045,size_100_binary_tree_02_node_090,size_100_binary_tree_02,100,binary_tree
size_100_binary_tree_02_node_045,size_100_binary_tree_02_node_091,size_100_binary_tree_02,100,binary_tree
size_100_binary_tree_02_node_046,size_100_binary_tree_02_node_092,size_100_binary_tree_02,100,binary_tree
size_100_binary_tree_02_node_046,size_100_binary_tree_02_node_093,size_100_binary_tree_02,100,binary_tree
size_100_binary_tree_02_node_047,size_100_binary_tree_02_node_094,size_100_binary_tree_02,100,binary_tree
size_100_binary_tree_02_node_047,size_100_binary_tree_02_node_095,size_100_binary_tree_02,100,binary_tree
size_100_binary_tree_02_node_048,size_100_binary_tree_02_node_096,size_100_binary_tree_02,100,binary_tree
size_100_binary_tree_02_node_048,size_100_binary_tree_02_node_097,size_100_binary_tree_02,100,binary_tree
size_100_binary_tree_02_node_049,size_100_binary_tree_02_node_098,size_100_binary_tree_02,100,binary_tree
size_100_binary_tree_02_node_049,size_100_binary_tree_02_node_099,size_100_binary_tree_02,100,binary_tree
size_100_binary_tree_02_node_050,size_100_binary_tree_02_node_100,size_100_binary_tree_02,100,binary_tree
size_150_cycle_03_node_001,size_150_cycle_03_node_002,size_150_cycle_03,150,cycle
size_150_cycle_03_node_002,size_150_cycle_03_node_003,size_150_cycle_03,150,cycle
size_150_cycle_03_node_003,size_150_cycle_03_node_004,size_150_cycle_03,150,cycle
size_150_cycle_03_node_004,size_150_cycle_03_node_005,size_150_cycle_03,150,cycle
size_150_cycle_03_node_005,size_150_cycle_03_node_006,size_150_cycle_03,150,cycle
size_150_cycle_03_node_006,size_150_cycle_03_node_007,size_150_cycle_03,150,cycle
size_150_cycle_03_node_007,size_150_cycle_03_node_008,size_150_cycle_03,150,cycle
size_150_cycle_03_node_008,size_150_cycle_03_node_009,size_150_cycle_03,150,cycle
size_150_cycle_03_node_009,size_150_cycle_03_node_010,size_150_cycle_03,150,cycle
size_150_cycle_03_node_010,size_150_cycle_03_node_011,size_150_cycle_03,150,cycle
size_150_cycle_03_node_011,size_150_cycle_03_node_012,size_150_cycle_03,150,cycle
size_150_cycle_03_node_012,size_150_cycle_03_node_013,size_150_cycle_03,150,cycle
size_150_cycle_03_node_013,size_150_cycle_03_node_014,size_150_cycle_03,150,cycle
size_150_cycle_03_node_014,size_150_cycle_03_node_015,size_150_cycle_03,150,cycle
size_150_cycle_03_node_015,size_150_cycle_03_node_016,size_150_cycle_03,150,cycle
size_150_cycle_03_node_016,size_150_cycle_03_node_017,size_150_cycle_03,150,cycle
size_150_cycle_03_node_017,size_150_cycle_03_node_018,size_150_cycle_03,150,cycle
size_150_cycle_03_node_018,size_150_cycle_03_node_019,size_150_cycle_03,150,cycle
size_150_cycle_03_node_019,size_150_cycle_03_node_020,size_150_cycle_03,150,cycle
size_150_cycle_03_node_020,size_150_cycle_03_node_021,size_150_cycle_03,150,cycle
size_150_cycle_03_node_021,size_150_cycle_03_node_022,size_150_cycle_03,150,cycle
size_150_cycle_03_node_022,size_150_cycle_03_node_023,size_150_cycle_03,150,cycle
size_150_cycle_03_node_023,size_150_cycle_03_node_024,size_150_cycle_03,150,cycle
size_150_cycle_03_node_024,size_150_cycle_03_node_025,size_150_cycle_03,150,cycle
size_150_cycle_03_node_025,size_150_cycle_03_node_026,size_150_cycle_03,150,cycle
size_150_cycle_03_node_026,size_150_cycle_03_node_027,size_150_cycle_03,150,cycle
size_150_cycle_03_node_027,size_150_cycle_03_node_028,size_150_cycle_03,150,cycle
size_150_cycle_03_node_028,size_150_cycle_03_node_029,size_150_cycle_03,150,cycle
size_150_cycle_03_node_029,size_150_cycle_03_node_030,size_150_cycle_03,150,cycle
size_150_cycle_03_node_030,size_150_cycle_03_node_031,size_150_cycle_03,150,cycle
size_150_cycle_03_node_031,size_150_cycle_03_node_032,size_150_cycle_03,150,cycle
size_150_cycle_03_node_032,size_150_cycle_03_node_033,size_150_cycle_03,150,cycle
size_150_cycle_03_node_033,size_150_cycle_03_node_034,size_150_cycle_03,150,cycle
size_150_cycle_03_node_034,size_150_cycle_03_node_035,size_150_cycle_03,150,cycle
size_150_cycle_03_node_035,size_150_cycle_03_node_036,size_150_cycle_03,150,cycle
size_150_cycle_03_node_036,size_150_cycle_03_node_037,size_150_cycle_03,150,cycle
size_150_cycle_03_node_037,size_150_cycle_03_node_038,size_150_cycle_03,150,cycle
size_150_cycle_03_node_038,size_150_cycle_03_node_039,size_150_cycle_03,150,cycle
size_150_cycle_03_node_039,size_150_cycle_03_node_040,size_150_cycle_03,150,cycle
size_150_cycle_03_node_040,size_150_cycle_03_node_041,size_150_cycle_03,150,cycle
size_150_cycle_03_node_041,size_150_cycle_03_node_042,size_150_cycle_03,150,cycle
size_150_cycle_03_node_042,size_150_cycle_03_node_043,size_150_cycle_03,150,cycle
size_150_cycle_03_node_043,size_150_cycle_03_node_044,size_150_cycle_03,150,cycle
size_150_cycle_03_node_044,size_150_cycle_03_node_045,size_150_cycle_03,150,cycle
size_150_cycle_03_node_045,size_150_cycle_03_node_046,size_150_cycle_03,150,cycle
size_150_cycle_03_node_046,size_150_cycle_03_node_047,size_150_cycle_03,150,cycle
size_150_cycle_03_node_047,size_150_cycle_03_node_048,size_150_cycle_03,150,cycle
size_150_cycle_03_node_048,size_150_cycle_03_node_049,size_150_cycle_03,150,cycle
size_150_cycle_03_node_049,size_150_cycle_03_node_050,size_150_cycle_03,150,cycle
size_150_cycle_03_node_050,size_150_cycle_03_node_051,size_150_cycle_03,150,cycle
size_150_cycle_03_node_051,size_150_cycle_03_node_052,size_150_cycle_03,150,cycle
size_150_cycle_03_node_052,size_150_cycle_03_node_053,size_150_cycle_03,150,cycle
size_150_cycle_03_node_053,size_150_cycle_03_node_054,size_150_cycle_03,150,cycle
size_150_cycle_03_node_054,size_150_cycle_03_node_055,size_150_cycle_03,150,cycle
size_150_cycle_03_node_055,size_150_cycle_03_node_056,size_150_cycle_03,150,cycle
size_150_cycle_03_node_056,size_150_cycle_03_node_057,size_150_cycle_03,150,cycle
size_150_cycle_03_node_057,size_150_cycle_03_node_058,size_150_cycle_03,150,cycle
size_150_cycle_03_node_058,size_150_cycle_03_node_059,size_150_cycle_03,150,cycle
size_150_cycle_03_node_059,size_150_cycle_03_node_060,size_150_cycle_03,150,cycle
size_150_cycle_03_node_060,size_150_cycle_03_node_061,size_150_cycle_03,150,cycle
size_150_cycle_03_node_061,size_150_cycle_03_node_062,size_150_cycle_03,150,cycle
size_150_cycle_03_node_062,size_150_cycle_03_node_063,size_150_cycle_03,150,cycle
size_150_cycle_03_node_063,size_150_cycle_03_node_064,size_150_cycle_03,150,cycle
size_150_cycle_03_node_064,size_150_cycle_03_node_065,size_150_cycle_03,150,cycle
size_150_cycle_03_node_065,size_150_cycle_03_node_066,size_150_cycle_03,150,cycle
size_150_cycle_03_node_066,size_150_cycle_03_node_067,size_150_cycle_03,150,cycle
size_150_cycle_03_node_067,size_150_cycle_03_node_068,size_150_cycle_03,150,cycle
size_150_cycle_03_node_068,size_150_cycle_03_node_069,size_150_cycle_03,150,cycle
size_150_cycle_03_node_069,size_150_cycle_03_node_070,size_150_cycle_03,150,cycle
size_150_cycle_03_node_070,size_150_cycle_03_node_071,size_150_cycle_03,150,cycle
size_150_cycle_03_node_071,size_150_cycle_03_node_072,size_150_cycle_03,150,cycle
size_150_cycle_03_node_072,size_150_cycle_03_node_073,size_150_cycle_03,150,cycle
size_150_cycle_03_node_073,size_150_cycle_03_node_074,size_150_cycle_03,150,cycle
size_150_cycle_03_node_074,size_150_cycle_03_node_075,size_150_cycle_03,150,cycle
size_150_cycle_03_node_075,size_150_cycle_03_node_076,size_150_cycle_03,150,cycle
size_150_cycle_03_node_076,size_150_cycle_03_node_077,size_150_cycle_03,150,cycle
size_150_cycle_03_node_077,size_150_cycle_03_node_078,size_150_cycle_03,150,cycle
size_150_cycle_03_node_078,size_150_cycle_03_node_079,size_150_cycle_03,150,cycle
size_150_cycle_03_node_079,size_150_cycle_03_node_080,size_150_cycle_03,150,cycle
size_150_cycle_03_node_080,size_150_cycle_03_node_081,size_150_cycle_03,150,cycle
size_150_cycle_03_node_081,size_150_cycle_03_node_082,size_150_cycle_03,150,cycle
size_150_cycle_03_node_082,size_150_cycle_03_node_083,size_150_cycle_03,150,cycle
size_150_cycle_03_node_083,size_150_cycle_03_node_084,size_150_cycle_03,150,cycle
size_150_cycle_03_node_084,size_150_cycle_03_node_085,size_150_cycle_03,150,cycle
size_150_cycle_03_node_085,size_150_cycle_03_node_086,size_150_cycle_03,150,cycle
size_150_cycle_03_node_086,size_150_cycle_03_node_087,size_150_cycle_03,150,cycle
size_150_cycle_03_node_087,size_150_cycle_03_node_088,size_150_cycle_03,150,cycle
size_150_cycle_03_node_088,size_150_cycle_03_node_089,size_150_cycle_03,150,cycle
size_150_cycle_03_node_089,size_150_cycle_03_node_090,size_150_cycle_03,150,cycle
size_150_cycle_03_node_090,size_150_cycle_03_node_091,size_150_cycle_03,150,cycle
size_150_cycle_03_node_091,size_150_cycle_03_node_092,size_150_cycle_03,150,cycle
size_150_cycle_03_node_092,size_150_cycle_03_node_093,size_150_cycle_03,150,cycle
size_150_cycle_03_node_093,size_150_cycle_03_node_094,size_150_cycle_03,150,cycle
size_150_cycle_03_node_094,size_150_cycle_03_node_095,size_150_cycle_03,150,cycle
size_150_cycle_03_node_095,size_150_cycle_03_node_096,size_150_cycle_03,150,cycle
size_150_cycle_03_node_096,size_150_cycle_03_node_097,size_150_cycle_03,150,cycle
size_150_cycle_03_node_097,size_150_cycle_03_node_098,size_150_cycle_03,150,cycle
size_150_cycle_03_node_098,size_150_cycle_03_node_099,size_150_cycle_03,150,cycle
size_150_cycle_03_node_099,size_150_cycle_03_node_100,size_150_cycle_03,150,cycle
size_150_cycle_03_node_100,size_150_cycle_03_node_101,size_150_cycle_03,150,cycle
size_150_cycle_03_node_101,size_150_cycle_03_node_102,size_150_cycle_03,150,cycle
size_150_cycle_03_node_102,size_150_cycle_03_node_103,size_150_cycle_03,150,cycle
size_150_cycle_03_node_103,size_150_cycle_03_node_104,size_150_cycle_03,150,cycle
size_150_cycle_03_node_104,size_150_cycle_03_node_105,size_150_cycle_03,150,cycle
size_150_cycle_03_node_105,size_150_cycle_03_node_106,size_150_cycle_03,150,cycle
size_150_cycle_03_node_106,size_150_cycle_03_node_107,size_150_cycle_03,150,cycle
size_150_cycle_03_node_107,size_150_cycle_03_node_108,size_150_cycle_03,150,cycle
size_150_cycle_03_node_108,size_150_cycle_03_node_109,size_150_cycle_03,150,cycle
size_150_cycle_03_node_109,size_150_cycle_03_node_110,size_150_cycle_03,150,cycle
size_150_cycle_03_node_110,size_150_cycle_03_node_111,size_150_cycle_03,150,cycle
size_150_cycle_03_node_111,size_150_cycle_03_node_112,size_150_cycle_03,150,cycle
size_150_cycle_03_node_112,size_150_cycle_03_node_113,size_150_cycle_03,150,cycle
size_150_cycle_03_node_113,size_150_cycle_03_node_114,size_150_cycle_03,150,cycle
size_150_cycle_03_node_114,size_150_cycle_03_node_115,size_150_cycle_03,150,cycle
size_150_cycle_03_node_115,size_150_cycle_03_node_116,size_150_cycle_03,150,cycle
size_150_cycle_03_node_116,size_150_cycle_03_node_117,size_150_cycle_03,150,cycle
size_150_cycle_03_node_117,size_150_cycle_03_node_118,size_150_cycle_03,150,cycle
size_150_cycle_03_node_118,size_150_cycle_03_node_119,size_150_cycle_03,150,cycle
size_150_cycle_03_node_119,size_150_cycle_03_node_120,size_150_cycle_03,150,cycle
size_150_cycle_03_node_120,size_150_cycle_03_node_121,size_150_cycle_03,150,cycle
size_150_cycle_03_node_121,size_150_cycle_03_node_122,size_150_cycle_03,150,cycle
size_150_cycle_03_node_122,size_150_cycle_03_node_123,size_150_cycle_03,150,cycle
size_150_cycle_03_node_123,size_150_cycle_03_node_124,size_150_cycle_03,150,cycle
size_150_cycle_03_node_124,size_150_cycle_03_node_125,size_150_cycle_03,150,cycle
size_150_cycle_03_node_125,size_150_cycle_03_node_126,size_150_cycle_03,150,cycle
size_150_cycle_03_node_126,size_150_cycle_03_node_127,size_150_cycle_03,150,cycle
size_150_cycle_03_node_127,size_150_cycle_03_node_128,size_150_cycle_03,150,cycle
size_150_cycle_03_node_128,size_150_cycle_03_node_129,size_150_cycle_03,150,cycle
size_150_cycle_03_node_129,size_150_cycle_03_node_130,size_150_cycle_03,150,cycle
size_150_cycle_03_node_130,size_150_cycle_03_node_131,size_150_cycle_03,150,cycle
size_150_cycle_03_node_131,size_150_cycle_03_node_132,size_150_cycle_03,150,cycle
size_150_cycle_03_node_132,size_150_cycle_03_node_133,size_150_cycle_03,150,cycle
size_150_cycle_03_node_133,size_150_cycle_03_node_134,size_150_cycle_03,150,cycle
size_150_cycle_03_node_134,size_150_cycle_03_node_135,size_150_cycle_03,150,cycle
size_150_cycle_03_node_135,size_150_cycle_03_node_136,size_150_cycle_03,150,cycle
size_150_cycle_03_node_136,size_150_cycle_03_node_137,size_150_cycle_03,150,cycle
size_150_cycle_03_node_137,size_150_cycle_03_node_138,size_150_cycle_03,150,cycle
size_150_cycle_03_node_138,size_150_cycle_03_node_139,size_150_cycle_03,150,cycle
size_150_cycle_03_node_139,size_150_cycle_03_node_140,size_150_cycle_03,150,cycle
size_150_cycle_03_node_140,size_150_cycle_03_node_141,size_150_cycle_03,150,cycle
size_150_cycle_03_node_141,size_150_cycle_03_node_142,size_150_cycle_03,150,cycle
size_150_cycle_03_node_142,size_150_cycle_03_node_143,size_150_cycle_03,150,cycle
size_150_cycle_03_node_143,size_150_cycle_03_node_144,size_150_cycle_03,150,cycle
size_150_cycle_03_node_144,size_150_cycle_03_node_145,size_150_cycle_03,150,cycle
size_150_cycle_03_node_145,size_150_cycle_03_node_146,size_150_cycle_03,150,cycle
size_150_cycle_03_node_146,size_150_cycle_03_node_147,size_150_cycle_03,150,cycle
size_150_cycle_03_node_147,size_150_cycle_03_node_148,size_150_cycle_03,150,cycle
size_150_cycle_03_node_148,size_150_cycle_03_node_149,size_150_cycle_03,150,cycle
size_150_cycle_03_node_149,size_150_cycle_03_node_150,size_150_cycle_03,150,cycle
size_150_cycle_03_node_150,size_150_cycle_03_node_001,size_150_cycle_03,150,cycle
size_250_chain_04_node_001,size_250_chain_04_node_002,size_250_chain_04,250,chain
size_250_chain_04_node_002,size_250_chain_04_node_003,size_250_chain_04,250,chain
size_250_chain_04_node_003,size_250_chain_04_node_004,size_250_chain_04,250,chain
size_250_chain_04_node_004,size_250_chain_04_node_005,size_250_chain_04,250,chain
size_250_chain_04_node_005,size_250_chain_04_node_006,size_250_chain_04,250,chain
size_250_chain_04_node_006,size_250_chain_04_node_007,size_250_chain_04,250,chain
size_250_chain_04_node_007,size_250_chain_04_node_008,size_250_chain_04,250,chain
size_250_chain_04_node_008,size_250_chain_04_node_009,size_250_chain_04,250,chain
size_250_chain_04_node_009,size_250_chain_04_node_010,size_250_chain_04,250,chain
size_250_chain_04_node_010,size_250_chain_04_node_011,size_250_chain_04,250,chain
size_250_chain_04_node_011,size_250_chain_04_node_012,size_250_chain_04,250,chain
size_250_chain_04_node_012,size_250_chain_04_node_013,size_250_chain_04,250,chain
size_250_chain_04_node_013,size_250_chain_04_node_014,size_250_chain_04,250,chain
size_250_chain_04_node_014,size_250_chain_04_node_015,size_250_chain_04,250,chain
size_250_chain_04_node_015,size_250_chain_04_node_016,size_250_chain_04,250,chain
size_250_chain_04_node_016,size_250_chain_04_node_017,size_250_chain_04,250,chain
size_250_chain_04_node_017,size_250_chain_04_node_018,size_250_chain_04,250,chain
size_250_chain_04_node_018,size_250_chain_04_node_019,size_250_chain_04,250,chain
size_250_chain_04_node_019,size_250_chain_04_node_020,size_250_chain_04,250,chain
size_250_chain_04_node_020,size_250_chain_04_node_021,size_250_chain_04,250,chain
size_250_chain_04_node_021,size_250_chain_04_node_022,size_250_chain_04,250,chain
size_250_chain_04_node_022,size_250_chain_04_node_023,size_250_chain_04,250,chain
size_250_chain_04_node_023,size_250_chain_04_node_024,size_250_chain_04,250,chain
size_250_chain_04_node_024,size_250_chain_04_node_025,size_250_chain_04,250,chain
size_250_chain_04_node_025,size_250_chain_04_node_026,size_250_chain_04,250,chain
size_250_chain_04_node_026,size_250_chain_04_node_027,size_250_chain_04,250,chain
size_250_chain_04_node_027,size_250_chain_04_node_028,size_250_chain_04,250,chain
size_250_chain_04_node_028,size_250_chain_04_node_029,size_250_chain_04,250,chain
size_250_chain_04_node_029,size_250_chain_04_node_030,size_250_chain_04,250,chain
size_250_chain_04_node_030,size_250_chain_04_node_031,size_250_chain_04,250,chain
size_250_chain_04_node_031,size_250_chain_04_node_032,size_250_chain_04,250,chain
size_250_chain_04_node_032,size_250_chain_04_node_033,size_250_chain_04,250,chain
size_250_chain_04_node_033,size_250_chain_04_node_034,size_250_chain_04,250,chain
size_250_chain_04_node_034,size_250_chain_04_node_035,size_250_chain_04,250,chain
size_250_chain_04_node_035,size_250_chain_04_node_036,size_250_chain_04,250,chain
size_250_chain_04_node_036,size_250_chain_04_node_037,size_250_chain_04,250,chain
size_250_chain_04_node_037,size_250_chain_04_node_038,size_250_chain_04,250,chain
size_250_chain_04_node_038,size_250_chain_04_node_039,size_250_chain_04,250,chain
size_250_chain_04_node_039,size_250_chain_04_node_040,size_250_chain_04,250,chain
size_250_chain_04_node_040,size_250_chain_04_node_041,size_250_chain_04,250,chain
size_250_chain_04_node_041,size_250_chain_04_node_042,size_250_chain_04,250,chain
size_250_chain_04_node_042,size_250_chain_04_node_043,size_250_chain_04,250,chain
size_250_chain_04_node_043,size_250_chain_04_node_044,size_250_chain_04,250,chain
size_250_chain_04_node_044,size_250_chain_04_node_045,size_250_chain_04,250,chain
size_250_chain_04_node_045,size_250_chain_04_node_046,size_250_chain_04,250,chain
size_250_chain_04_node_046,size_250_chain_04_node_047,size_250_chain_04,250,chain
size_250_chain_04_node_047,size_250_chain_04_node_048,size_250_chain_04,250,chain
size_250_chain_04_node_048,size_250_chain_04_node_049,size_250_chain_04,250,chain
size_250_chain_04_node_049,size_250_chain_04_node_050,size_250_chain_04,250,chain
size_250_chain_04_node_050,size_250_chain_04_node_051,size_250_chain_04,250,chain
size_250_chain_04_node_051,size_250_chain_04_node_052,size_250_chain_04,250,chain
size_250_chain_04_node_052,size_250_chain_04_node_053,size_250_chain_04,250,chain
size_250_chain_04_node_053,size_250_chain_04_node_054,size_250_chain_04,250,chain
size_250_chain_04_node_054,size_250_chain_04_node_055,size_250_chain_04,250,chain
size_250_chain_04_node_055,size_250_chain_04_node_056,size_250_chain_04,250,chain
size_250_chain_04_node_056,size_250_chain_04_node_057,size_250_chain_04,250,chain
size_250_chain_04_node_057,size_250_chain_04_node_058,size_250_chain_04,250,chain
size_250_chain_04_node_058,size_250_chain_04_node_059,size_250_chain_04,250,chain
size_250_chain_04_node_059,size_250_chain_04_node_060,size_250_chain_04,250,chain
size_250_chain_04_node_060,size_250_chain_04_node_061,size_250_chain_04,250,chain
size_250_chain_04_node_061,size_250_chain_04_node_062,size_250_chain_04,250,chain
size_250_chain_04_node_062,size_250_chain_04_node_063,size_250_chain_04,250,chain
size_250_chain_04_node_063,size_250_chain_04_node_064,size_250_chain_04,250,chain
size_250_chain_04_node_064,size_250_chain_04_node_065,size_250_chain_04,250,chain
size_250_chain_04_node_065,size_250_chain_04_node_066,size_250_chain_04,250,chain
size_250_chain_04_node_066,size_250_chain_04_node_067,size_250_chain_04,250,chain
size_250_chain_04_node_067,size_250_chain_04_node_068,size_250_chain_04,250,chain
size_250_chain_04_node_068,size_250_chain_04_node_069,size_250_chain_04,250,chain
size_250_chain_04_node_069,size_250_chain_04_node_070,size_250_chain_04,250,chain
size_250_chain_04_node_070,size_250_chain_04_node_071,size_250_chain_04,250,chain
size_250_chain_04_node_071,size_250_chain_04_node_072,size_250_chain_04,250,chain
size_250_chain_04_node_072,size_250_chain_04_node_073,size_250_chain_04,250,chain
size_250_chain_04_node_073,size_250_chain_04_node_074,size_250_chain_04,250,chain
size_250_chain_04_node_074,size_250_chain_04_node_075,size_250_chain_04,250,chain
size_250_chain_04_node_075,size_250_chain_04_node_076,size_250_chain_04,250,chain
size_250_chain_04_node_076,size_250_chain_04_node_077,size_250_chain_04,250,chain
size_250_chain_04_node_077,size_250_chain_04_node_078,size_250_chain_04,250,chain
size_250_chain_04_node_078,size_250_chain_04_node_079,size_250_chain_04,250,chain
size_250_chain_04_node_079,size_250_chain_04_node_080,size_250_chain_04,250,chain
size_250_chain_04_node_080,size_250_chain_04_node_081,size_250_chain_04,250,chain
size_250_chain_04_node_081,size_250_chain_04_node_082,size_250_chain_04,250,chain
size_250_chain_04_node_082,size_250_chain_04_node_083,size_250_chain_04,250,chain
size_250_chain_04_node_083,size_250_chain_04_node_084,size_250_chain_04,250,chain
size_250_chain_04_node_084,size_250_chain_04_node_085,size_250_chain_04,250,chain
size_250_chain_04_node_085,size_250_chain_04_node_086,size_250_chain_04,250,chain
size_250_chain_04_node_086,size_250_chain_04_node_087,size_250_chain_04,250,chain
size_250_chain_04_node_087,size_250_chain_04_node_088,size_250_chain_04,250,chain
size_250_chain_04_node_088,size_250_chain_04_node_089,size_250_chain_04,250,chain
size_250_chain_04_node_089,size_250_chain_04_node_090,size_250_chain_04,250,chain
size_250_chain_04_node_090,size_250_chain_04_node_091,size_250_chain_04,250,chain
size_250_chain_04_node_091,size_250_chain_04_node_092,size_250_chain_04,250,chain
size_250_chain_04_node_092,size_250_chain_04_node_093,size_250_chain_04,250,chain
size_250_chain_04_node_093,size_250_chain_04_node_094,size_250_chain_04,250,chain
size_250_chain_04_node_094,size_250_chain_04_node_095,size_250_chain_04,250,chain
size_250_chain_04_node_095,size_250_chain_04_node_096,size_250_chain_04,250,chain
size_250_chain_04_node_096,size_250_chain_04_node_097,size_250_chain_04,250,chain
size_250_chain_04_node_097,size_250_chain_04_node_098,size_250_chain_04,250,chain
size_250_chain_04_node_098,size_250_chain_04_node_099,size_250_chain_04,250,chain
size_250_chain_04_node_099,size_250_chain_04_node_100,size_250_chain_04,250,chain
size_250_chain_04_node_100,size_250_chain_04_node_101,size_250_chain_04,250,chain
size_250_chain_04_node_101,size_250_chain_04_node_102,size_250_chain_04,250,chain
size_250_chain_04_node_102,size_250_chain_04_node_103,size_250_chain_04,250,chain
size_250_chain_04_node_103,size_250_chain_04_node_104,size_250_chain_04,250,chain
size_250_chain_04_node_104,size_250_chain_04_node_105,size_250_chain_04,250,chain
size_250_chain_04_node_105,size_250_chain_04_node_106,size_250_chain_04,250,chain
size_250_chain_04_node_106,size_250_chain_04_node_107,size_250_chain_04,250,chain
size_250_chain_04_node_107,size_250_chain_04_node_108,size_250_chain_04,250,chain
size_250_chain_04_node_108,size_250_chain_04_node_109,size_250_chain_04,250,chain
size_250_chain_04_node_109,size_250_chain_04_node_110,size_250_chain_04,250,chain
size_250_chain_04_node_110,size_250_chain_04_node_111,size_250_chain_04,250,chain
size_250_chain_04_node_111,size_250_chain_04_node_112,size_250_chain_04,250,chain
size_250_chain_04_node_112,size_250_chain_04_node_113,size_250_chain_04,250,chain
size_250_chain_04_node_113,size_250_chain_04_node_114,size_250_chain_04,250,chain
size_250_chain_04_node_114,size_250_chain_04_node_115,size_250_chain_04,250,chain
size_250_chain_04_node_115,size_250_chain_04_node_116,size_250_chain_04,250,chain
size_250_chain_04_node_116,size_250_chain_04_node_117,size_250_chain_04,250,chain
size_250_chain_04_node_117,size_250_chain_04_node_118,size_250_chain_04,250,chain
size_250_chain_04_node_118,size_250_chain_04_node_119,size_250_chain_04,250,chain
size_250_chain_04_node_119,size_250_chain_04_node_120,size_250_chain_04,250,chain
size_250_chain_04_node_120,size_250_chain_04_node_121,size_250_chain_04,250,chain
size_250_chain_04_node_121,size_250_chain_04_node_122,size_250_chain_04,250,chain
size_250_chain_04_node_122,size_250_chain_04_node_123,size_250_chain_04,250,chain
size_250_chain_04_node_123,size_250_chain_04_node_124,size_250_chain_04,250,chain
size_250_chain_04_node_124,size_250_chain_04_node_125,size_250_chain_04,250,chain
size_250_chain_04_node_125,size_250_chain_04_node_126,size_250_chain_04,250,chain
size_250_chain_04_node_126,size_250_chain_04_node_127,size_250_chain_04,250,chain
size_250_chain_04_node_127,size_250_chain_04_node_128,size_250_chain_04,250,chain
size_250_chain_04_node_128,size_250_chain_04_node_129,size_250_chain_04,250,chain
size_250_chain_04_node_129,size_250_chain_04_node_130,size_250_chain_04,250,chain
size_250_chain_04_node_130,size_250_chain_04_node_131,size_250_chain_04,250,chain
size_250_chain_04_node_131,size_250_chain_04_node_132,size_250_chain_04,250,chain
size_250_chain_04_node_132,size_250_chain_04_node_133,size_250_chain_04,250,chain
size_250_chain_04_node_133,size_250_chain_04_node_134,size_250_chain_04,250,chain
size_250_chain_04_node_134,size_250_chain_04_node_135,size_250_chain_04,250,chain
size_250_chain_04_node_135,size_250_chain_04_node_136,size_250_chain_04,250,chain
size_250_chain_04_node_136,size_250_chain_04_node_137,size_250_chain_04,250,chain
size_250_chain_04_node_137,size_250_chain_04_node_138,size_250_chain_04,250,chain
size_250_chain_04_node_138,size_250_chain_04_node_139,size_250_chain_04,250,chain
size_250_chain_04_node_139,size_250_chain_04_node_140,size_250_chain_04,250,chain
size_250_chain_04_node_140,size_250_chain_04_node_141,size_250_chain_04,250,chain
size_250_chain_04_node_141,size_250_chain_04_node_142,size_250_chain_04,250,chain
size_250_chain_04_node_142,size_250_chain_04_node_143,size_250_chain_04,250,chain
size_250_chain_04_node_143,size_250_chain_04_node_144,size_250_chain_04,250,chain
size_250_chain_04_node_144,size_250_chain_04_node_145,size_250_chain_04,250,chain
size_250_chain_04_node_145,size_250_chain_04_node_146,size_250_chain_04,250,chain
size_250_chain_04_node_146,size_250_chain_04_node_147,size_250_chain_04,250,chain
size_250_chain_04_node_147,size_250_chain_04_node_148,size_250_chain_04,250,chain
size_250_chain_04_node_148,size_250_chain_04_node_149,size_250_chain_04,250,chain
size_250_chain_04_node_149,size_250_chain_04_node_150,size_250_chain_04,250,chain
size_250_chain_04_node_150,size_250_chain_04_node_151,size_250_chain_04,250,chain
size_250_chain_04_node_151,size_250_chain_04_node_152,size_250_chain_04,250,chain
size_250_chain_04_node_152,size_250_chain_04_node_153,size_250_chain_04,250,chain
size_250_chain_04_node_153,size_250_chain_04_node_154,size_250_chain_04,250,chain
size_250_chain_04_node_154,size_250_chain_04_node_155,size_250_chain_04,250,chain
size_250_chain_04_node_155,size_250_chain_04_node_156,size_250_chain_04,250,chain
size_250_chain_04_node_156,size_250_chain_04_node_157,size_250_chain_04,250,chain
size_250_chain_04_node_157,size_250_chain_04_node_158,size_250_chain_04,250,chain
size_250_chain_04_node_158,size_250_chain_04_node_159,size_250_chain_04,250,chain
size_250_chain_04_node_159,size_250_chain_04_node_160,size_250_chain_04,250,chain
size_250_chain_04_node_160,size_250_chain_04_node_161,size_250_chain_04,250,chain
size_250_chain_04_node_161,size_250_chain_04_node_162,size_250_chain_04,250,chain
size_250_chain_04_node_162,size_250_chain_04_node_163,size_250_chain_04,250,chain
size_250_chain_04_node_163,size_250_chain_04_node_164,size_250_chain_04,250,chain
size_250_chain_04_node_164,size_250_chain_04_node_165,size_250_chain_04,250,chain
size_250_chain_04_node_165,size_250_chain_04_node_166,size_250_chain_04,250,chain
size_250_chain_04_node_166,size_250_chain_04_node_167,size_250_chain_04,250,chain
size_250_chain_04_node_167,size_250_chain_04_node_168,size_250_chain_04,250,chain
size_250_chain_04_node_168,size_250_chain_04_node_169,size_250_chain_04,250,chain
size_250_chain_04_node_169,size_250_chain_04_node_170,size_250_chain_04,250,chain
size_250_chain_04_node_170,size_250_chain_04_node_171,size_250_chain_04,250,chain
size_250_chain_04_node_171,size_250_chain_04_node_172,size_250_chain_04,250,chain
size_250_chain_04_node_172,size_250_chain_04_node_173,size_250_chain_04,250,chain
size_250_chain_04_node_173,size_250_chain_04_node_174,size_250_chain_04,250,chain
size_250_chain_04_node_174,size_250_chain_04_node_175,size_250_chain_04,250,chain
size_250_chain_04_node_175,size_250_chain_04_node_176,size_250_chain_04,250,chain
size_250_chain_04_node_176,size_250_chain_04_node_177,size_250_chain_04,250,chain
size_250_chain_04_node_177,size_250_chain_04_node_178,size_250_chain_04,250,chain
size_250_chain_04_node_178,size_250_chain_04_node_179,size_250_chain_04,250,chain
size_250_chain_04_node_179,size_250_chain_04_node_180,size_250_chain_04,250,chain
size_250_chain_04_node_180,size_250_chain_04_node_181,size_250_chain_04,250,chain
size_250_chain_04_node_181,size_250_chain_04_node_182,size_250_chain_04,250,chain
size_250_chain_04_node_182,size_250_chain_04_node_183,size_250_chain_04,250,chain
size_250_chain_04_node_183,size_250_chain_04_node_184,size_250_chain_04,250,chain
size_250_chain_04_node_184,size_250_chain_04_node_185,size_250_chain_04,250,chain
size_250_chain_04_node_185,size_250_chain_04_node_186,size_250_chain_04,250,chain
size_250_chain_04_node_186,size_250_chain_04_node_187,size_250_chain_04,250,chain
size_250_chain_04_node_187,size_250_chain_04_node_188,size_250_chain_04,250,chain
size_250_chain_04_node_188,size_250_chain_04_node_189,size_250_chain_04,250,chain
size_250_chain_04_node_189,size_250_chain_04_node_190,size_250_chain_04,250,chain
size_250_chain_04_node_190,size_250_chain_04_node_191,size_250_chain_04,250,chain
size_250_chain_04_node_191,size_250_chain_04_node_192,size_250_chain_04,250,chain
size_250_chain_04_node_192,size_250_chain_04_node_193,size_250_chain_04,250,chain
size_250_chain_04_node_193,size_250_chain_04_node_194,size_250_chain_04,250,chain
size_250_chain_04_node_194,size_250_chain_04_node_195,size_250_chain_04,250,chain
size_250_chain_04_node_195,size_250_chain_04_node_196,size_250_chain_04,250,chain
size_250_chain_04_node_196,size_250_chain_04_node_197,size_250_chain_04,250,chain
size_250_chain_04_node_197,size_250_chain_04_node_198,size_250_chain_04,250,chain
size_250_chain_04_node_198,size_250_chain_04_node_199,size_250_chain_04,250,chain
size_250_chain_04_node_199,size_250_chain_04_node_200,size_250_chain_04,250,chain
size_250_chain_04_node_200,size_250_chain_04_node_201,size_250_chain_04,250,chain
size_250_chain_04_node_201,size_250_chain_04_node_202,size_250_chain_04,250,chain
size_250_chain_04_node_202,size_250_chain_04_node_203,size_250_chain_04,250,chain
size_250_chain_04_node_203,size_250_chain_04_node_204,size_250_chain_04,250,chain
size_250_chain_04_node_204,size_250_chain_04_node_205,size_250_chain_04,250,chain
size_250_chain_04_node_205,size_250_chain_04_node_206,size_250_chain_04,250,chain
size_250_chain_04_node_206,size_250_chain_04_node_207,size_250_chain_04,250,chain
size_250_chain_04_node_207,size_250_chain_04_node_208,size_250_chain_04,250,chain
size_250_chain_04_node_208,size_250_chain_04_node_209,size_250_chain_04,250,chain
size_250_chain_04_node_209,size_250_chain_04_node_210,size_250_chain_04,250,chain
size_250_chain_04_node_210,size_250_chain_04_node_211,size_250_chain_04,250,chain
size_250_chain_04_node_211,size_250_chain_04_node_212,size_250_chain_04,250,chain
size_250_chain_04_node_212,size_250_chain_04_node_213,size_250_chain_04,250,chain
size_250_chain_04_node_213,size_250_chain_04_node_214,size_250_chain_04,250,chain
size_250_chain_04_node_214,size_250_chain_04_node_215,size_250_chain_04,250,chain
size_250_chain_04_node_215,size_250_chain_04_node_216,size_250_chain_04,250,chain
size_250_chain_04_node_216,size_250_chain_04_node_217,size_250_chain_04,250,chain
size_250_chain_04_node_217,size_250_chain_04_node_218,size_250_chain_04,250,chain
size_250_chain_04_node_218,size_250_chain_04_node_219,size_250_chain_04,250,chain
size_250_chain_04_node_219,size_250_chain_04_node_220,size_250_chain_04,250,chain
size_250_chain_04_node_220,size_250_chain_04_node_221,size_250_chain_04,250,chain
size_250_chain_04_node_221,size_250_chain_04_node_222,size_250_chain_04,250,chain
size_250_chain_04_node_222,size_250_chain_04_node_223,size_250_chain_04,250,chain
size_250_chain_04_node_223,size_250_chain_04_node_224,size_250_chain_04,250,chain
size_250_chain_04_node_224,size_250_chain_04_node_225,size_250_chain_04,250,chain
size_250_chain_04_node_225,size_250_chain_04_node_226,size_250_chain_04,250,chain
size_250_chain_04_node_226,size_250_chain_04_node_227,size_250_chain_04,250,chain
size_250_chain_04_node_227,size_250_chain_04_node_228,size_250_chain_04,250,chain
size_250_chain_04_node_228,size_250_chain_04_node_229,size_250_chain_04,250,chain
size_250_chain_04_node_229,size_250_chain_04_node_230,size_250_chain_04,250,chain
size_250_chain_04_node_230,size_250_chain_04_node_231,size_250_chain_04,250,chain
size_250_chain_04_node_231,size_250_chain_04_node_232,size_250_chain_04,250,chain
size_250_chain_04_node_232,size_250_chain_04_node_233,size_250_chain_04,250,chain
size_250_chain_04_node_233,size_250_chain_04_node_234,size_250_chain_04,250,chain
size_250_chain_04_node_234,size_250_chain_04_node_235,size_250_chain_04,250,chain
size_250_chain_04_node_235,size_250_chain_04_node_236,size_250_chain_04,250,chain
size_250_chain_04_node_236,size_250_chain_04_node_237,size_250_chain_04,250,chain
size_250_chain_04_node_237,size_250_chain_04_node_238,size_250_chain_04,250,chain
size_250_chain_04_node_238,size_250_chain_04_node_239,size_250_chain_04,250,chain
size_250_chain_04_node_239,size_250_chain_04_node_240,size_250_chain_04,250,chain
size_250_chain_04_node_240,size_250_chain_04_node_241,size_250_chain_04,250,chain
size_250_chain_04_node_241,size_250_chain_04_node_242,size_250_chain_04,250,chain
size_250_chain_04_node_242,size_250_chain_04_node_243,size_250_chain_04,250,chain
size_250_chain_04_node_243,size_250_chain_04_node_244,size_250_chain_04,250,chain
size_250_chain_04_node_244,size_250_chain_04_node_245,size_250_chain_04,250,chain
size_250_chain_04_node_245,size_250_chain_04_node_246,size_250_chain_04,250,chain
size_250_chain_04_node_246,size_250_chain_04_node_247,size_250_chain_04,250,chain
size_250_chain_04_node_247,size_250_chain_04_node_248,size_250_chain_04,250,chain
size_250_chain_04_node_248,size_250_chain_04_node_249,size_250_chain_04,250,chain
size_250_chain_04_node_249,size_250_chain_04_node_250,size_250_chain_04,250,chain
