source,target,distance,link_type
N0001,N0002,0.0051,ring
N0002,N0003,0.0088,ring
N0003,N0004,0.0125,ring
N0004,N0005,0.0022,ring
N0005,N0006,0.0059,ring
N0006,N0007,0.0096,ring
N0007,N0008,0.0133,ring
N0008,N0009,0.0030,ring
N0009,N0010,0.0067,ring
N0010,N0011,0.0104,ring
N0011,N0012,0.0001,ring
N0012,N0013,0.0038,ring
N0013,N0014,0.0075,ring
N0014,N0015,0.0112,ring
N0015,N0016,0.0009,ring
N0016,N0017,0.0046,ring
N0017,N0018,0.0083,ring
N0018,N0019,0.0120,ring
N0019,N0020,0.0017,ring
N0020,N0021,0.0054,ring
N0021,N0022,0.0091,ring
N0022,N0023,0.0128,ring
N0023,N0024,0.0025,ring
N0024,N0025,0.0062,ring
N0025,N0026,0.0099,ring
N0026,N0027,0.0136,ring
N0027,N0028,0.0033,ring
N0028,N0029,0.0070,ring
N0029,N0030,0.0107,ring
N0030,N0031,0.0004,ring
N0031,N0032,0.0041,ring
N0032,N0033,0.0078,ring
N0033,N0034,0.0115,ring
N0034,N0035,0.0012,ring
N0035,N0036,0.0049,ring
N0036,N0037,0.0086,ring
N0037,N0038,0.0123,ring
N0038,N0039,0.0020,ring
N0039,N0040,0.0057,ring
N0040,N0041,0.0094,ring
N0041,N0042,0.0131,ring
N0042,N0043,0.0028,ring
N0043,N0044,0.0065,ring
N0044,N0045,0.0102,ring
N0045,N0046,0.0139,ring
N0046,N0047,0.0036,ring
N0047,N0048,0.0073,ring
N0048,N0049,0.0110,ring
N0049,N0050,0.0007,ring
N0050,N0051,0.0044,ring
N0051,N0052,0.0081,ring
N0052,N0053,0.0118,ring
N0053,N0054,0.0015,ring
N0054,N0055,0.0052,ring
N0055,N0056,0.0089,ring
N0056,N0057,0.0126,ring
N0057,N0058,0.0023,ring
N0058,N0059,0.0060,ring
N0059,N0060,0.0097,ring
N0060,N0061,0.0134,ring
N0061,N0062,0.0031,ring
N0062,N0063,0.0068,ring
N0063,N0064,0.0105,ring
N0064,N0065,0.0002,ring
N0065,N0066,0.0039,ring
N0066,N0067,0.0076,ring
N0067,N0068,0.0113,ring
N0068,N0069,0.0010,ring
N0069,N0070,0.0047,ring
N0070,N0071,0.0084,ring
N0071,N0072,0.0121,ring
N0072,N0073,0.0018,ring
N0073,N0074,0.0055,ring
N0074,N0075,0.0092,ring
N0075,N0076,0.0129,ring
N0076,N0077,0.0026,ring
N0077,N0078,0.0063,ring
N0078,N0079,0.0100,ring
N0079,N0080,0.0137,ring
N0080,N0081,0.0034,ring
N0081,N0082,0.0071,ring
N0082,N0083,0.0108,ring
N0083,N0084,0.0005,ring
N0084,N0085,0.0042,ring
N0085,N0086,0.0079,ring
N0086,N0087,0.0116,ring
N0087,N0088,0.0013,ring
N0088,N0089,0.0050,ring
N0089,N0090,0.0087,ring
N0090,N0091,0.0124,ring
N0091,N0092,0.0021,ring
N0092,N0093,0.0058,ring
N0093,N0094,0.0095,ring
N0094,N0095,0.0132,ring
N0095,N0096,0.0029,ring
N0096,N0097,0.0066,ring
N0097,N0098,0.0103,ring
N0098,N0099,0.0140,ring
N0099,N0100,0.0037,ring
N0100,N0101,0.0074,ring
N0101,N0102,0.0111,ring
N0102,N0103,0.0008,ring
N0103,N0104,0.0045,ring
N0104,N0105,0.0082,ring
N0105,N0106,0.0119,ring
N0106,N0107,0.0016,ring
N0107,N0108,0.0053,ring
N0108,N0109,0.0090,ring
N0109,N0110,0.0127,ring
N0110,N0111,0.0024,ring
N0111,N0112,0.0061,ring
N0112,N0113,0.0098,ring
N0113,N0114,0.0135,ring
N0114,N0115,0.0032,ring
N0115,N0116,0.0069,ring
N0116,N0117,0.0106,ring
N0117,N0118,0.0003,ring
N0118,N0119,0.0040,ring
N0119,N0120,0.0077,ring
N0120,N0121,0.0114,ring
N0121,N0122,0.0011,ring
N0122,N0123,0.0048,ring
N0123,N0124,0.0085,ring
N0124,N0125,0.0122,ring
N0125,N0126,0.0019,ring
N0126,N0127,0.0056,ring
N0127,N0128,0.0093,ring
N0128,N0129,0.0130,ring
N0129,N0130,0.0027,ring
N0130,N0131,0.0064,ring
N0131,N0132,0.0101,ring
N0132,N0133,0.0138,ring
N0133,N0134,0.0035,ring
N0134,N0135,0.0072,ring
N0135,N0136,0.0109,ring
N0136,N0137,0.0006,ring
N0137,N0138,0.0043,ring
N0138,N0139,0.0080,ring
N0139,N0140,0.0117,ring
N0140,N0141,0.0014,ring
N0141,N0142,0.0051,ring
N0142,N0143,0.0088,ring
N0143,N0144,0.0125,ring
N0144,N0145,0.0022,ring
N0145,N0146,0.0059,ring
N0146,N0147,0.0096,ring
N0147,N0148,0.0133,ring
N0148,N0149,0.0030,ring
N0149,N0150,0.0067,ring
N0150,N0151,0.0104,ring
N0151,N0152,0.0001,ring
N0152,N0153,0.0038,ring
N0153,N0154,0.0075,ring
N0154,N0155,0.0112,ring
N0155,N0156,0.0009,ring
N0156,N0157,0.0046,ring
N0157,N0158,0.0083,ring
N0158,N0159,0.0120,ring
N0159,N0160,0.0017,ring
N0160,N0161,0.0054,ring
N0161,N0162,0.0091,ring
N0162,N0163,0.0128,ring
N0163,N0164,0.0025,ring
N0164,N0165,0.0062,ring
N0165,N0166,0.0099,ring
N0166,N0167,0.0136,ring
N0167,N0168,0.0033,ring
N0168,N0169,0.0070,ring
N0169,N0170,0.0107,ring
N0170,N0171,0.0004,ring
N0171,N0172,0.0041,ring
N0172,N0173,0.0078,ring
N0173,N0174,0.0115,ring
N0174,N0175,0.0012,ring
N0175,N0176,0.0049,ring
N0176,N0177,0.0086,ring
N0177,N0178,0.0123,ring
N0178,N0179,0.0020,ring
N0179,N0180,0.0057,ring
N0180,N0181,0.0094,ring
N0181,N0182,0.0131,ring
N0182,N0183,0.0028,ring
N0183,N0184,0.0065,ring
N0184,N0185,0.0102,ring
N0185,N0186,0.0139,ring
N0186,N0187,0.0036,ring
N0187,N0188,0.0073,ring
N0188,N0189,0.0110,ring
N0189,N0190,0.0007,ring
N0190,N0191,0.0044,ring
N0191,N0192,0.0081,ring
N0192,N0193,0.0118,ring
N0193,N0194,0.0015,ring
N0194,N0195,0.0052,ring
N0195,N0196,0.0089,ring
N0196,N0197,0.0126,ring
N0197,N0198,0.0023,ring
N0198,N0199,0.0060,ring
N0199,N0200,0.0097,ring
N0200,N0201,0.0134,ring
N0201,N0202,0.0031,ring
N0202,N0203,0.0068,ring
N0203,N0204,0.0105,ring
N0204,N0205,0.0002,ring
N0205,N0206,0.0039,ring
N0206,N0207,0.0076,ring
N0207,N0208,0.0113,ring
N0208,N0209,0.0010,ring
N0209,N0210,0.0047,ring
N0210,N0211,0.0084,ring
N0211,N0212,0.0121,ring
N0212,N0213,0.0018,ring
N0213,N0214,0.0055,ring
N0214,N0215,0.0092,ring
N0215,N0216,0.0129,ring
N0216,N0217,0.0026,ring
N0217,N0218,0.0063,ring
N0218,N0219,0.0100,ring
N0219,N0220,0.0137,ring
N0220,N0221,0.0034,ring
N0221,N0222,0.0071,ring
N0222,N0223,0.0108,ring
N0223,N0224,0.0005,ring
N0224,N0225,0.0042,ring
N0225,N0226,0.0079,ring
N0226,N0227,0.0116,ring
N0227,N0228,0.0013,ring
N0228,N0229,0.0050,ring
N0229,N0230,0.0087,ring
N0230,N0231,0.0124,ring
N0231,N0232,0.0021,ring
N0232,N0233,0.0058,ring
N0233,N0234,0.0095,ring
N0234,N0235,0.0132,ring
N0235,N0236,0.0029,ring
N0236,N0237,0.0066,ring
N0237,N0238,0.0103,ring
N0238,N0239,0.0140,ring
N0239,N0240,0.0037,ring
N0240,N0241,0.0074,ring
N0241,N0242,0.0111,ring
N0242,N0243,0.0008,ring
N0243,N0244,0.0045,ring
N0244,N0245,0.0082,ring
N0245,N0246,0.0119,ring
N0246,N0247,0.0016,ring
N0247,N0248,0.0053,ring
N0248,N0249,0.0090,ring
N0249,N0250,0.0127,ring
N0250,N0251,0.0024,ring
N0251,N0252,0.0061,ring
N0252,N0253,0.0098,ring
N0253,N0254,0.0135,ring
N0254,N0255,0.0032,ring
N0255,N0256,0.0069,ring
N0256,N0257,0.0106,ring
N0257,N0258,0.0003,ring
N0258,N0259,0.0040,ring
N0259,N0260,0.0077,ring
N0260,N0261,0.0114,ring
N0261,N0262,0.0011,ring
N0262,N0263,0.0048,ring
N0263,N0264,0.0085,ring
N0264,N0265,0.0122,ring
N0265,N0266,0.0019,ring
N0266,N0267,0.0056,ring
N0267,N0268,0.0093,ring
N0268,N0269,0.0130,ring
N0269,N0270,0.0027,ring
N0270,N0271,0.0064,ring
N0271,N0272,0.0101,ring
N0272,N0273,0.0138,ring
N0273,N0274,0.0035,ring
N0274,N0275,0.0072,ring
N0275,N0276,0.0109,ring
N0276,N0277,0.0006,ring
N0277,N0278,0.0043,ring
N0278,N0279,0.0080,ring
N0279,N0280,0.0117,ring
N0280,N0281,0.0014,ring
N0281,N0282,0.0051,ring
N0282,N0283,0.0088,ring
N0283,N0284,0.0125,ring
N0284,N0285,0.0022,ring
N0285,N0286,0.0059,ring
N0286,N0287,0.0096,ring
N0287,N0288,0.0133,ring
N0288,N0289,0.0030,ring
N0289,N0290,0.0067,ring
N0290,N0291,0.0104,ring
N0291,N0292,0.0001,ring
N0292,N0293,0.0038,ring
N0293,N0294,0.0075,ring
N0294,N0295,0.0112,ring
N0295,N0296,0.0009,ring
N0296,N0297,0.0046,ring
N0297,N0298,0.0083,ring
N0298,N0299,0.0120,ring
N0299,N0300,0.0017,ring
N0300,N0301,0.0054,ring
N0301,N0302,0.0091,ring
N0302,N0303,0.0128,ring
N0303,N0304,0.0025,ring
N0304,N0305,0.0062,ring
N0305,N0306,0.0099,ring
N0306,N0307,0.0136,ring
N0307,N0308,0.0033,ring
N0308,N0309,0.0070,ring
N0309,N0310,0.0107,ring
N0310,N0311,0.0004,ring
N0311,N0312,0.0041,ring
N0312,N0313,0.0078,ring
N0313,N0314,0.0115,ring
N0314,N0315,0.0012,ring
N0315,N0316,0.0049,ring
N0316,N0317,0.0086,ring
N0317,N0318,0.0123,ring
N0318,N0319,0.0020,ring
N0319,N0320,0.0057,ring
N0320,N0321,0.0094,ring
N0321,N0322,0.0131,ring
N0322,N0323,0.0028,ring
N0323,N0324,0.0065,ring
N0324,N0325,0.0102,ring
N0325,N0326,0.0139,ring
N0326,N0327,0.0036,ring
N0327,N0328,0.0073,ring
N0328,N0329,0.0110,ring
N0329,N0330,0.0007,ring
N0330,N0331,0.0044,ring
N0331,N0332,0.0081,ring
N0332,N0333,0.0118,ring
N0333,N0334,0.0015,ring
N0334,N0335,0.0052,ring
N0335,N0336,0.0089,ring
N0336,N0337,0.0126,ring
N0337,N0338,0.0023,ring
N0338,N0339,0.0060,ring
N0339,N0340,0.0097,ring
N0340,N0341,0.0134,ring
N0341,N0342,0.0031,ring
N0342,N0343,0.0068,ring
N0343,N0344,0.0105,ring
N0344,N0345,0.0002,ring
N0345,N0346,0.0039,ring
N0346,N0347,0.0076,ring
N0347,N0348,0.0113,ring
N0348,N0349,0.0010,ring
N0349,N0350,0.0047,ring
N0350,N0351,0.0084,ring
N0351,N0352,0.0121,ring
N0352,N0353,0.0018,ring
N0353,N0354,0.0055,ring
N0354,N0355,0.0092,ring
N0355,N0356,0.0129,ring
N0356,N0357,0.0026,ring
N0357,N0358,0.0063,ring
N0358,N0359,0.0100,ring
N0359,N0360,0.0137,ring
N0360,N0361,0.0034,ring
N0361,N0362,0.0071,ring
N0362,N0363,0.0108,ring
N0363,N0364,0.0005,ring
N0364,N0365,0.0042,ring
N0365,N0366,0.0079,ring
N0366,N0367,0.0116,ring
N0367,N0368,0.0013,ring
N0368,N0369,0.0050,ring
N0369,N0370,0.0087,ring
N0370,N0371,0.0124,ring
N0371,N0372,0.0021,ring
N0372,N0373,0.0058,ring
N0373,N0374,0.0095,ring
N0374,N0375,0.0132,ring
N0375,N0376,0.0029,ring
N0376,N0377,0.0066,ring
N0377,N0378,0.0103,ring
N0378,N0379,0.0140,ring
N0379,N0380,0.0037,ring
N0380,N0381,0.0074,ring
N0381,N0382,0.0111,ring
N0382,N0383,0.0008,ring
N0383,N0384,0.0045,ring
N0384,N0385,0.0082,ring
N0385,N0386,0.0119,ring
N0386,N0387,0.0016,ring
N0387,N0388,0.0053,ring
N0388,N0389,0.0090,ring
N0389,N0390,0.0127,ring
N0390,N0391,0.0024,ring
N0391,N0392,0.0061,ring
N0392,N0393,0.0098,ring
N0393,N0394,0.0135,ring
N0394,N0395,0.0032,ring
N0395,N0396,0.0069,ring
N0396,N0397,0.0106,ring
N0397,N0398,0.0003,ring
N0398,N0399,0.0040,ring
N0399,N0400,0.0077,ring
N0400,N0401,0.0114,ring
N0401,N0402,0.0011,ring
N0402,N0403,0.0048,ring
N0403,N0404,0.0085,ring
N0404,N0405,0.0122,ring
N0405,N0406,0.0019,ring
N0406,N0407,0.0056,ring
N0407,N0408,0.0093,ring
N0408,N0409,0.0130,ring
N0409,N0410,0.0027,ring
N0410,N0411,0.0064,ring
N0411,N0412,0.0101,ring
N0412,N0413,0.0138,ring
N0413,N0414,0.0035,ring
N0414,N0415,0.0072,ring
N0415,N0416,0.0109,ring
N0416,N0417,0.0006,ring
N0417,N0418,0.0043,ring
N0418,N0419,0.0080,ring
N0419,N0420,0.0117,ring
N0420,N0421,0.0014,ring
N0421,N0422,0.0051,ring
N0422,N0423,0.0088,ring
N0423,N0424,0.0125,ring
N0424,N0425,0.0022,ring
N0425,N0426,0.0059,ring
N0426,N0427,0.0096,ring
N0427,N0428,0.0133,ring
N0428,N0429,0.0030,ring
N0429,N0430,0.0067,ring
N0430,N0431,0.0104,ring
N0431,N0432,0.0001,ring
N0432,N0433,0.0038,ring
N0433,N0434,0.0075,ring
N0434,N0435,0.0112,ring
N0435,N0436,0.0009,ring
N0436,N0437,0.0046,ring
N0437,N0438,0.0083,ring
N0438,N0439,0.0120,ring
N0439,N0440,0.0017,ring
N0440,N0441,0.0054,ring
N0441,N0442,0.0091,ring
N0442,N0443,0.0128,ring
N0443,N0444,0.0025,ring
N0444,N0445,0.0062,ring
N0445,N0446,0.0099,ring
N0446,N0447,0.0136,ring
N0447,N0448,0.0033,ring
N0448,N0449,0.0070,ring
N0449,N0450,0.0107,ring
N0450,N0451,0.0004,ring
N0451,N0452,0.0041,ring
N0452,N0453,0.0078,ring
N0453,N0454,0.0115,ring
N0454,N0455,0.0012,ring
N0455,N0456,0.0049,ring
N0456,N0457,0.0086,ring
N0457,N0458,0.0123,ring
N0458,N0459,0.0020,ring
N0459,N0460,0.0057,ring
N0460,N0461,0.0094,ring
N0461,N0462,0.0131,ring
N0462,N0463,0.0028,ring
N0463,N0464,0.0065,ring
N0464,N0465,0.0102,ring
N0465,N0466,0.0139,ring
N0466,N0467,0.0036,ring
N0467,N0468,0.0073,ring
N0468,N0469,0.0110,ring
N0469,N0470,0.0007,ring
N0470,N0471,0.0044,ring
N0471,N0472,0.0081,ring
N0472,N0473,0.0118,ring
N0473,N0474,0.0015,ring
N0474,N0475,0.0052,ring
N0475,N0476,0.0089,ring
N0476,N0477,0.0126,ring
N0477,N0478,0.0023,ring
N0478,N0479,0.0060,ring
N0479,N0480,0.0097,ring
N0480,N0481,0.0134,ring
N0481,N0482,0.0031,ring
N0482,N0483,0.0068,ring
N0483,N0484,0.0105,ring
N0484,N0485,0.0002,ring
N0485,N0486,0.0039,ring
N0486,N0487,0.0076,ring
N0487,N0488,0.0113,ring
N0488,N0489,0.0010,ring
N0489,N0490,0.0047,ring
N0490,N0491,0.0084,ring
N0491,N0492,0.0121,ring
N0492,N0493,0.0018,ring
N0493,N0494,0.0055,ring
N0494,N0495,0.0092,ring
N0495,N0496,0.0129,ring
N0496,N0497,0.0026,ring
N0497,N0498,0.0063,ring
N0498,N0499,0.0100,ring
N0499,N0500,0.0137,ring
N0500,N0501,0.0034,ring
N0501,N0502,0.0071,ring
N0502,N0503,0.0108,ring
N0503,N0504,0.0005,ring
N0504,N0505,0.0042,ring
N0505,N0506,0.0079,ring
N0506,N0507,0.0116,ring
N0507,N0508,0.0013,ring
N0508,N0509,0.0050,ring
N0509,N0510,0.0087,ring
N0510,N0511,0.0124,ring
N0511,N0512,0.0021,ring
N0512,N0513,0.0058,ring
N0513,N0514,0.0095,ring
N0514,N0515,0.0132,ring
N0515,N0516,0.0029,ring
N0516,N0517,0.0066,ring
N0517,N0518,0.0103,ring
N0518,N0519,0.0140,ring
N0519,N0520,0.0037,ring
N0520,N0521,0.0074,ring
N0521,N0522,0.0111,ring
N0522,N0523,0.0008,ring
N0523,N0524,0.0045,ring
N0524,N0525,0.0082,ring
N0525,N0526,0.0119,ring
N0526,N0527,0.0016,ring
N0527,N0528,0.0053,ring
N0528,N0529,0.0090,ring
N0529,N0530,0.0127,ring
N0530,N0531,0.0024,ring
N0531,N0532,0.0061,ring
N0532,N0533,0.0098,ring
N0533,N0534,0.0135,ring
N0534,N0535,0.0032,ring
N0535,N0536,0.0069,ring
N0536,N0537,0.0106,ring
N0537,N0538,0.0003,ring
N0538,N0539,0.0040,ring
N0539,N0540,0.0077,ring
N0540,N0541,0.0114,ring
N0541,N0542,0.0011,ring
N0542,N0543,0.0048,ring
N0543,N0544,0.0085,ring
N0544,N0545,0.0122,ring
N0545,N0546,0.0019,ring
N0546,N0547,0.0056,ring
N0547,N0548,0.0093,ring
N0548,N0549,0.0130,ring
N0549,N0550,0.0027,ring
N0550,N0551,0.0064,ring
N0551,N0552,0.0101,ring
N0552,N0553,0.0138,ring
N0553,N0554,0.0035,ring
N0554,N0555,0.0072,ring
N0555,N0556,0.0109,ring
N0556,N0557,0.0006,ring
N0557,N0558,0.0043,ring
N0558,N0559,0.0080,ring
N0559,N0560,0.0117,ring
N0560,N0561,0.0014,ring
N0561,N0562,0.0051,ring
N0562,N0563,0.0088,ring
N0563,N0564,0.0125,ring
N0564,N0565,0.0022,ring
N0565,N0566,0.0059,ring
N0566,N0567,0.0096,ring
N0567,N0568,0.0133,ring
N0568,N0569,0.0030,ring
N0569,N0570,0.0067,ring
N0570,N0571,0.0104,ring
N0571,N0572,0.0001,ring
N0572,N0573,0.0038,ring
N0573,N0574,0.0075,ring
N0574,N0575,0.0112,ring
N0575,N0576,0.0009,ring
N0576,N0577,0.0046,ring
N0577,N0578,0.0083,ring
N0578,N0579,0.0120,ring
N0579,N0580,0.0017,ring
N0580,N0581,0.0054,ring
N0581,N0582,0.0091,ring
N0582,N0583,0.0128,ring
N0583,N0584,0.0025,ring
N0584,N0585,0.0062,ring
N0585,N0586,0.0099,ring
N0586,N0587,0.0136,ring
N0587,N0588,0.0033,ring
N0588,N0589,0.0070,ring
N0589,N0590,0.0107,ring
N0590,N0591,0.0004,ring
N0591,N0592,0.0041,ring
N0592,N0593,0.0078,ring
N0593,N0594,0.0115,ring
N0594,N0595,0.0012,ring
N0595,N0596,0.0049,ring
N0596,N0597,0.0086,ring
N0597,N0598,0.0123,ring
N0598,N0599,0.0020,ring
N0599,N0600,0.0057,ring
N0600,N0601,0.0094,ring
N0601,N0602,0.0131,ring
N0602,N0603,0.0028,ring
N0603,N0604,0.0065,ring
N0604,N0605,0.0102,ring
N0605,N0606,0.0139,ring
N0606,N0607,0.0036,ring
N0607,N0608,0.0073,ring
N0608,N0609,0.0110,ring
N0609,N0610,0.0007,ring
N0610,N0611,0.0044,ring
N0611,N0612,0.0081,ring
N0612,N0613,0.0118,ring
N0613,N0614,0.0015,ring
N0614,N0615,0.0052,ring
N0615,N0616,0.0089,ring
N0616,N0617,0.0126,ring
N0617,N0618,0.0023,ring
N0618,N0619,0.0060,ring
N0619,N0620,0.0097,ring
N0620,N0621,0.0134,ring
N0621,N0622,0.0031,ring
N0622,N0623,0.0068,ring
N0623,N0624,0.0105,ring
N0624,N0625,0.0002,ring
N0625,N0626,0.0039,ring
N0626,N0627,0.0076,ring
N0627,N0628,0.0113,ring
N0628,N0629,0.0010,ring
N0629,N0630,0.0047,ring
N0630,N0631,0.0084,ring
N0631,N0632,0.0121,ring
N0632,N0633,0.0018,ring
N0633,N0634,0.0055,ring
N0634,N0635,0.0092,ring
N0635,N0636,0.0129,ring
N0636,N0637,0.0026,ring
N0637,N0638,0.0063,ring
N0638,N0639,0.0100,ring
N0639,N0640,0.0137,ring
N0640,N0641,0.0034,ring
N0641,N0642,0.0071,ring
N0642,N0643,0.0108,ring
N0643,N0644,0.0005,ring
N0644,N0645,0.0042,ring
N0645,N0646,0.0079,ring
N0646,N0647,0.0116,ring
N0647,N0648,0.0013,ring
N0648,N0649,0.0050,ring
N0649,N0650,0.0087,ring
N0650,N0651,0.0124,ring
N0651,N0652,0.0021,ring
N0652,N0653,0.0058,ring
N0653,N0654,0.0095,ring
N0654,N0655,0.0132,ring
N0655,N0656,0.0029,ring
N0656,N0657,0.0066,ring
N0657,N0658,0.0103,ring
N0658,N0659,0.0140,ring
N0659,N0660,0.0037,ring
N0660,N0661,0.0074,ring
N0661,N0662,0.0111,ring
N0662,N0663,0.0008,ring
N0663,N0664,0.0045,ring
N0664,N0665,0.0082,ring
N0665,N0666,0.0119,ring
N0666,N0667,0.0016,ring
N0667,N0668,0.0053,ring
N0668,N0669,0.0090,ring
N0669,N0670,0.0127,ring
N0670,N0671,0.0024,ring
N0671,N0672,0.0061,ring
N0672,N0673,0.0098,ring
N0673,N0674,0.0135,ring
N0674,N0675,0.0032,ring
N0675,N0676,0.0069,ring
N0676,N0677,0.0106,ring
N0677,N0678,0.0003,ring
N0678,N0679,0.0040,ring
N0679,N0680,0.0077,ring
N0680,N0681,0.0114,ring
N0681,N0682,0.0011,ring
N0682,N0683,0.0048,ring
N0683,N0684,0.0085,ring
N0684,N0685,0.0122,ring
N0685,N0686,0.0019,ring
N0686,N0687,0.0056,ring
N0687,N0688,0.0093,ring
N0688,N0689,0.0130,ring
N0689,N0690,0.0027,ring
N0690,N0691,0.0064,ring
N0691,N0692,0.0101,ring
N0692,N0693,0.0138,ring
N0693,N0694,0.0035,ring
N0694,N0695,0.0072,ring
N0695,N0696,0.0109,ring
N0696,N0697,0.0006,ring
N0697,N0698,0.0043,ring
N0698,N0699,0.0080,ring
N0699,N0700,0.0117,ring
N0700,N0701,0.0014,ring
N0701,N0702,0.0051,ring
N0702,N0703,0.0088,ring
N0703,N0704,0.0125,ring
N0704,N0705,0.0022,ring
N0705,N0706,0.0059,ring
N0706,N0707,0.0096,ring
N0707,N0708,0.0133,ring
N0708,N0709,0.0030,ring
N0709,N0710,0.0067,ring
N0710,N0711,0.0104,ring
N0711,N0712,0.0001,ring
N0712,N0713,0.0038,ring
N0713,N0714,0.0075,ring
N0714,N0715,0.0112,ring
N0715,N0716,0.0009,ring
N0716,N0717,0.0046,ring
N0717,N0718,0.0083,ring
N0718,N0719,0.0120,ring
N0719,N0720,0.0017,ring
N0720,N0721,0.0054,ring
N0721,N0722,0.0091,ring
N0722,N0723,0.0128,ring
N0723,N0724,0.0025,ring
N0724,N0725,0.0062,ring
N0725,N0726,0.0099,ring
N0726,N0727,0.0136,ring
N0727,N0728,0.0033,ring
N0728,N0729,0.0070,ring
N0729,N0730,0.0107,ring
N0730,N0731,0.0004,ring
N0731,N0732,0.0041,ring
N0732,N0733,0.0078,ring
N0733,N0734,0.0115,ring
N0734,N0735,0.0012,ring
N0735,N0736,0.0049,ring
N0736,N0737,0.0086,ring
N0737,N0738,0.0123,ring
N0738,N0739,0.0020,ring
N0739,N0740,0.0057,ring
N0740,N0741,0.0094,ring
N0741,N0742,0.0131,ring
N0742,N0743,0.0028,ring
N0743,N0744,0.0065,ring
N0744,N0745,0.0102,ring
N0745,N0746,0.0139,ring
N0746,N0747,0.0036,ring
N0747,N0748,0.0073,ring
N0748,N0749,0.0110,ring
N0749,N0750,0.0007,ring
N0750,N0751,0.0044,ring
N0751,N0752,0.0081,ring
N0752,N0753,0.0118,ring
N0753,N0754,0.0015,ring
N0754,N0755,0.0052,ring
N0755,N0756,0.0089,ring
N0756,N0757,0.0126,ring
N0757,N0758,0.0023,ring
N0758,N0759,0.0060,ring
N0759,N0760,0.0097,ring
N0760,N0761,0.0134,ring
N0761,N0762,0.0031,ring
N0762,N0763,0.0068,ring
N0763,N0764,0.0105,ring
N0764,N0765,0.0002,ring
N0765,N0766,0.0039,ring
N0766,N0767,0.0076,ring
N0767,N0768,0.0113,ring
N0768,N0769,0.0010,ring
N0769,N0770,0.0047,ring
N0770,N0771,0.0084,ring
N0771,N0772,0.0121,ring
N0772,N0773,0.0018,ring
N0773,N0774,0.0055,ring
N0774,N0775,0.0092,ring
N0775,N0776,0.0129,ring
N0776,N0777,0.0026,ring
N0777,N0778,0.0063,ring
N0778,N0779,0.0100,ring
N0779,N0780,0.0137,ring
N0780,N0781,0.0034,ring
N0781,N0782,0.0071,ring
N0782,N0783,0.0108,ring
N0783,N0784,0.0005,ring
N0784,N0785,0.0042,ring
N0785,N0786,0.0079,ring
N0786,N0787,0.0116,ring
N0787,N0788,0.0013,ring
N0788,N0789,0.0050,ring
N0789,N0790,0.0087,ring
N0790,N0791,0.0124,ring
N0791,N0792,0.0021,ring
N0792,N0793,0.0058,ring
N0793,N0794,0.0095,ring
N0794,N0795,0.0132,ring
N0795,N0796,0.0029,ring
N0796,N0797,0.0066,ring
N0797,N0798,0.0103,ring
N0798,N0799,0.0140,ring
N0799,N0800,0.0037,ring
N0800,N0801,0.0074,ring
N0801,N0802,0.0111,ring
N0802,N0803,0.0008,ring
N0803,N0804,0.0045,ring
N0804,N0805,0.0082,ring
N0805,N0806,0.0119,ring
N0806,N0807,0.0016,ring
N0807,N0808,0.0053,ring
N0808,N0809,0.0090,ring
N0809,N0810,0.0127,ring
N0810,N0811,0.0024,ring
N0811,N0812,0.0061,ring
N0812,N0813,0.0098,ring
N0813,N0814,0.0135,ring
N0814,N0815,0.0032,ring
N0815,N0816,0.0069,ring
N0816,N0817,0.0106,ring
N0817,N0818,0.0003,ring
N0818,N0819,0.0040,ring
N0819,N0820,0.0077,ring
N0820,N0821,0.0114,ring
N0821,N0822,0.0011,ring
N0822,N0823,0.0048,ring
N0823,N0824,0.0085,ring
N0824,N0825,0.0122,ring
N0825,N0826,0.0019,ring
N0826,N0827,0.0056,ring
N0827,N0828,0.0093,ring
N0828,N0829,0.0130,ring
N0829,N0830,0.0027,ring
N0830,N0831,0.0064,ring
N0831,N0832,0.0101,ring
N0832,N0833,0.0138,ring
N0833,N0834,0.0035,ring
N0834,N0835,0.0072,ring
N0835,N0836,0.0109,ring
N0836,N0837,0.0006,ring
N0837,N0838,0.0043,ring
N0838,N0839,0.0080,ring
N0839,N0840,0.0117,ring
N0840,N0841,0.0014,ring
N0841,N0842,0.0051,ring
N0842,N0843,0.0088,ring
N0843,N0844,0.0125,ring
N0844,N0845,0.0022,ring
N0845,N0846,0.0059,ring
N0846,N0847,0.0096,ring
N0847,N0848,0.0133,ring
N0848,N0849,0.0030,ring
N0849,N0850,0.0067,ring
N0850,N0851,0.0104,ring
N0851,N0852,0.0001,ring
N0852,N0853,0.0038,ring
N0853,N0854,0.0075,ring
N0854,N0855,0.0112,ring
N0855,N0856,0.0009,ring
N0856,N0857,0.0046,ring
N0857,N0858,0.0083,ring
N0858,N0859,0.0120,ring
N0859,N0860,0.0017,ring
N0860,N0861,0.0054,ring
N0861,N0862,0.0091,ring
N0862,N0863,0.0128,ring
N0863,N0864,0.0025,ring
N0864,N0865,0.0062,ring
N0865,N0866,0.0099,ring
N0866,N0867,0.0136,ring
N0867,N0868,0.0033,ring
N0868,N0869,0.0070,ring
N0869,N0870,0.0107,ring
N0870,N0871,0.0004,ring
N0871,N0872,0.0041,ring
N0872,N0873,0.0078,ring
N0873,N0874,0.0115,ring
N0874,N0875,0.0012,ring
N0875,N0876,0.0049,ring
N0876,N0877,0.0086,ring
N0877,N0878,0.0123,ring
N0878,N0879,0.0020,ring
N0879,N0880,0.0057,ring
N0880,N0881,0.0094,ring
N0881,N0882,0.0131,ring
N0882,N0883,0.0028,ring
N0883,N0884,0.0065,ring
N0884,N0885,0.0102,ring
N0885,N0886,0.0139,ring
N0886,N0887,0.0036,ring
N0887,N0888,0.0073,ring
N0888,N0889,0.0110,ring
N0889,N0890,0.0007,ring
N0890,N0891,0.0044,ring
N0891,N0892,0.0081,ring
N0892,N0893,0.0118,ring
N0893,N0894,0.0015,ring
N0894,N0895,0.0052,ring
N0895,N0896,0.0089,ring
N0896,N0897,0.0126,ring
N0897,N0898,0.0023,ring
N0898,N0899,0.0060,ring
N0899,N0900,0.0097,ring
N0900,N0901,0.0134,ring
N0901,N0902,0.0031,ring
N0902,N0903,0.0068,ring
N0903,N0904,0.0105,ring
N0904,N0905,0.0002,ring
N0905,N0906,0.0039,ring
N0906,N0907,0.0076,ring
N0907,N0908,0.0113,ring
N0908,N0909,0.0010,ring
N0909,N0910,0.0047,ring
N0910,N0911,0.0084,ring
N0911,N0912,0.0121,ring
N0912,N0913,0.0018,ring
N0913,N0914,0.0055,ring
N0914,N0915,0.0092,ring
N0915,N0916,0.0129,ring
N0916,N0917,0.0026,ring
N0917,N0918,0.0063,ring
N0918,N0919,0.0100,ring
N0919,N0920,0.0137,ring
N0920,N0921,0.0034,ring
N0921,N0922,0.0071,ring
N0922,N0923,0.0108,ring
N0923,N0924,0.0005,ring
N0924,N0925,0.0042,ring
N0925,N0926,0.0079,ring
N0926,N0927,0.0116,ring
N0927,N0928,0.0013,ring
N0928,N0929,0.0050,ring
N0929,N0930,0.0087,ring
N0930,N0931,0.0124,ring
N0931,N0932,0.0021,ring
N0932,N0933,0.0058,ring
N0933,N0934,0.0095,ring
N0934,N0935,0.0132,ring
N0935,N0936,0.0029,ring
N0936,N0937,0.0066,ring
N0937,N0938,0.0103,ring
N0938,N0939,0.0140,ring
N0939,N0940,0.0037,ring
N0940,N0941,0.0074,ring
N0941,N0942,0.0111,ring
N0942,N0943,0.0008,ring
N0943,N0944,0.0045,ring
N0944,N0945,0.0082,ring
N0945,N0946,0.0119,ring
N0946,N0947,0.0016,ring
N0947,N0948,0.0053,ring
N0948,N0949,0.0090,ring
N0949,N0950,0.0127,ring
N0950,N0951,0.0024,ring
N0951,N0952,0.0061,ring
N0952,N0953,0.0098,ring
N0953,N0954,0.0135,ring
N0954,N0955,0.0032,ring
N0955,N0956,0.0069,ring
N0956,N0957,0.0106,ring
N0957,N0958,0.0003,ring
N0958,N0959,0.0040,ring
N0959,N0960,0.0077,ring
N0960,N0961,0.0114,ring
N0961,N0962,0.0011,ring
N0962,N0963,0.0048,ring
N0963,N0964,0.0085,ring
N0964,N0965,0.0122,ring
N0965,N0966,0.0019,ring
N0966,N0967,0.0056,ring
N0967,N0968,0.0093,ring
N0968,N0969,0.0130,ring
N0969,N0970,0.0027,ring
N0970,N0971,0.0064,ring
N0971,N0972,0.0101,ring
N0972,N0973,0.0138,ring
N0973,N0974,0.0035,ring
N0974,N0975,0.0072,ring
N0975,N0976,0.0109,ring
N0976,N0977,0.0006,ring
N0977,N0978,0.0043,ring
N0978,N0979,0.0080,ring
N0979,N0980,0.0117,ring
N0980,N0981,0.0014,ring
N0981,N0982,0.0051,ring
N0982,N0983,0.0088,ring
N0983,N0984,0.0125,ring
N0984,N0985,0.0022,ring
N0985,N0986,0.0059,ring
N0986,N0987,0.0096,ring
N0987,N0988,0.0133,ring
N0988,N0989,0.0030,ring
N0989,N0990,0.0067,ring
N0990,N0991,0.0104,ring
N0991,N0992,0.0001,ring
N0992,N0993,0.0038,ring
N0993,N0994,0.0075,ring
N0994,N0995,0.0112,ring
N0995,N0996,0.0009,ring
N0996,N0997,0.0046,ring
N0997,N0998,0.0083,ring
N0998,N0999,0.0120,ring
N0999,N1000,0.0017,ring
N1000,N0001,0.0054,ring
N0001,N0008,0.0129,short_chord
N0002,N0009,0.0026,short_chord
N0003,N0010,0.0063,short_chord
N0004,N0011,0.0100,short_chord
N0005,N0012,0.0137,short_chord
N0006,N0013,0.0034,short_chord
N0007,N0014,0.0071,short_chord
N0008,N0015,0.0108,short_chord
N0009,N0016,0.0005,short_chord
N0010,N0017,0.0042,short_chord
N0011,N0018,0.0079,short_chord
N0012,N0019,0.0116,short_chord
N0013,N0020,0.0013,short_chord
N0014,N0021,0.0050,short_chord
N0015,N0022,0.0087,short_chord
N0016,N0023,0.0124,short_chord
N0017,N0024,0.0021,short_chord
N0018,N0025,0.0058,short_chord
N0019,N0026,0.0095,short_chord
N0020,N0027,0.0132,short_chord
N0021,N0028,0.0029,short_chord
N0022,N0029,0.0066,short_chord
N0023,N0030,0.0103,short_chord
N0024,N0031,0.0140,short_chord
N0025,N0032,0.0037,short_chord
N0026,N0033,0.0074,short_chord
N0027,N0034,0.0111,short_chord
N0028,N0035,0.0008,short_chord
N0029,N0036,0.0045,short_chord
N0030,N0037,0.0082,short_chord
N0031,N0038,0.0119,short_chord
N0032,N0039,0.0016,short_chord
N0033,N0040,0.0053,short_chord
N0034,N0041,0.0090,short_chord
N0035,N0042,0.0127,short_chord
N0036,N0043,0.0024,short_chord
N0037,N0044,0.0061,short_chord
N0038,N0045,0.0098,short_chord
N0039,N0046,0.0135,short_chord
N0040,N0047,0.0032,short_chord
N0041,N0048,0.0069,short_chord
N0042,N0049,0.0106,short_chord
N0043,N0050,0.0003,short_chord
N0044,N0051,0.0040,short_chord
N0045,N0052,0.0077,short_chord
N0046,N0053,0.0114,short_chord
N0047,N0054,0.0011,short_chord
N0048,N0055,0.0048,short_chord
N0049,N0056,0.0085,short_chord
N0050,N0057,0.0122,short_chord
N0051,N0058,0.0019,short_chord
N0052,N0059,0.0056,short_chord
N0053,N0060,0.0093,short_chord
N0054,N0061,0.0130,short_chord
N0055,N0062,0.0027,short_chord
N0056,N0063,0.0064,short_chord
N0057,N0064,0.0101,short_chord
N0058,N0065,0.0138,short_chord
N0059,N0066,0.0035,short_chord
N0060,N0067,0.0072,short_chord
N0061,N0068,0.0109,short_chord
N0062,N0069,0.0006,short_chord
N0063,N0070,0.0043,short_chord
N0064,N0071,0.0080,short_chord
N0065,N0072,0.0117,short_chord
N0066,N0073,0.0014,short_chord
N0067,N0074,0.0051,short_chord
N0068,N0075,0.0088,short_chord
N0069,N0076,0.0125,short_chord
N0070,N0077,0.0022,short_chord
N0071,N0078,0.0059,short_chord
N0072,N0079,0.0096,short_chord
N0073,N0080,0.0133,short_chord
N0074,N0081,0.0030,short_chord
N0075,N0082,0.0067,short_chord
N0076,N0083,0.0104,short_chord
N0077,N0084,0.0001,short_chord
N0078,N0085,0.0038,short_chord
N0079,N0086,0.0075,short_chord
N0080,N0087,0.0112,short_chord
N0081,N0088,0.0009,short_chord
N0082,N0089,0.0046,short_chord
N0083,N0090,0.0083,short_chord
N0084,N0091,0.0120,short_chord
N0085,N0092,0.0017,short_chord
N0086,N0093,0.0054,short_chord
N0087,N0094,0.0091,short_chord
N0088,N0095,0.0128,short_chord
N0089,N0096,0.0025,short_chord
N0090,N0097,0.0062,short_chord
N0091,N0098,0.0099,short_chord
N0092,N0099,0.0136,short_chord
N0093,N0100,0.0033,short_chord
N0094,N0101,0.0070,short_chord
N0095,N0102,0.0107,short_chord
N0096,N0103,0.0004,short_chord
N0097,N0104,0.0041,short_chord
N0098,N0105,0.0078,short_chord
N0099,N0106,0.0115,short_chord
N0100,N0107,0.0012,short_chord
N0101,N0108,0.0049,short_chord
N0102,N0109,0.0086,short_chord
N0103,N0110,0.0123,short_chord
N0104,N0111,0.0020,short_chord
N0105,N0112,0.0057,short_chord
N0106,N0113,0.0094,short_chord
N0107,N0114,0.0131,short_chord
N0108,N0115,0.0028,short_chord
N0109,N0116,0.0065,short_chord
N0110,N0117,0.0102,short_chord
N0111,N0118,0.0139,short_chord
N0112,N0119,0.0036,short_chord
N0113,N0120,0.0073,short_chord
N0114,N0121,0.0110,short_chord
N0115,N0122,0.0007,short_chord
N0116,N0123,0.0044,short_chord
N0117,N0124,0.0081,short_chord
N0118,N0125,0.0118,short_chord
N0119,N0126,0.0015,short_chord
N0120,N0127,0.0052,short_chord
N0121,N0128,0.0089,short_chord
N0122,N0129,0.0126,short_chord
N0123,N0130,0.0023,short_chord
N0124,N0131,0.0060,short_chord
N0125,N0132,0.0097,short_chord
N0126,N0133,0.0134,short_chord
N0127,N0134,0.0031,short_chord
N0128,N0135,0.0068,short_chord
N0129,N0136,0.0105,short_chord
N0130,N0137,0.0002,short_chord
N0131,N0138,0.0039,short_chord
N0132,N0139,0.0076,short_chord
N0133,N0140,0.0113,short_chord
N0134,N0141,0.0010,short_chord
N0135,N0142,0.0047,short_chord
N0136,N0143,0.0084,short_chord
N0137,N0144,0.0121,short_chord
N0138,N0145,0.0018,short_chord
N0139,N0146,0.0055,short_chord
N0140,N0147,0.0092,short_chord
N0141,N0148,0.0129,short_chord
N0142,N0149,0.0026,short_chord
N0143,N0150,0.0063,short_chord
N0144,N0151,0.0100,short_chord
N0145,N0152,0.0137,short_chord
N0146,N0153,0.0034,short_chord
N0147,N0154,0.0071,short_chord
N0148,N0155,0.0108,short_chord
N0149,N0156,0.0005,short_chord
N0150,N0157,0.0042,short_chord
N0151,N0158,0.0079,short_chord
N0152,N0159,0.0116,short_chord
N0153,N0160,0.0013,short_chord
N0154,N0161,0.0050,short_chord
N0155,N0162,0.0087,short_chord
N0156,N0163,0.0124,short_chord
N0157,N0164,0.0021,short_chord
N0158,N0165,0.0058,short_chord
N0159,N0166,0.0095,short_chord
N0160,N0167,0.0132,short_chord
N0161,N0168,0.0029,short_chord
N0162,N0169,0.0066,short_chord
N0163,N0170,0.0103,short_chord
N0164,N0171,0.0140,short_chord
N0165,N0172,0.0037,short_chord
N0166,N0173,0.0074,short_chord
N0167,N0174,0.0111,short_chord
N0168,N0175,0.0008,short_chord
N0169,N0176,0.0045,short_chord
N0170,N0177,0.0082,short_chord
N0171,N0178,0.0119,short_chord
N0172,N0179,0.0016,short_chord
N0173,N0180,0.0053,short_chord
N0174,N0181,0.0090,short_chord
N0175,N0182,0.0127,short_chord
N0176,N0183,0.0024,short_chord
N0177,N0184,0.0061,short_chord
N0178,N0185,0.0098,short_chord
N0179,N0186,0.0135,short_chord
N0180,N0187,0.0032,short_chord
N0181,N0188,0.0069,short_chord
N0182,N0189,0.0106,short_chord
N0183,N0190,0.0003,short_chord
N0184,N0191,0.0040,short_chord
N0185,N0192,0.0077,short_chord
N0186,N0193,0.0114,short_chord
N0187,N0194,0.0011,short_chord
N0188,N0195,0.0048,short_chord
N0189,N0196,0.0085,short_chord
N0190,N0197,0.0122,short_chord
N0191,N0198,0.0019,short_chord
N0192,N0199,0.0056,short_chord
N0193,N0200,0.0093,short_chord
N0194,N0201,0.0130,short_chord
N0195,N0202,0.0027,short_chord
N0196,N0203,0.0064,short_chord
N0197,N0204,0.0101,short_chord
N0198,N0205,0.0138,short_chord
N0199,N0206,0.0035,short_chord
N0200,N0207,0.0072,short_chord
N0201,N0208,0.0109,short_chord
N0202,N0209,0.0006,short_chord
N0203,N0210,0.0043,short_chord
N0204,N0211,0.0080,short_chord
N0205,N0212,0.0117,short_chord
N0206,N0213,0.0014,short_chord
N0207,N0214,0.0051,short_chord
N0208,N0215,0.0088,short_chord
N0209,N0216,0.0125,short_chord
N0210,N0217,0.0022,short_chord
N0211,N0218,0.0059,short_chord
N0212,N0219,0.0096,short_chord
N0213,N0220,0.0133,short_chord
N0214,N0221,0.0030,short_chord
N0215,N0222,0.0067,short_chord
N0216,N0223,0.0104,short_chord
N0217,N0224,0.0001,short_chord
N0218,N0225,0.0038,short_chord
N0219,N0226,0.0075,short_chord
N0220,N0227,0.0112,short_chord
N0221,N0228,0.0009,short_chord
N0222,N0229,0.0046,short_chord
N0223,N0230,0.0083,short_chord
N0224,N0231,0.0120,short_chord
N0225,N0232,0.0017,short_chord
N0226,N0233,0.0054,short_chord
N0227,N0234,0.0091,short_chord
N0228,N0235,0.0128,short_chord
N0229,N0236,0.0025,short_chord
N0230,N0237,0.0062,short_chord
N0231,N0238,0.0099,short_chord
N0232,N0239,0.0136,short_chord
N0233,N0240,0.0033,short_chord
N0234,N0241,0.0070,short_chord
N0235,N0242,0.0107,short_chord
N0236,N0243,0.0004,short_chord
N0237,N0244,0.0041,short_chord
N0238,N0245,0.0078,short_chord
N0239,N0246,0.0115,short_chord
N0240,N0247,0.0012,short_chord
N0241,N0248,0.0049,short_chord
N0242,N0249,0.0086,short_chord
N0243,N0250,0.0123,short_chord
N0244,N0251,0.0020,short_chord
N0245,N0252,0.0057,short_chord
N0246,N0253,0.0094,short_chord
N0247,N0254,0.0131,short_chord
N0248,N0255,0.0028,short_chord
N0249,N0256,0.0065,short_chord
N0250,N0257,0.0102,short_chord
N0251,N0258,0.0139,short_chord
N0252,N0259,0.0036,short_chord
N0253,N0260,0.0073,short_chord
N0254,N0261,0.0110,short_chord
N0255,N0262,0.0007,short_chord
N0256,N0263,0.0044,short_chord
N0257,N0264,0.0081,short_chord
N0258,N0265,0.0118,short_chord
N0259,N0266,0.0015,short_chord
N0260,N0267,0.0052,short_chord
N0261,N0268,0.0089,short_chord
N0262,N0269,0.0126,short_chord
N0263,N0270,0.0023,short_chord
N0264,N0271,0.0060,short_chord
N0265,N0272,0.0097,short_chord
N0266,N0273,0.0134,short_chord
N0267,N0274,0.0031,short_chord
N0268,N0275,0.0068,short_chord
N0269,N0276,0.0105,short_chord
N0270,N0277,0.0002,short_chord
N0271,N0278,0.0039,short_chord
N0272,N0279,0.0076,short_chord
N0273,N0280,0.0113,short_chord
N0274,N0281,0.0010,short_chord
N0275,N0282,0.0047,short_chord
N0276,N0283,0.0084,short_chord
N0277,N0284,0.0121,short_chord
N0278,N0285,0.0018,short_chord
N0279,N0286,0.0055,short_chord
N0280,N0287,0.0092,short_chord
N0281,N0288,0.0129,short_chord
N0282,N0289,0.0026,short_chord
N0283,N0290,0.0063,short_chord
N0284,N0291,0.0100,short_chord
N0285,N0292,0.0137,short_chord
N0286,N0293,0.0034,short_chord
N0287,N0294,0.0071,short_chord
N0288,N0295,0.0108,short_chord
N0289,N0296,0.0005,short_chord
N0290,N0297,0.0042,short_chord
N0291,N0298,0.0079,short_chord
N0292,N0299,0.0116,short_chord
N0293,N0300,0.0013,short_chord
N0294,N0301,0.0050,short_chord
N0295,N0302,0.0087,short_chord
N0296,N0303,0.0124,short_chord
N0297,N0304,0.0021,short_chord
N0298,N0305,0.0058,short_chord
N0299,N0306,0.0095,short_chord
N0300,N0307,0.0132,short_chord
N0301,N0308,0.0029,short_chord
N0302,N0309,0.0066,short_chord
N0303,N0310,0.0103,short_chord
N0304,N0311,0.0140,short_chord
N0305,N0312,0.0037,short_chord
N0306,N0313,0.0074,short_chord
N0307,N0314,0.0111,short_chord
N0308,N0315,0.0008,short_chord
N0309,N0316,0.0045,short_chord
N0310,N0317,0.0082,short_chord
N0311,N0318,0.0119,short_chord
N0312,N0319,0.0016,short_chord
N0313,N0320,0.0053,short_chord
N0314,N0321,0.0090,short_chord
N0315,N0322,0.0127,short_chord
N0316,N0323,0.0024,short_chord
N0317,N0324,0.0061,short_chord
N0318,N0325,0.0098,short_chord
N0319,N0326,0.0135,short_chord
N0320,N0327,0.0032,short_chord
N0321,N0328,0.0069,short_chord
N0322,N0329,0.0106,short_chord
N0323,N0330,0.0003,short_chord
N0324,N0331,0.0040,short_chord
N0325,N0332,0.0077,short_chord
N0326,N0333,0.0114,short_chord
N0327,N0334,0.0011,short_chord
N0328,N0335,0.0048,short_chord
N0329,N0336,0.0085,short_chord
N0330,N0337,0.0122,short_chord
N0331,N0338,0.0019,short_chord
N0332,N0339,0.0056,short_chord
N0333,N0340,0.0093,short_chord
N0334,N0341,0.0130,short_chord
N0335,N0342,0.0027,short_chord
N0336,N0343,0.0064,short_chord
N0337,N0344,0.0101,short_chord
N0338,N0345,0.0138,short_chord
N0339,N0346,0.0035,short_chord
N0340,N0347,0.0072,short_chord
N0341,N0348,0.0109,short_chord
N0342,N0349,0.0006,short_chord
N0343,N0350,0.0043,short_chord
N0344,N0351,0.0080,short_chord
N0345,N0352,0.0117,short_chord
N0346,N0353,0.0014,short_chord
N0347,N0354,0.0051,short_chord
N0348,N0355,0.0088,short_chord
N0349,N0356,0.0125,short_chord
N0350,N0357,0.0022,short_chord
N0351,N0358,0.0059,short_chord
N0352,N0359,0.0096,short_chord
N0353,N0360,0.0133,short_chord
N0354,N0361,0.0030,short_chord
N0355,N0362,0.0067,short_chord
N0356,N0363,0.0104,short_chord
N0357,N0364,0.0001,short_chord
N0358,N0365,0.0038,short_chord
N0359,N0366,0.0075,short_chord
N0360,N0367,0.0112,short_chord
N0361,N0368,0.0009,short_chord
N0362,N0369,0.0046,short_chord
N0363,N0370,0.0083,short_chord
N0364,N0371,0.0120,short_chord
N0365,N0372,0.0017,short_chord
N0366,N0373,0.0054,short_chord
N0367,N0374,0.0091,short_chord
N0368,N0375,0.0128,short_chord
N0369,N0376,0.0025,short_chord
N0370,N0377,0.0062,short_chord
N0371,N0378,0.0099,short_chord
N0372,N0379,0.0136,short_chord
N0373,N0380,0.0033,short_chord
N0374,N0381,0.0070,short_chord
N0375,N0382,0.0107,short_chord
N0376,N0383,0.0004,short_chord
N0377,N0384,0.0041,short_chord
N0378,N0385,0.0078,short_chord
N0379,N0386,0.0115,short_chord
N0380,N0387,0.0012,short_chord
N0381,N0388,0.0049,short_chord
N0382,N0389,0.0086,short_chord
N0383,N0390,0.0123,short_chord
N0384,N0391,0.0020,short_chord
N0385,N0392,0.0057,short_chord
N0386,N0393,0.0094,short_chord
N0387,N0394,0.0131,short_chord
N0388,N0395,0.0028,short_chord
N0389,N0396,0.0065,short_chord
N0390,N0397,0.0102,short_chord
N0391,N0398,0.0139,short_chord
N0392,N0399,0.0036,short_chord
N0393,N0400,0.0073,short_chord
N0394,N0401,0.0110,short_chord
N0395,N0402,0.0007,short_chord
N0396,N0403,0.0044,short_chord
N0397,N0404,0.0081,short_chord
N0398,N0405,0.0118,short_chord
N0399,N0406,0.0015,short_chord
N0400,N0407,0.0052,short_chord
N0401,N0408,0.0089,short_chord
N0402,N0409,0.0126,short_chord
N0403,N0410,0.0023,short_chord
N0404,N0411,0.0060,short_chord
N0405,N0412,0.0097,short_chord
N0406,N0413,0.0134,short_chord
N0407,N0414,0.0031,short_chord
N0408,N0415,0.0068,short_chord
N0409,N0416,0.0105,short_chord
N0410,N0417,0.0002,short_chord
N0411,N0418,0.0039,short_chord
N0412,N0419,0.0076,short_chord
N0413,N0420,0.0113,short_chord
N0414,N0421,0.0010,short_chord
N0415,N0422,0.0047,short_chord
N0416,N0423,0.0084,short_chord
N0417,N0424,0.0121,short_chord
N0418,N0425,0.0018,short_chord
N0419,N0426,0.0055,short_chord
N0420,N0427,0.0092,short_chord
N0421,N0428,0.0129,short_chord
N0422,N0429,0.0026,short_chord
N0423,N0430,0.0063,short_chord
N0424,N0431,0.0100,short_chord
N0425,N0432,0.0137,short_chord
N0426,N0433,0.0034,short_chord
N0427,N0434,0.0071,short_chord
N0428,N0435,0.0108,short_chord
N0429,N0436,0.0005,short_chord
N0430,N0437,0.0042,short_chord
N0431,N0438,0.0079,short_chord
N0432,N0439,0.0116,short_chord
N0433,N0440,0.0013,short_chord
N0434,N0441,0.0050,short_chord
N0435,N0442,0.0087,short_chord
N0436,N0443,0.0124,short_chord
N0437,N0444,0.0021,short_chord
N0438,N0445,0.0058,short_chord
N0439,N0446,0.0095,short_chord
N0440,N0447,0.0132,short_chord
N0441,N0448,0.0029,short_chord
N0442,N0449,0.0066,short_chord
N0443,N0450,0.0103,short_chord
N0444,N0451,0.0140,short_chord
N0445,N0452,0.0037,short_chord
N0446,N0453,0.0074,short_chord
N0447,N0454,0.0111,short_chord
N0448,N0455,0.0008,short_chord
N0449,N0456,0.0045,short_chord
N0450,N0457,0.0082,short_chord
N0451,N0458,0.0119,short_chord
N0452,N0459,0.0016,short_chord
N0453,N0460,0.0053,short_chord
N0454,N0461,0.0090,short_chord
N0455,N0462,0.0127,short_chord
N0456,N0463,0.0024,short_chord
N0457,N0464,0.0061,short_chord
N0458,N0465,0.0098,short_chord
N0459,N0466,0.0135,short_chord
N0460,N0467,0.0032,short_chord
N0461,N0468,0.0069,short_chord
N0462,N0469,0.0106,short_chord
N0463,N0470,0.0003,short_chord
N0464,N0471,0.0040,short_chord
N0465,N0472,0.0077,short_chord
N0466,N0473,0.0114,short_chord
N0467,N0474,0.0011,short_chord
N0468,N0475,0.0048,short_chord
N0469,N0476,0.0085,short_chord
N0470,N0477,0.0122,short_chord
N0471,N0478,0.0019,short_chord
N0472,N0479,0.0056,short_chord
N0473,N0480,0.0093,short_chord
N0474,N0481,0.0130,short_chord
N0475,N0482,0.0027,short_chord
N0476,N0483,0.0064,short_chord
N0477,N0484,0.0101,short_chord
N0478,N0485,0.0138,short_chord
N0479,N0486,0.0035,short_chord
N0480,N0487,0.0072,short_chord
N0481,N0488,0.0109,short_chord
N0482,N0489,0.0006,short_chord
N0483,N0490,0.0043,short_chord
N0484,N0491,0.0080,short_chord
N0485,N0492,0.0117,short_chord
N0486,N0493,0.0014,short_chord
N0487,N0494,0.0051,short_chord
N0488,N0495,0.0088,short_chord
N0489,N0496,0.0125,short_chord
N0490,N0497,0.0022,short_chord
N0491,N0498,0.0059,short_chord
N0492,N0499,0.0096,short_chord
N0493,N0500,0.0133,short_chord
N0494,N0501,0.0030,short_chord
N0495,N0502,0.0067,short_chord
N0496,N0503,0.0104,short_chord
N0497,N0504,0.0001,short_chord
N0498,N0505,0.0038,short_chord
N0499,N0506,0.0075,short_chord
N0500,N0507,0.0112,short_chord
N0501,N0508,0.0009,short_chord
N0502,N0509,0.0046,short_chord
N0503,N0510,0.0083,short_chord
N0504,N0511,0.0120,short_chord
N0505,N0512,0.0017,short_chord
N0506,N0513,0.0054,short_chord
N0507,N0514,0.0091,short_chord
N0508,N0515,0.0128,short_chord
N0509,N0516,0.0025,short_chord
N0510,N0517,0.0062,short_chord
N0511,N0518,0.0099,short_chord
N0512,N0519,0.0136,short_chord
N0513,N0520,0.0033,short_chord
N0514,N0521,0.0070,short_chord
N0515,N0522,0.0107,short_chord
N0516,N0523,0.0004,short_chord
N0517,N0524,0.0041,short_chord
N0518,N0525,0.0078,short_chord
N0519,N0526,0.0115,short_chord
N0520,N0527,0.0012,short_chord
N0521,N0528,0.0049,short_chord
N0522,N0529,0.0086,short_chord
N0523,N0530,0.0123,short_chord
N0524,N0531,0.0020,short_chord
N0525,N0532,0.0057,short_chord
N0526,N0533,0.0094,short_chord
N0527,N0534,0.0131,short_chord
N0528,N0535,0.0028,short_chord
N0529,N0536,0.0065,short_chord
N0530,N0537,0.0102,short_chord
N0531,N0538,0.0139,short_chord
N0532,N0539,0.0036,short_chord
N0533,N0540,0.0073,short_chord
N0534,N0541,0.0110,short_chord
N0535,N0542,0.0007,short_chord
N0536,N0543,0.0044,short_chord
N0537,N0544,0.0081,short_chord
N0538,N0545,0.0118,short_chord
N0539,N0546,0.0015,short_chord
N0540,N0547,0.0052,short_chord
N0541,N0548,0.0089,short_chord
N0542,N0549,0.0126,short_chord
N0543,N0550,0.0023,short_chord
N0544,N0551,0.0060,short_chord
N0545,N0552,0.0097,short_chord
N0546,N0553,0.0134,short_chord
N0547,N0554,0.0031,short_chord
N0548,N0555,0.0068,short_chord
N0549,N0556,0.0105,short_chord
N0550,N0557,0.0002,short_chord
N0551,N0558,0.0039,short_chord
N0552,N0559,0.0076,short_chord
N0553,N0560,0.0113,short_chord
N0554,N0561,0.0010,short_chord
N0555,N0562,0.0047,short_chord
N0556,N0563,0.0084,short_chord
N0557,N0564,0.0121,short_chord
N0558,N0565,0.0018,short_chord
N0559,N0566,0.0055,short_chord
N0560,N0567,0.0092,short_chord
N0561,N0568,0.0129,short_chord
N0562,N0569,0.0026,short_chord
N0563,N0570,0.0063,short_chord
N0564,N0571,0.0100,short_chord
N0565,N0572,0.0137,short_chord
N0566,N0573,0.0034,short_chord
N0567,N0574,0.0071,short_chord
N0568,N0575,0.0108,short_chord
N0569,N0576,0.0005,short_chord
N0570,N0577,0.0042,short_chord
N0571,N0578,0.0079,short_chord
N0572,N0579,0.0116,short_chord
N0573,N0580,0.0013,short_chord
N0574,N0581,0.0050,short_chord
N0575,N0582,0.0087,short_chord
N0576,N0583,0.0124,short_chord
N0577,N0584,0.0021,short_chord
N0578,N0585,0.0058,short_chord
N0579,N0586,0.0095,short_chord
N0580,N0587,0.0132,short_chord
N0581,N0588,0.0029,short_chord
N0582,N0589,0.0066,short_chord
N0583,N0590,0.0103,short_chord
N0584,N0591,0.0140,short_chord
N0585,N0592,0.0037,short_chord
N0586,N0593,0.0074,short_chord
N0587,N0594,0.0111,short_chord
N0588,N0595,0.0008,short_chord
N0589,N0596,0.0045,short_chord
N0590,N0597,0.0082,short_chord
N0591,N0598,0.0119,short_chord
N0592,N0599,0.0016,short_chord
N0593,N0600,0.0053,short_chord
N0594,N0601,0.0090,short_chord
N0595,N0602,0.0127,short_chord
N0596,N0603,0.0024,short_chord
N0597,N0604,0.0061,short_chord
N0598,N0605,0.0098,short_chord
N0599,N0606,0.0135,short_chord
N0600,N0607,0.0032,short_chord
N0601,N0608,0.0069,short_chord
N0602,N0609,0.0106,short_chord
N0603,N0610,0.0003,short_chord
N0604,N0611,0.0040,short_chord
N0605,N0612,0.0077,short_chord
N0606,N0613,0.0114,short_chord
N0607,N0614,0.0011,short_chord
N0608,N0615,0.0048,short_chord
N0609,N0616,0.0085,short_chord
N0610,N0617,0.0122,short_chord
N0611,N0618,0.0019,short_chord
N0612,N0619,0.0056,short_chord
N0613,N0620,0.0093,short_chord
N0614,N0621,0.0130,short_chord
N0615,N0622,0.0027,short_chord
N0616,N0623,0.0064,short_chord
N0617,N0624,0.0101,short_chord
N0618,N0625,0.0138,short_chord
N0619,N0626,0.0035,short_chord
N0620,N0627,0.0072,short_chord
N0621,N0628,0.0109,short_chord
N0622,N0629,0.0006,short_chord
N0623,N0630,0.0043,short_chord
N0624,N0631,0.0080,short_chord
N0625,N0632,0.0117,short_chord
N0626,N0633,0.0014,short_chord
N0627,N0634,0.0051,short_chord
N0628,N0635,0.0088,short_chord
N0629,N0636,0.0125,short_chord
N0630,N0637,0.0022,short_chord
N0631,N0638,0.0059,short_chord
N0632,N0639,0.0096,short_chord
N0633,N0640,0.0133,short_chord
N0634,N0641,0.0030,short_chord
N0635,N0642,0.0067,short_chord
N0636,N0643,0.0104,short_chord
N0637,N0644,0.0001,short_chord
N0638,N0645,0.0038,short_chord
N0639,N0646,0.0075,short_chord
N0640,N0647,0.0112,short_chord
N0641,N0648,0.0009,short_chord
N0642,N0649,0.0046,short_chord
N0643,N0650,0.0083,short_chord
N0644,N0651,0.0120,short_chord
N0645,N0652,0.0017,short_chord
N0646,N0653,0.0054,short_chord
N0647,N0654,0.0091,short_chord
N0648,N0655,0.0128,short_chord
N0649,N0656,0.0025,short_chord
N0650,N0657,0.0062,short_chord
N0651,N0658,0.0099,short_chord
N0652,N0659,0.0136,short_chord
N0653,N0660,0.0033,short_chord
N0654,N0661,0.0070,short_chord
N0655,N0662,0.0107,short_chord
N0656,N0663,0.0004,short_chord
N0657,N0664,0.0041,short_chord
N0658,N0665,0.0078,short_chord
N0659,N0666,0.0115,short_chord
N0660,N0667,0.0012,short_chord
N0661,N0668,0.0049,short_chord
N0662,N0669,0.0086,short_chord
N0663,N0670,0.0123,short_chord
N0664,N0671,0.0020,short_chord
N0665,N0672,0.0057,short_chord
N0666,N0673,0.0094,short_chord
N0667,N0674,0.0131,short_chord
N0668,N0675,0.0028,short_chord
N0669,N0676,0.0065,short_chord
N0670,N0677,0.0102,short_chord
N0671,N0678,0.0139,short_chord
N0672,N0679,0.0036,short_chord
N0673,N0680,0.0073,short_chord
N0674,N0681,0.0110,short_chord
N0675,N0682,0.0007,short_chord
N0676,N0683,0.0044,short_chord
N0677,N0684,0.0081,short_chord
N0678,N0685,0.0118,short_chord
N0679,N0686,0.0015,short_chord
N0680,N0687,0.0052,short_chord
N0681,N0688,0.0089,short_chord
N0682,N0689,0.0126,short_chord
N0683,N0690,0.0023,short_chord
N0684,N0691,0.0060,short_chord
N0685,N0692,0.0097,short_chord
N0686,N0693,0.0134,short_chord
N0687,N0694,0.0031,short_chord
N0688,N0695,0.0068,short_chord
N0689,N0696,0.0105,short_chord
N0690,N0697,0.0002,short_chord
N0691,N0698,0.0039,short_chord
N0692,N0699,0.0076,short_chord
N0693,N0700,0.0113,short_chord
N0694,N0701,0.0010,short_chord
N0695,N0702,0.0047,short_chord
N0696,N0703,0.0084,short_chord
N0697,N0704,0.0121,short_chord
N0698,N0705,0.0018,short_chord
N0699,N0706,0.0055,short_chord
N0700,N0707,0.0092,short_chord
N0701,N0708,0.0129,short_chord
N0702,N0709,0.0026,short_chord
N0703,N0710,0.0063,short_chord
N0704,N0711,0.0100,short_chord
N0705,N0712,0.0137,short_chord
N0706,N0713,0.0034,short_chord
N0707,N0714,0.0071,short_chord
N0708,N0715,0.0108,short_chord
N0709,N0716,0.0005,short_chord
N0710,N0717,0.0042,short_chord
N0711,N0718,0.0079,short_chord
N0712,N0719,0.0116,short_chord
N0713,N0720,0.0013,short_chord
N0714,N0721,0.0050,short_chord
N0715,N0722,0.0087,short_chord
N0716,N0723,0.0124,short_chord
N0717,N0724,0.0021,short_chord
N0718,N0725,0.0058,short_chord
N0719,N0726,0.0095,short_chord
N0720,N0727,0.0132,short_chord
N0721,N0728,0.0029,short_chord
N0722,N0729,0.0066,short_chord
N0723,N0730,0.0103,short_chord
N0724,N0731,0.0140,short_chord
N0725,N0732,0.0037,short_chord
N0726,N0733,0.0074,short_chord
N0727,N0734,0.0111,short_chord
N0728,N0735,0.0008,short_chord
N0729,N0736,0.0045,short_chord
N0730,N0737,0.0082,short_chord
N0731,N0738,0.0119,short_chord
N0732,N0739,0.0016,short_chord
N0733,N0740,0.0053,short_chord
N0734,N0741,0.0090,short_chord
N0735,N0742,0.0127,short_chord
N0736,N0743,0.0024,short_chord
N0737,N0744,0.0061,short_chord
N0738,N0745,0.0098,short_chord
N0739,N0746,0.0135,short_chord
N0740,N0747,0.0032,short_chord
N0741,N0748,0.0069,short_chord
N0742,N0749,0.0106,short_chord
N0743,N0750,0.0003,short_chord
N0744,N0751,0.0040,short_chord
N0745,N0752,0.0077,short_chord
N0746,N0753,0.0114,short_chord
N0747,N0754,0.0011,short_chord
N0748,N0755,0.0048,short_chord
N0749,N0756,0.0085,short_chord
N0750,N0757,0.0122,short_chord
N0751,N0758,0.0019,short_chord
N0752,N0759,0.0056,short_chord
N0753,N0760,0.0093,short_chord
N0754,N0761,0.0130,short_chord
N0755,N0762,0.0027,short_chord
N0756,N0763,0.0064,short_chord
N0757,N0764,0.0101,short_chord
N0758,N0765,0.0138,short_chord
N0759,N0766,0.0035,short_chord
N0760,N0767,0.0072,short_chord
N0761,N0768,0.0109,short_chord
N0762,N0769,0.0006,short_chord
N0763,N0770,0.0043,short_chord
N0764,N0771,0.0080,short_chord
N0765,N0772,0.0117,short_chord
N0766,N0773,0.0014,short_chord
N0767,N0774,0.0051,short_chord
N0768,N0775,0.0088,short_chord
N0769,N0776,0.0125,short_chord
N0770,N0777,0.0022,short_chord
N0771,N0778,0.0059,short_chord
N0772,N0779,0.0096,short_chord
N0773,N0780,0.0133,short_chord
N0774,N0781,0.0030,short_chord
N0775,N0782,0.0067,short_chord
N0776,N0783,0.0104,short_chord
N0777,N0784,0.0001,short_chord
N0778,N0785,0.0038,short_chord
N0779,N0786,0.0075,short_chord
N0780,N0787,0.0112,short_chord
N0781,N0788,0.0009,short_chord
N0782,N0789,0.0046,short_chord
N0783,N0790,0.0083,short_chord
N0784,N0791,0.0120,short_chord
N0785,N0792,0.0017,short_chord
N0786,N0793,0.0054,short_chord
N0787,N0794,0.0091,short_chord
N0788,N0795,0.0128,short_chord
N0789,N0796,0.0025,short_chord
N0790,N0797,0.0062,short_chord
N0791,N0798,0.0099,short_chord
N0792,N0799,0.0136,short_chord
N0793,N0800,0.0033,short_chord
N0794,N0801,0.0070,short_chord
N0795,N0802,0.0107,short_chord
N0796,N0803,0.0004,short_chord
N0797,N0804,0.0041,short_chord
N0798,N0805,0.0078,short_chord
N0799,N0806,0.0115,short_chord
N0800,N0807,0.0012,short_chord
N0801,N0808,0.0049,short_chord
N0802,N0809,0.0086,short_chord
N0803,N0810,0.0123,short_chord
N0804,N0811,0.0020,short_chord
N0805,N0812,0.0057,short_chord
N0806,N0813,0.0094,short_chord
N0807,N0814,0.0131,short_chord
N0808,N0815,0.0028,short_chord
N0809,N0816,0.0065,short_chord
N0810,N0817,0.0102,short_chord
N0811,N0818,0.0139,short_chord
N0812,N0819,0.0036,short_chord
N0813,N0820,0.0073,short_chord
N0814,N0821,0.0110,short_chord
N0815,N0822,0.0007,short_chord
N0816,N0823,0.0044,short_chord
N0817,N0824,0.0081,short_chord
N0818,N0825,0.0118,short_chord
N0819,N0826,0.0015,short_chord
N0820,N0827,0.0052,short_chord
N0821,N0828,0.0089,short_chord
N0822,N0829,0.0126,short_chord
N0823,N0830,0.0023,short_chord
N0824,N0831,0.0060,short_chord
N0825,N0832,0.0097,short_chord
N0826,N0833,0.0134,short_chord
N0827,N0834,0.0031,short_chord
N0828,N0835,0.0068,short_chord
N0829,N0836,0.0105,short_chord
N0830,N0837,0.0002,short_chord
N0831,N0838,0.0039,short_chord
N0832,N0839,0.0076,short_chord
N0833,N0840,0.0113,short_chord
N0834,N0841,0.0010,short_chord
N0835,N0842,0.0047,short_chord
N0836,N0843,0.0084,short_chord
N0837,N0844,0.0121,short_chord
N0838,N0845,0.0018,short_chord
N0839,N0846,0.0055,short_chord
N0840,N0847,0.0092,short_chord
N0841,N0848,0.0129,short_chord
N0842,N0849,0.0026,short_chord
N0843,N0850,0.0063,short_chord
N0844,N0851,0.0100,short_chord
N0845,N0852,0.0137,short_chord
N0846,N0853,0.0034,short_chord
N0847,N0854,0.0071,short_chord
N0848,N0855,0.0108,short_chord
N0849,N0856,0.0005,short_chord
N0850,N0857,0.0042,short_chord
N0851,N0858,0.0079,short_chord
N0852,N0859,0.0116,short_chord
N0853,N0860,0.0013,short_chord
N0854,N0861,0.0050,short_chord
N0855,N0862,0.0087,short_chord
N0856,N0863,0.0124,short_chord
N0857,N0864,0.0021,short_chord
N0858,N0865,0.0058,short_chord
N0859,N0866,0.0095,short_chord
N0860,N0867,0.0132,short_chord
N0861,N0868,0.0029,short_chord
N0862,N0869,0.0066,short_chord
N0863,N0870,0.0103,short_chord
N0864,N0871,0.0140,short_chord
N0865,N0872,0.0037,short_chord
N0866,N0873,0.0074,short_chord
N0867,N0874,0.0111,short_chord
N0868,N0875,0.0008,short_chord
N0869,N0876,0.0045,short_chord
N0870,N0877,0.0082,short_chord
N0871,N0878,0.0119,short_chord
N0872,N0879,0.0016,short_chord
N0873,N0880,0.0053,short_chord
N0874,N0881,0.0090,short_chord
N0875,N0882,0.0127,short_chord
N0876,N0883,0.0024,short_chord
N0877,N0884,0.0061,short_chord
N0878,N0885,0.0098,short_chord
N0879,N0886,0.0135,short_chord
N0880,N0887,0.0032,short_chord
N0881,N0888,0.0069,short_chord
N0882,N0889,0.0106,short_chord
N0883,N0890,0.0003,short_chord
N0884,N0891,0.0040,short_chord
N0885,N0892,0.0077,short_chord
N0886,N0893,0.0114,short_chord
N0887,N0894,0.0011,short_chord
N0888,N0895,0.0048,short_chord
N0889,N0896,0.0085,short_chord
N0890,N0897,0.0122,short_chord
N0891,N0898,0.0019,short_chord
N0892,N0899,0.0056,short_chord
N0893,N0900,0.0093,short_chord
N0894,N0901,0.0130,short_chord
N0895,N0902,0.0027,short_chord
N0896,N0903,0.0064,short_chord
N0897,N0904,0.0101,short_chord
N0898,N0905,0.0138,short_chord
N0899,N0906,0.0035,short_chord
N0900,N0907,0.0072,short_chord
N0901,N0908,0.0109,short_chord
N0902,N0909,0.0006,short_chord
N0903,N0910,0.0043,short_chord
N0904,N0911,0.0080,short_chord
N0905,N0912,0.0117,short_chord
N0906,N0913,0.0014,short_chord
N0907,N0914,0.0051,short_chord
N0908,N0915,0.0088,short_chord
N0909,N0916,0.0125,short_chord
N0910,N0917,0.0022,short_chord
N0911,N0918,0.0059,short_chord
N0912,N0919,0.0096,short_chord
N0913,N0920,0.0133,short_chord
N0914,N0921,0.0030,short_chord
N0915,N0922,0.0067,short_chord
N0916,N0923,0.0104,short_chord
N0917,N0924,0.0001,short_chord
N0918,N0925,0.0038,short_chord
N0919,N0926,0.0075,short_chord
N0920,N0927,0.0112,short_chord
N0921,N0928,0.0009,short_chord
N0922,N0929,0.0046,short_chord
N0923,N0930,0.0083,short_chord
N0924,N0931,0.0120,short_chord
N0925,N0932,0.0017,short_chord
N0926,N0933,0.0054,short_chord
N0927,N0934,0.0091,short_chord
N0928,N0935,0.0128,short_chord
N0929,N0936,0.0025,short_chord
N0930,N0937,0.0062,short_chord
N0931,N0938,0.0099,short_chord
N0932,N0939,0.0136,short_chord
N0933,N0940,0.0033,short_chord
N0934,N0941,0.0070,short_chord
N0935,N0942,0.0107,short_chord
N0936,N0943,0.0004,short_chord
N0937,N0944,0.0041,short_chord
N0938,N0945,0.0078,short_chord
N0939,N0946,0.0115,short_chord
N0940,N0947,0.0012,short_chord
N0941,N0948,0.0049,short_chord
N0942,N0949,0.0086,short_chord
N0943,N0950,0.0123,short_chord
N0944,N0951,0.0020,short_chord
N0945,N0952,0.0057,short_chord
N0946,N0953,0.0094,short_chord
N0947,N0954,0.0131,short_chord
N0948,N0955,0.0028,short_chord
N0949,N0956,0.0065,short_chord
N0950,N0957,0.0102,short_chord
N0951,N0958,0.0139,short_chord
N0952,N0959,0.0036,short_chord
N0953,N0960,0.0073,short_chord
N0954,N0961,0.0110,short_chord
N0955,N0962,0.0007,short_chord
N0956,N0963,0.0044,short_chord
N0957,N0964,0.0081,short_chord
N0958,N0965,0.0118,short_chord
N0959,N0966,0.0015,short_chord
N0960,N0967,0.0052,short_chord
N0961,N0968,0.0089,short_chord
N0962,N0969,0.0126,short_chord
N0963,N0970,0.0023,short_chord
N0964,N0971,0.0060,short_chord
N0965,N0972,0.0097,short_chord
N0966,N0973,0.0134,short_chord
N0967,N0974,0.0031,short_chord
N0968,N0975,0.0068,short_chord
N0969,N0976,0.0105,short_chord
N0970,N0977,0.0002,short_chord
N0971,N0978,0.0039,short_chord
N0972,N0979,0.0076,short_chord
N0973,N0980,0.0113,short_chord
N0974,N0981,0.0010,short_chord
N0975,N0982,0.0047,short_chord
N0976,N0983,0.0084,short_chord
N0977,N0984,0.0121,short_chord
N0978,N0985,0.0018,short_chord
N0979,N0986,0.0055,short_chord
N0980,N0987,0.0092,short_chord
N0981,N0988,0.0129,short_chord
N0982,N0989,0.0026,short_chord
N0983,N0990,0.0063,short_chord
N0984,N0991,0.0100,short_chord
N0985,N0992,0.0137,short_chord
N0986,N0993,0.0034,short_chord
N0987,N0994,0.0071,short_chord
N0988,N0995,0.0108,short_chord
N0989,N0996,0.0005,short_chord
N0990,N0997,0.0042,short_chord
N0991,N0998,0.0079,short_chord
N0992,N0999,0.0116,short_chord
N0993,N1000,0.0013,short_chord
N0994,N0001,0.0050,short_chord
N0995,N0002,0.0087,short_chord
N0996,N0003,0.0124,short_chord
N0997,N0004,0.0021,short_chord
N0998,N0005,0.0058,short_chord
N0999,N0006,0.0095,short_chord
N1000,N0007,0.0132,short_chord
N0001,N0020,0.0005,medium_chord
N0002,N0021,0.0042,medium_chord
N0003,N0022,0.0079,medium_chord
N0004,N0023,0.0116,medium_chord
N0005,N0024,0.0013,medium_chord
N0006,N0025,0.0050,medium_chord
N0007,N0026,0.0087,medium_chord
N0008,N0027,0.0124,medium_chord
N0009,N0028,0.0021,medium_chord
N0010,N0029,0.0058,medium_chord
N0011,N0030,0.0095,medium_chord
N0012,N0031,0.0132,medium_chord
N0013,N0032,0.0029,medium_chord
N0014,N0033,0.0066,medium_chord
N0015,N0034,0.0103,medium_chord
N0016,N0035,0.0140,medium_chord
N0017,N0036,0.0037,medium_chord
N0018,N0037,0.0074,medium_chord
N0019,N0038,0.0111,medium_chord
N0020,N0039,0.0008,medium_chord
N0021,N0040,0.0045,medium_chord
N0022,N0041,0.0082,medium_chord
N0023,N0042,0.0119,medium_chord
N0024,N0043,0.0016,medium_chord
N0025,N0044,0.0053,medium_chord
N0026,N0045,0.0090,medium_chord
N0027,N0046,0.0127,medium_chord
N0028,N0047,0.0024,medium_chord
N0029,N0048,0.0061,medium_chord
N0030,N0049,0.0098,medium_chord
N0031,N0050,0.0135,medium_chord
N0032,N0051,0.0032,medium_chord
N0033,N0052,0.0069,medium_chord
N0034,N0053,0.0106,medium_chord
N0035,N0054,0.0003,medium_chord
N0036,N0055,0.0040,medium_chord
N0037,N0056,0.0077,medium_chord
N0038,N0057,0.0114,medium_chord
N0039,N0058,0.0011,medium_chord
N0040,N0059,0.0048,medium_chord
N0041,N0060,0.0085,medium_chord
N0042,N0061,0.0122,medium_chord
N0043,N0062,0.0019,medium_chord
N0044,N0063,0.0056,medium_chord
N0045,N0064,0.0093,medium_chord
N0046,N0065,0.0130,medium_chord
N0047,N0066,0.0027,medium_chord
N0048,N0067,0.0064,medium_chord
N0049,N0068,0.0101,medium_chord
N0050,N0069,0.0138,medium_chord
N0051,N0070,0.0035,medium_chord
N0052,N0071,0.0072,medium_chord
N0053,N0072,0.0109,medium_chord
N0054,N0073,0.0006,medium_chord
N0055,N0074,0.0043,medium_chord
N0056,N0075,0.0080,medium_chord
N0057,N0076,0.0117,medium_chord
N0058,N0077,0.0014,medium_chord
N0059,N0078,0.0051,medium_chord
N0060,N0079,0.0088,medium_chord
N0061,N0080,0.0125,medium_chord
N0062,N0081,0.0022,medium_chord
N0063,N0082,0.0059,medium_chord
N0064,N0083,0.0096,medium_chord
N0065,N0084,0.0133,medium_chord
N0066,N0085,0.0030,medium_chord
N0067,N0086,0.0067,medium_chord
N0068,N0087,0.0104,medium_chord
N0069,N0088,0.0001,medium_chord
N0070,N0089,0.0038,medium_chord
N0071,N0090,0.0075,medium_chord
N0072,N0091,0.0112,medium_chord
N0073,N0092,0.0009,medium_chord
N0074,N0093,0.0046,medium_chord
N0075,N0094,0.0083,medium_chord
N0076,N0095,0.0120,medium_chord
N0077,N0096,0.0017,medium_chord
N0078,N0097,0.0054,medium_chord
N0079,N0098,0.0091,medium_chord
N0080,N0099,0.0128,medium_chord
N0081,N0100,0.0025,medium_chord
N0082,N0101,0.0062,medium_chord
N0083,N0102,0.0099,medium_chord
N0084,N0103,0.0136,medium_chord
N0085,N0104,0.0033,medium_chord
N0086,N0105,0.0070,medium_chord
N0087,N0106,0.0107,medium_chord
N0088,N0107,0.0004,medium_chord
N0089,N0108,0.0041,medium_chord
N0090,N0109,0.0078,medium_chord
N0091,N0110,0.0115,medium_chord
N0092,N0111,0.0012,medium_chord
N0093,N0112,0.0049,medium_chord
N0094,N0113,0.0086,medium_chord
N0095,N0114,0.0123,medium_chord
N0096,N0115,0.0020,medium_chord
N0097,N0116,0.0057,medium_chord
N0098,N0117,0.0094,medium_chord
N0099,N0118,0.0131,medium_chord
N0100,N0119,0.0028,medium_chord
N0101,N0120,0.0065,medium_chord
N0102,N0121,0.0102,medium_chord
N0103,N0122,0.0139,medium_chord
N0104,N0123,0.0036,medium_chord
N0105,N0124,0.0073,medium_chord
N0106,N0125,0.0110,medium_chord
N0107,N0126,0.0007,medium_chord
N0108,N0127,0.0044,medium_chord
N0109,N0128,0.0081,medium_chord
N0110,N0129,0.0118,medium_chord
N0111,N0130,0.0015,medium_chord
N0112,N0131,0.0052,medium_chord
N0113,N0132,0.0089,medium_chord
N0114,N0133,0.0126,medium_chord
N0115,N0134,0.0023,medium_chord
N0116,N0135,0.0060,medium_chord
N0117,N0136,0.0097,medium_chord
N0118,N0137,0.0134,medium_chord
N0119,N0138,0.0031,medium_chord
N0120,N0139,0.0068,medium_chord
N0121,N0140,0.0105,medium_chord
N0122,N0141,0.0002,medium_chord
N0123,N0142,0.0039,medium_chord
N0124,N0143,0.0076,medium_chord
N0125,N0144,0.0113,medium_chord
N0126,N0145,0.0010,medium_chord
N0127,N0146,0.0047,medium_chord
N0128,N0147,0.0084,medium_chord
N0129,N0148,0.0121,medium_chord
N0130,N0149,0.0018,medium_chord
N0131,N0150,0.0055,medium_chord
N0132,N0151,0.0092,medium_chord
N0133,N0152,0.0129,medium_chord
N0134,N0153,0.0026,medium_chord
N0135,N0154,0.0063,medium_chord
N0136,N0155,0.0100,medium_chord
N0137,N0156,0.0137,medium_chord
N0138,N0157,0.0034,medium_chord
N0139,N0158,0.0071,medium_chord
N0140,N0159,0.0108,medium_chord
N0141,N0160,0.0005,medium_chord
N0142,N0161,0.0042,medium_chord
N0143,N0162,0.0079,medium_chord
N0144,N0163,0.0116,medium_chord
N0145,N0164,0.0013,medium_chord
N0146,N0165,0.0050,medium_chord
N0147,N0166,0.0087,medium_chord
N0148,N0167,0.0124,medium_chord
N0149,N0168,0.0021,medium_chord
N0150,N0169,0.0058,medium_chord
N0151,N0170,0.0095,medium_chord
N0152,N0171,0.0132,medium_chord
N0153,N0172,0.0029,medium_chord
N0154,N0173,0.0066,medium_chord
N0155,N0174,0.0103,medium_chord
N0156,N0175,0.0140,medium_chord
N0157,N0176,0.0037,medium_chord
N0158,N0177,0.0074,medium_chord
N0159,N0178,0.0111,medium_chord
N0160,N0179,0.0008,medium_chord
N0161,N0180,0.0045,medium_chord
N0162,N0181,0.0082,medium_chord
N0163,N0182,0.0119,medium_chord
N0164,N0183,0.0016,medium_chord
N0165,N0184,0.0053,medium_chord
N0166,N0185,0.0090,medium_chord
N0167,N0186,0.0127,medium_chord
N0168,N0187,0.0024,medium_chord
N0169,N0188,0.0061,medium_chord
N0170,N0189,0.0098,medium_chord
N0171,N0190,0.0135,medium_chord
N0172,N0191,0.0032,medium_chord
N0173,N0192,0.0069,medium_chord
N0174,N0193,0.0106,medium_chord
N0175,N0194,0.0003,medium_chord
N0176,N0195,0.0040,medium_chord
N0177,N0196,0.0077,medium_chord
N0178,N0197,0.0114,medium_chord
N0179,N0198,0.0011,medium_chord
N0180,N0199,0.0048,medium_chord
N0181,N0200,0.0085,medium_chord
N0182,N0201,0.0122,medium_chord
N0183,N0202,0.0019,medium_chord
N0184,N0203,0.0056,medium_chord
N0185,N0204,0.0093,medium_chord
N0186,N0205,0.0130,medium_chord
N0187,N0206,0.0027,medium_chord
N0188,N0207,0.0064,medium_chord
N0189,N0208,0.0101,medium_chord
N0190,N0209,0.0138,medium_chord
N0191,N0210,0.0035,medium_chord
N0192,N0211,0.0072,medium_chord
N0193,N0212,0.0109,medium_chord
N0194,N0213,0.0006,medium_chord
N0195,N0214,0.0043,medium_chord
N0196,N0215,0.0080,medium_chord
N0197,N0216,0.0117,medium_chord
N0198,N0217,0.0014,medium_chord
N0199,N0218,0.0051,medium_chord
N0200,N0219,0.0088,medium_chord
N0201,N0220,0.0125,medium_chord
N0202,N0221,0.0022,medium_chord
N0203,N0222,0.0059,medium_chord
N0204,N0223,0.0096,medium_chord
N0205,N0224,0.0133,medium_chord
N0206,N0225,0.0030,medium_chord
N0207,N0226,0.0067,medium_chord
N0208,N0227,0.0104,medium_chord
N0209,N0228,0.0001,medium_chord
N0210,N0229,0.0038,medium_chord
N0211,N0230,0.0075,medium_chord
N0212,N0231,0.0112,medium_chord
N0213,N0232,0.0009,medium_chord
N0214,N0233,0.0046,medium_chord
N0215,N0234,0.0083,medium_chord
N0216,N0235,0.0120,medium_chord
N0217,N0236,0.0017,medium_chord
N0218,N0237,0.0054,medium_chord
N0219,N0238,0.0091,medium_chord
N0220,N0239,0.0128,medium_chord
N0221,N0240,0.0025,medium_chord
N0222,N0241,0.0062,medium_chord
N0223,N0242,0.0099,medium_chord
N0224,N0243,0.0136,medium_chord
N0225,N0244,0.0033,medium_chord
N0226,N0245,0.0070,medium_chord
N0227,N0246,0.0107,medium_chord
N0228,N0247,0.0004,medium_chord
N0229,N0248,0.0041,medium_chord
N0230,N0249,0.0078,medium_chord
N0231,N0250,0.0115,medium_chord
N0232,N0251,0.0012,medium_chord
N0233,N0252,0.0049,medium_chord
N0234,N0253,0.0086,medium_chord
N0235,N0254,0.0123,medium_chord
N0236,N0255,0.0020,medium_chord
N0237,N0256,0.0057,medium_chord
N0238,N0257,0.0094,medium_chord
N0239,N0258,0.0131,medium_chord
N0240,N0259,0.0028,medium_chord
N0241,N0260,0.0065,medium_chord
N0242,N0261,0.0102,medium_chord
N0243,N0262,0.0139,medium_chord
N0244,N0263,0.0036,medium_chord
N0245,N0264,0.0073,medium_chord
N0246,N0265,0.0110,medium_chord
N0247,N0266,0.0007,medium_chord
N0248,N0267,0.0044,medium_chord
N0249,N0268,0.0081,medium_chord
N0250,N0269,0.0118,medium_chord
N0251,N0270,0.0015,medium_chord
N0252,N0271,0.0052,medium_chord
N0253,N0272,0.0089,medium_chord
N0254,N0273,0.0126,medium_chord
N0255,N0274,0.0023,medium_chord
N0256,N0275,0.0060,medium_chord
N0257,N0276,0.0097,medium_chord
N0258,N0277,0.0134,medium_chord
N0259,N0278,0.0031,medium_chord
N0260,N0279,0.0068,medium_chord
N0261,N0280,0.0105,medium_chord
N0262,N0281,0.0002,medium_chord
N0263,N0282,0.0039,medium_chord
N0264,N0283,0.0076,medium_chord
N0265,N0284,0.0113,medium_chord
N0266,N0285,0.0010,medium_chord
N0267,N0286,0.0047,medium_chord
N0268,N0287,0.0084,medium_chord
N0269,N0288,0.0121,medium_chord
N0270,N0289,0.0018,medium_chord
N0271,N0290,0.0055,medium_chord
N0272,N0291,0.0092,medium_chord
N0273,N0292,0.0129,medium_chord
N0274,N0293,0.0026,medium_chord
N0275,N0294,0.0063,medium_chord
N0276,N0295,0.0100,medium_chord
N0277,N0296,0.0137,medium_chord
N0278,N0297,0.0034,medium_chord
N0279,N0298,0.0071,medium_chord
N0280,N0299,0.0108,medium_chord
N0281,N0300,0.0005,medium_chord
N0282,N0301,0.0042,medium_chord
N0283,N0302,0.0079,medium_chord
N0284,N0303,0.0116,medium_chord
N0285,N0304,0.0013,medium_chord
N0286,N0305,0.0050,medium_chord
N0287,N0306,0.0087,medium_chord
N0288,N0307,0.0124,medium_chord
N0289,N0308,0.0021,medium_chord
N0290,N0309,0.0058,medium_chord
N0291,N0310,0.0095,medium_chord
N0292,N0311,0.0132,medium_chord
N0293,N0312,0.0029,medium_chord
N0294,N0313,0.0066,medium_chord
N0295,N0314,0.0103,medium_chord
N0296,N0315,0.0140,medium_chord
N0297,N0316,0.0037,medium_chord
N0298,N0317,0.0074,medium_chord
N0299,N0318,0.0111,medium_chord
N0300,N0319,0.0008,medium_chord
N0301,N0320,0.0045,medium_chord
N0302,N0321,0.0082,medium_chord
N0303,N0322,0.0119,medium_chord
N0304,N0323,0.0016,medium_chord
N0305,N0324,0.0053,medium_chord
N0306,N0325,0.0090,medium_chord
N0307,N0326,0.0127,medium_chord
N0308,N0327,0.0024,medium_chord
N0309,N0328,0.0061,medium_chord
N0310,N0329,0.0098,medium_chord
N0311,N0330,0.0135,medium_chord
N0312,N0331,0.0032,medium_chord
N0313,N0332,0.0069,medium_chord
N0314,N0333,0.0106,medium_chord
N0315,N0334,0.0003,medium_chord
N0316,N0335,0.0040,medium_chord
N0317,N0336,0.0077,medium_chord
N0318,N0337,0.0114,medium_chord
N0319,N0338,0.0011,medium_chord
N0320,N0339,0.0048,medium_chord
N0321,N0340,0.0085,medium_chord
N0322,N0341,0.0122,medium_chord
N0323,N0342,0.0019,medium_chord
N0324,N0343,0.0056,medium_chord
N0325,N0344,0.0093,medium_chord
N0326,N0345,0.0130,medium_chord
N0327,N0346,0.0027,medium_chord
N0328,N0347,0.0064,medium_chord
N0329,N0348,0.0101,medium_chord
N0330,N0349,0.0138,medium_chord
N0331,N0350,0.0035,medium_chord
N0332,N0351,0.0072,medium_chord
N0333,N0352,0.0109,medium_chord
N0334,N0353,0.0006,medium_chord
N0335,N0354,0.0043,medium_chord
N0336,N0355,0.0080,medium_chord
N0337,N0356,0.0117,medium_chord
N0338,N0357,0.0014,medium_chord
N0339,N0358,0.0051,medium_chord
N0340,N0359,0.0088,medium_chord
N0341,N0360,0.0125,medium_chord
N0342,N0361,0.0022,medium_chord
N0343,N0362,0.0059,medium_chord
N0344,N0363,0.0096,medium_chord
N0345,N0364,0.0133,medium_chord
N0346,N0365,0.0030,medium_chord
N0347,N0366,0.0067,medium_chord
N0348,N0367,0.0104,medium_chord
N0349,N0368,0.0001,medium_chord
N0350,N0369,0.0038,medium_chord
N0351,N0370,0.0075,medium_chord
N0352,N0371,0.0112,medium_chord
N0353,N0372,0.0009,medium_chord
N0354,N0373,0.0046,medium_chord
N0355,N0374,0.0083,medium_chord
N0356,N0375,0.0120,medium_chord
N0357,N0376,0.0017,medium_chord
N0358,N0377,0.0054,medium_chord
N0359,N0378,0.0091,medium_chord
N0360,N0379,0.0128,medium_chord
N0361,N0380,0.0025,medium_chord
N0362,N0381,0.0062,medium_chord
N0363,N0382,0.0099,medium_chord
N0364,N0383,0.0136,medium_chord
N0365,N0384,0.0033,medium_chord
N0366,N0385,0.0070,medium_chord
N0367,N0386,0.0107,medium_chord
N0368,N0387,0.0004,medium_chord
N0369,N0388,0.0041,medium_chord
N0370,N0389,0.0078,medium_chord
N0371,N0390,0.0115,medium_chord
N0372,N0391,0.0012,medium_chord
N0373,N0392,0.0049,medium_chord
N0374,N0393,0.0086,medium_chord
N0375,N0394,0.0123,medium_chord
N0376,N0395,0.0020,medium_chord
N0377,N0396,0.0057,medium_chord
N0378,N0397,0.0094,medium_chord
N0379,N0398,0.0131,medium_chord
N0380,N0399,0.0028,medium_chord
N0381,N0400,0.0065,medium_chord
N0382,N0401,0.0102,medium_chord
N0383,N0402,0.0139,medium_chord
N0384,N0403,0.0036,medium_chord
N0385,N0404,0.0073,medium_chord
N0386,N0405,0.0110,medium_chord
N0387,N0406,0.0007,medium_chord
N0388,N0407,0.0044,medium_chord
N0389,N0408,0.0081,medium_chord
N0390,N0409,0.0118,medium_chord
N0391,N0410,0.0015,medium_chord
N0392,N0411,0.0052,medium_chord
N0393,N0412,0.0089,medium_chord
N0394,N0413,0.0126,medium_chord
N0395,N0414,0.0023,medium_chord
N0396,N0415,0.0060,medium_chord
N0397,N0416,0.0097,medium_chord
N0398,N0417,0.0134,medium_chord
N0399,N0418,0.0031,medium_chord
N0400,N0419,0.0068,medium_chord
N0401,N0420,0.0105,medium_chord
N0402,N0421,0.0002,medium_chord
N0403,N0422,0.0039,medium_chord
N0404,N0423,0.0076,medium_chord
N0405,N0424,0.0113,medium_chord
N0406,N0425,0.0010,medium_chord
N0407,N0426,0.0047,medium_chord
N0408,N0427,0.0084,medium_chord
N0409,N0428,0.0121,medium_chord
N0410,N0429,0.0018,medium_chord
N0411,N0430,0.0055,medium_chord
N0412,N0431,0.0092,medium_chord
N0413,N0432,0.0129,medium_chord
N0414,N0433,0.0026,medium_chord
N0415,N0434,0.0063,medium_chord
N0416,N0435,0.0100,medium_chord
N0417,N0436,0.0137,medium_chord
N0418,N0437,0.0034,medium_chord
N0419,N0438,0.0071,medium_chord
N0420,N0439,0.0108,medium_chord
N0421,N0440,0.0005,medium_chord
N0422,N0441,0.0042,medium_chord
N0423,N0442,0.0079,medium_chord
N0424,N0443,0.0116,medium_chord
N0425,N0444,0.0013,medium_chord
N0426,N0445,0.0050,medium_chord
N0427,N0446,0.0087,medium_chord
N0428,N0447,0.0124,medium_chord
N0429,N0448,0.0021,medium_chord
N0430,N0449,0.0058,medium_chord
N0431,N0450,0.0095,medium_chord
N0432,N0451,0.0132,medium_chord
N0433,N0452,0.0029,medium_chord
N0434,N0453,0.0066,medium_chord
N0435,N0454,0.0103,medium_chord
N0436,N0455,0.0140,medium_chord
N0437,N0456,0.0037,medium_chord
N0438,N0457,0.0074,medium_chord
N0439,N0458,0.0111,medium_chord
N0440,N0459,0.0008,medium_chord
N0441,N0460,0.0045,medium_chord
N0442,N0461,0.0082,medium_chord
N0443,N0462,0.0119,medium_chord
N0444,N0463,0.0016,medium_chord
N0445,N0464,0.0053,medium_chord
N0446,N0465,0.0090,medium_chord
N0447,N0466,0.0127,medium_chord
N0448,N0467,0.0024,medium_chord
N0449,N0468,0.0061,medium_chord
N0450,N0469,0.0098,medium_chord
N0451,N0470,0.0135,medium_chord
N0452,N0471,0.0032,medium_chord
N0453,N0472,0.0069,medium_chord
N0454,N0473,0.0106,medium_chord
N0455,N0474,0.0003,medium_chord
N0456,N0475,0.0040,medium_chord
N0457,N0476,0.0077,medium_chord
N0458,N0477,0.0114,medium_chord
N0459,N0478,0.0011,medium_chord
N0460,N0479,0.0048,medium_chord
N0461,N0480,0.0085,medium_chord
N0462,N0481,0.0122,medium_chord
N0463,N0482,0.0019,medium_chord
N0464,N0483,0.0056,medium_chord
N0465,N0484,0.0093,medium_chord
N0466,N0485,0.0130,medium_chord
N0467,N0486,0.0027,medium_chord
N0468,N0487,0.0064,medium_chord
N0469,N0488,0.0101,medium_chord
N0470,N0489,0.0138,medium_chord
N0471,N0490,0.0035,medium_chord
N0472,N0491,0.0072,medium_chord
N0473,N0492,0.0109,medium_chord
N0474,N0493,0.0006,medium_chord
N0475,N0494,0.0043,medium_chord
N0476,N0495,0.0080,medium_chord
N0477,N0496,0.0117,medium_chord
N0478,N0497,0.0014,medium_chord
N0479,N0498,0.0051,medium_chord
N0480,N0499,0.0088,medium_chord
N0481,N0500,0.0125,medium_chord
N0482,N0501,0.0022,medium_chord
N0483,N0502,0.0059,medium_chord
N0484,N0503,0.0096,medium_chord
N0485,N0504,0.0133,medium_chord
N0486,N0505,0.0030,medium_chord
N0487,N0506,0.0067,medium_chord
N0488,N0507,0.0104,medium_chord
N0489,N0508,0.0001,medium_chord
N0490,N0509,0.0038,medium_chord
N0491,N0510,0.0075,medium_chord
N0492,N0511,0.0112,medium_chord
N0493,N0512,0.0009,medium_chord
N0494,N0513,0.0046,medium_chord
N0495,N0514,0.0083,medium_chord
N0496,N0515,0.0120,medium_chord
N0497,N0516,0.0017,medium_chord
N0498,N0517,0.0054,medium_chord
N0499,N0518,0.0091,medium_chord
N0500,N0519,0.0128,medium_chord
N0501,N0520,0.0025,medium_chord
N0502,N0521,0.0062,medium_chord
N0503,N0522,0.0099,medium_chord
N0504,N0523,0.0136,medium_chord
N0505,N0524,0.0033,medium_chord
N0506,N0525,0.0070,medium_chord
N0507,N0526,0.0107,medium_chord
N0508,N0527,0.0004,medium_chord
N0509,N0528,0.0041,medium_chord
N0510,N0529,0.0078,medium_chord
N0511,N0530,0.0115,medium_chord
N0512,N0531,0.0012,medium_chord
N0513,N0532,0.0049,medium_chord
N0514,N0533,0.0086,medium_chord
N0515,N0534,0.0123,medium_chord
N0516,N0535,0.0020,medium_chord
N0517,N0536,0.0057,medium_chord
N0518,N0537,0.0094,medium_chord
N0519,N0538,0.0131,medium_chord
N0520,N0539,0.0028,medium_chord
N0521,N0540,0.0065,medium_chord
N0522,N0541,0.0102,medium_chord
N0523,N0542,0.0139,medium_chord
N0524,N0543,0.0036,medium_chord
N0525,N0544,0.0073,medium_chord
N0526,N0545,0.0110,medium_chord
N0527,N0546,0.0007,medium_chord
N0528,N0547,0.0044,medium_chord
N0529,N0548,0.0081,medium_chord
N0530,N0549,0.0118,medium_chord
N0531,N0550,0.0015,medium_chord
N0532,N0551,0.0052,medium_chord
N0533,N0552,0.0089,medium_chord
N0534,N0553,0.0126,medium_chord
N0535,N0554,0.0023,medium_chord
N0536,N0555,0.0060,medium_chord
N0537,N0556,0.0097,medium_chord
N0538,N0557,0.0134,medium_chord
N0539,N0558,0.0031,medium_chord
N0540,N0559,0.0068,medium_chord
N0541,N0560,0.0105,medium_chord
N0542,N0561,0.0002,medium_chord
N0543,N0562,0.0039,medium_chord
N0544,N0563,0.0076,medium_chord
N0545,N0564,0.0113,medium_chord
N0546,N0565,0.0010,medium_chord
N0547,N0566,0.0047,medium_chord
N0548,N0567,0.0084,medium_chord
N0549,N0568,0.0121,medium_chord
N0550,N0569,0.0018,medium_chord
N0551,N0570,0.0055,medium_chord
N0552,N0571,0.0092,medium_chord
N0553,N0572,0.0129,medium_chord
N0554,N0573,0.0026,medium_chord
N0555,N0574,0.0063,medium_chord
N0556,N0575,0.0100,medium_chord
N0557,N0576,0.0137,medium_chord
N0558,N0577,0.0034,medium_chord
N0559,N0578,0.0071,medium_chord
N0560,N0579,0.0108,medium_chord
N0561,N0580,0.0005,medium_chord
N0562,N0581,0.0042,medium_chord
N0563,N0582,0.0079,medium_chord
N0564,N0583,0.0116,medium_chord
N0565,N0584,0.0013,medium_chord
N0566,N0585,0.0050,medium_chord
N0567,N0586,0.0087,medium_chord
N0568,N0587,0.0124,medium_chord
N0569,N0588,0.0021,medium_chord
N0570,N0589,0.0058,medium_chord
N0571,N0590,0.0095,medium_chord
N0572,N0591,0.0132,medium_chord
N0573,N0592,0.0029,medium_chord
N0574,N0593,0.0066,medium_chord
N0575,N0594,0.0103,medium_chord
N0576,N0595,0.0140,medium_chord
N0577,N0596,0.0037,medium_chord
N0578,N0597,0.0074,medium_chord
N0579,N0598,0.0111,medium_chord
N0580,N0599,0.0008,medium_chord
N0581,N0600,0.0045,medium_chord
N0582,N0601,0.0082,medium_chord
N0583,N0602,0.0119,medium_chord
N0584,N0603,0.0016,medium_chord
N0585,N0604,0.0053,medium_chord
N0586,N0605,0.0090,medium_chord
N0587,N0606,0.0127,medium_chord
N0588,N0607,0.0024,medium_chord
N0589,N0608,0.0061,medium_chord
N0590,N0609,0.0098,medium_chord
N0591,N0610,0.0135,medium_chord
N0592,N0611,0.0032,medium_chord
N0593,N0612,0.0069,medium_chord
N0594,N0613,0.0106,medium_chord
N0595,N0614,0.0003,medium_chord
N0596,N0615,0.0040,medium_chord
N0597,N0616,0.0077,medium_chord
N0598,N0617,0.0114,medium_chord
N0599,N0618,0.0011,medium_chord
N0600,N0619,0.0048,medium_chord
N0601,N0620,0.0085,medium_chord
N0602,N0621,0.0122,medium_chord
N0603,N0622,0.0019,medium_chord
N0604,N0623,0.0056,medium_chord
N0605,N0624,0.0093,medium_chord
N0606,N0625,0.0130,medium_chord
N0607,N0626,0.0027,medium_chord
N0608,N0627,0.0064,medium_chord
N0609,N0628,0.0101,medium_chord
N0610,N0629,0.0138,medium_chord
N0611,N0630,0.0035,medium_chord
N0612,N0631,0.0072,medium_chord
N0613,N0632,0.0109,medium_chord
N0614,N0633,0.0006,medium_chord
N0615,N0634,0.0043,medium_chord
N0616,N0635,0.0080,medium_chord
N0617,N0636,0.0117,medium_chord
N0618,N0637,0.0014,medium_chord
N0619,N0638,0.0051,medium_chord
N0620,N0639,0.0088,medium_chord
N0621,N0640,0.0125,medium_chord
N0622,N0641,0.0022,medium_chord
N0623,N0642,0.0059,medium_chord
N0624,N0643,0.0096,medium_chord
N0625,N0644,0.0133,medium_chord
N0626,N0645,0.0030,medium_chord
N0627,N0646,0.0067,medium_chord
N0628,N0647,0.0104,medium_chord
N0629,N0648,0.0001,medium_chord
N0630,N0649,0.0038,medium_chord
N0631,N0650,0.0075,medium_chord
N0632,N0651,0.0112,medium_chord
N0633,N0652,0.0009,medium_chord
N0634,N0653,0.0046,medium_chord
N0635,N0654,0.0083,medium_chord
N0636,N0655,0.0120,medium_chord
N0637,N0656,0.0017,medium_chord
N0638,N0657,0.0054,medium_chord
N0639,N0658,0.0091,medium_chord
N0640,N0659,0.0128,medium_chord
N0641,N0660,0.0025,medium_chord
N0642,N0661,0.0062,medium_chord
N0643,N0662,0.0099,medium_chord
N0644,N0663,0.0136,medium_chord
N0645,N0664,0.0033,medium_chord
N0646,N0665,0.0070,medium_chord
N0647,N0666,0.0107,medium_chord
N0648,N0667,0.0004,medium_chord
N0649,N0668,0.0041,medium_chord
N0650,N0669,0.0078,medium_chord
N0651,N0670,0.0115,medium_chord
N0652,N0671,0.0012,medium_chord
N0653,N0672,0.0049,medium_chord
N0654,N0673,0.0086,medium_chord
N0655,N0674,0.0123,medium_chord
N0656,N0675,0.0020,medium_chord
N0657,N0676,0.0057,medium_chord
N0658,N0677,0.0094,medium_chord
N0659,N0678,0.0131,medium_chord
N0660,N0679,0.0028,medium_chord
N0661,N0680,0.0065,medium_chord
N0662,N0681,0.0102,medium_chord
N0663,N0682,0.0139,medium_chord
N0664,N0683,0.0036,medium_chord
N0665,N0684,0.0073,medium_chord
N0666,N0685,0.0110,medium_chord
N0667,N0686,0.0007,medium_chord
N0668,N0687,0.0044,medium_chord
N0669,N0688,0.0081,medium_chord
N0670,N0689,0.0118,medium_chord
N0671,N0690,0.0015,medium_chord
N0672,N0691,0.0052,medium_chord
N0673,N0692,0.0089,medium_chord
N0674,N0693,0.0126,medium_chord
N0675,N0694,0.0023,medium_chord
N0676,N0695,0.0060,medium_chord
N0677,N0696,0.0097,medium_chord
N0678,N0697,0.0134,medium_chord
N0679,N0698,0.0031,medium_chord
N0680,N0699,0.0068,medium_chord
N0681,N0700,0.0105,medium_chord
N0682,N0701,0.0002,medium_chord
N0683,N0702,0.0039,medium_chord
N0684,N0703,0.0076,medium_chord
N0685,N0704,0.0113,medium_chord
N0686,N0705,0.0010,medium_chord
N0687,N0706,0.0047,medium_chord
N0688,N0707,0.0084,medium_chord
N0689,N0708,0.0121,medium_chord
N0690,N0709,0.0018,medium_chord
N0691,N0710,0.0055,medium_chord
N0692,N0711,0.0092,medium_chord
N0693,N0712,0.0129,medium_chord
N0694,N0713,0.0026,medium_chord
N0695,N0714,0.0063,medium_chord
N0696,N0715,0.0100,medium_chord
N0697,N0716,0.0137,medium_chord
N0698,N0717,0.0034,medium_chord
N0699,N0718,0.0071,medium_chord
N0700,N0719,0.0108,medium_chord
N0701,N0720,0.0005,medium_chord
N0702,N0721,0.0042,medium_chord
N0703,N0722,0.0079,medium_chord
N0704,N0723,0.0116,medium_chord
N0705,N0724,0.0013,medium_chord
N0706,N0725,0.0050,medium_chord
N0707,N0726,0.0087,medium_chord
N0708,N0727,0.0124,medium_chord
N0709,N0728,0.0021,medium_chord
N0710,N0729,0.0058,medium_chord
N0711,N0730,0.0095,medium_chord
N0712,N0731,0.0132,medium_chord
N0713,N0732,0.0029,medium_chord
N0714,N0733,0.0066,medium_chord
N0715,N0734,0.0103,medium_chord
N0716,N0735,0.0140,medium_chord
N0717,N0736,0.0037,medium_chord
N0718,N0737,0.0074,medium_chord
N0719,N0738,0.0111,medium_chord
N0720,N0739,0.0008,medium_chord
N0721,N0740,0.0045,medium_chord
N0722,N0741,0.0082,medium_chord
N0723,N0742,0.0119,medium_chord
N0724,N0743,0.0016,medium_chord
N0725,N0744,0.0053,medium_chord
N0726,N0745,0.0090,medium_chord
N0727,N0746,0.0127,medium_chord
N0728,N0747,0.0024,medium_chord
N0729,N0748,0.0061,medium_chord
N0730,N0749,0.0098,medium_chord
N0731,N0750,0.0135,medium_chord
N0732,N0751,0.0032,medium_chord
N0733,N0752,0.0069,medium_chord
N0734,N0753,0.0106,medium_chord
N0735,N0754,0.0003,medium_chord
N0736,N0755,0.0040,medium_chord
N0737,N0756,0.0077,medium_chord
N0738,N0757,0.0114,medium_chord
N0739,N0758,0.0011,medium_chord
N0740,N0759,0.0048,medium_chord
N0741,N0760,0.0085,medium_chord
N0742,N0761,0.0122,medium_chord
N0743,N0762,0.0019,medium_chord
N0744,N0763,0.0056,medium_chord
N0745,N0764,0.0093,medium_chord
N0746,N0765,0.0130,medium_chord
N0747,N0766,0.0027,medium_chord
N0748,N0767,0.0064,medium_chord
N0749,N0768,0.0101,medium_chord
N0750,N0769,0.0138,medium_chord
N0751,N0770,0.0035,medium_chord
N0752,N0771,0.0072,medium_chord
N0753,N0772,0.0109,medium_chord
N0754,N0773,0.0006,medium_chord
N0755,N0774,0.0043,medium_chord
N0756,N0775,0.0080,medium_chord
N0757,N0776,0.0117,medium_chord
N0758,N0777,0.0014,medium_chord
N0759,N0778,0.0051,medium_chord
N0760,N0779,0.0088,medium_chord
N0761,N0780,0.0125,medium_chord
N0762,N0781,0.0022,medium_chord
N0763,N0782,0.0059,medium_chord
N0764,N0783,0.0096,medium_chord
N0765,N0784,0.0133,medium_chord
N0766,N0785,0.0030,medium_chord
N0767,N0786,0.0067,medium_chord
N0768,N0787,0.0104,medium_chord
N0769,N0788,0.0001,medium_chord
N0770,N0789,0.0038,medium_chord
N0771,N0790,0.0075,medium_chord
N0772,N0791,0.0112,medium_chord
N0773,N0792,0.0009,medium_chord
N0774,N0793,0.0046,medium_chord
N0775,N0794,0.0083,medium_chord
N0776,N0795,0.0120,medium_chord
N0777,N0796,0.0017,medium_chord
N0778,N0797,0.0054,medium_chord
N0779,N0798,0.0091,medium_chord
N0780,N0799,0.0128,medium_chord
N0781,N0800,0.0025,medium_chord
N0782,N0801,0.0062,medium_chord
N0783,N0802,0.0099,medium_chord
N0784,N0803,0.0136,medium_chord
N0785,N0804,0.0033,medium_chord
N0786,N0805,0.0070,medium_chord
N0787,N0806,0.0107,medium_chord
N0788,N0807,0.0004,medium_chord
N0789,N0808,0.0041,medium_chord
N0790,N0809,0.0078,medium_chord
N0791,N0810,0.0115,medium_chord
N0792,N0811,0.0012,medium_chord
N0793,N0812,0.0049,medium_chord
N0794,N0813,0.0086,medium_chord
N0795,N0814,0.0123,medium_chord
N0796,N0815,0.0020,medium_chord
N0797,N0816,0.0057,medium_chord
N0798,N0817,0.0094,medium_chord
N0799,N0818,0.0131,medium_chord
N0800,N0819,0.0028,medium_chord
N0801,N0820,0.0065,medium_chord
N0802,N0821,0.0102,medium_chord
N0803,N0822,0.0139,medium_chord
N0804,N0823,0.0036,medium_chord
N0805,N0824,0.0073,medium_chord
N0806,N0825,0.0110,medium_chord
N0807,N0826,0.0007,medium_chord
N0808,N0827,0.0044,medium_chord
N0809,N0828,0.0081,medium_chord
N0810,N0829,0.0118,medium_chord
N0811,N0830,0.0015,medium_chord
N0812,N0831,0.0052,medium_chord
N0813,N0832,0.0089,medium_chord
N0814,N0833,0.0126,medium_chord
N0815,N0834,0.0023,medium_chord
N0816,N0835,0.0060,medium_chord
N0817,N0836,0.0097,medium_chord
N0818,N0837,0.0134,medium_chord
N0819,N0838,0.0031,medium_chord
N0820,N0839,0.0068,medium_chord
N0821,N0840,0.0105,medium_chord
N0822,N0841,0.0002,medium_chord
N0823,N0842,0.0039,medium_chord
N0824,N0843,0.0076,medium_chord
N0825,N0844,0.0113,medium_chord
N0826,N0845,0.0010,medium_chord
N0827,N0846,0.0047,medium_chord
N0828,N0847,0.0084,medium_chord
N0829,N0848,0.0121,medium_chord
N0830,N0849,0.0018,medium_chord
N0831,N0850,0.0055,medium_chord
N0832,N0851,0.0092,medium_chord
N0833,N0852,0.0129,medium_chord
N0834,N0853,0.0026,medium_chord
N0835,N0854,0.0063,medium_chord
N0836,N0855,0.0100,medium_chord
N0837,N0856,0.0137,medium_chord
N0838,N0857,0.0034,medium_chord
N0839,N0858,0.0071,medium_chord
N0840,N0859,0.0108,medium_chord
N0841,N0860,0.0005,medium_chord
N0842,N0861,0.0042,medium_chord
N0843,N0862,0.0079,medium_chord
N0844,N0863,0.0116,medium_chord
N0845,N0864,0.0013,medium_chord
N0846,N0865,0.0050,medium_chord
N0847,N0866,0.0087,medium_chord
N0848,N0867,0.0124,medium_chord
N0849,N0868,0.0021,medium_chord
N0850,N0869,0.0058,medium_chord
N0851,N0870,0.0095,medium_chord
N0852,N0871,0.0132,medium_chord
N0853,N0872,0.0029,medium_chord
N0854,N0873,0.0066,medium_chord
N0855,N0874,0.0103,medium_chord
N0856,N0875,0.0140,medium_chord
N0857,N0876,0.0037,medium_chord
N0858,N0877,0.0074,medium_chord
N0859,N0878,0.0111,medium_chord
N0860,N0879,0.0008,medium_chord
N0861,N0880,0.0045,medium_chord
N0862,N0881,0.0082,medium_chord
N0863,N0882,0.0119,medium_chord
N0864,N0883,0.0016,medium_chord
N0865,N0884,0.0053,medium_chord
N0866,N0885,0.0090,medium_chord
N0867,N0886,0.0127,medium_chord
N0868,N0887,0.0024,medium_chord
N0869,N0888,0.0061,medium_chord
N0870,N0889,0.0098,medium_chord
N0871,N0890,0.0135,medium_chord
N0872,N0891,0.0032,medium_chord
N0873,N0892,0.0069,medium_chord
N0874,N0893,0.0106,medium_chord
N0875,N0894,0.0003,medium_chord
N0876,N0895,0.0040,medium_chord
N0877,N0896,0.0077,medium_chord
N0878,N0897,0.0114,medium_chord
N0879,N0898,0.0011,medium_chord
N0880,N0899,0.0048,medium_chord
N0881,N0900,0.0085,medium_chord
N0882,N0901,0.0122,medium_chord
N0883,N0902,0.0019,medium_chord
N0884,N0903,0.0056,medium_chord
N0885,N0904,0.0093,medium_chord
N0886,N0905,0.0130,medium_chord
N0887,N0906,0.0027,medium_chord
N0888,N0907,0.0064,medium_chord
N0889,N0908,0.0101,medium_chord
N0890,N0909,0.0138,medium_chord
N0891,N0910,0.0035,medium_chord
N0892,N0911,0.0072,medium_chord
N0893,N0912,0.0109,medium_chord
N0894,N0913,0.0006,medium_chord
N0895,N0914,0.0043,medium_chord
N0896,N0915,0.0080,medium_chord
N0897,N0916,0.0117,medium_chord
N0898,N0917,0.0014,medium_chord
N0899,N0918,0.0051,medium_chord
N0900,N0919,0.0088,medium_chord
N0901,N0920,0.0125,medium_chord
N0902,N0921,0.0022,medium_chord
N0903,N0922,0.0059,medium_chord
N0904,N0923,0.0096,medium_chord
N0905,N0924,0.0133,medium_chord
N0906,N0925,0.0030,medium_chord
N0907,N0926,0.0067,medium_chord
N0908,N0927,0.0104,medium_chord
N0909,N0928,0.0001,medium_chord
N0910,N0929,0.0038,medium_chord
N0911,N0930,0.0075,medium_chord
N0912,N0931,0.0112,medium_chord
N0913,N0932,0.0009,medium_chord
N0914,N0933,0.0046,medium_chord
N0915,N0934,0.0083,medium_chord
N0916,N0935,0.0120,medium_chord
N0917,N0936,0.0017,medium_chord
N0918,N0937,0.0054,medium_chord
N0919,N0938,0.0091,medium_chord
N0920,N0939,0.0128,medium_chord
N0921,N0940,0.0025,medium_chord
N0922,N0941,0.0062,medium_chord
N0923,N0942,0.0099,medium_chord
N0924,N0943,0.0136,medium_chord
N0925,N0944,0.0033,medium_chord
N0926,N0945,0.0070,medium_chord
N0927,N0946,0.0107,medium_chord
N0928,N0947,0.0004,medium_chord
N0929,N0948,0.0041,medium_chord
N0930,N0949,0.0078,medium_chord
N0931,N0950,0.0115,medium_chord
N0932,N0951,0.0012,medium_chord
N0933,N0952,0.0049,medium_chord
N0934,N0953,0.0086,medium_chord
N0935,N0954,0.0123,medium_chord
N0936,N0955,0.0020,medium_chord
N0937,N0956,0.0057,medium_chord
N0938,N0957,0.0094,medium_chord
N0939,N0958,0.0131,medium_chord
N0940,N0959,0.0028,medium_chord
N0941,N0960,0.0065,medium_chord
N0942,N0961,0.0102,medium_chord
N0943,N0962,0.0139,medium_chord
N0944,N0963,0.0036,medium_chord
N0945,N0964,0.0073,medium_chord
N0946,N0965,0.0110,medium_chord
N0947,N0966,0.0007,medium_chord
N0948,N0967,0.0044,medium_chord
N0949,N0968,0.0081,medium_chord
N0950,N0969,0.0118,medium_chord
N0951,N0970,0.0015,medium_chord
N0952,N0971,0.0052,medium_chord
N0953,N0972,0.0089,medium_chord
N0954,N0973,0.0126,medium_chord
N0955,N0974,0.0023,medium_chord
N0956,N0975,0.0060,medium_chord
N0957,N0976,0.0097,medium_chord
N0958,N0977,0.0134,medium_chord
N0959,N0978,0.0031,medium_chord
N0960,N0979,0.0068,medium_chord
N0961,N0980,0.0105,medium_chord
N0962,N0981,0.0002,medium_chord
N0963,N0982,0.0039,medium_chord
N0964,N0983,0.0076,medium_chord
N0965,N0984,0.0113,medium_chord
N0966,N0985,0.0010,medium_chord
N0967,N0986,0.0047,medium_chord
N0968,N0987,0.0084,medium_chord
N0969,N0988,0.0121,medium_chord
N0970,N0989,0.0018,medium_chord
N0971,N0990,0.0055,medium_chord
N0972,N0991,0.0092,medium_chord
N0973,N0992,0.0129,medium_chord
N0974,N0993,0.0026,medium_chord
N0975,N0994,0.0063,medium_chord
N0976,N0995,0.0100,medium_chord
N0977,N0996,0.0137,medium_chord
N0978,N0997,0.0034,medium_chord
N0979,N0998,0.0071,medium_chord
N0980,N0999,0.0108,medium_chord
N0981,N1000,0.0005,medium_chord
N0982,N0001,0.0042,medium_chord
N0983,N0002,0.0079,medium_chord
N0984,N0003,0.0116,medium_chord
N0985,N0004,0.0013,medium_chord
N0986,N0005,0.0050,medium_chord
N0987,N0006,0.0087,medium_chord
N0988,N0007,0.0124,medium_chord
N0989,N0008,0.0021,medium_chord
N0990,N0009,0.0058,medium_chord
N0991,N0010,0.0095,medium_chord
N0992,N0011,0.0132,medium_chord
N0993,N0012,0.0029,medium_chord
N0994,N0013,0.0066,medium_chord
N0995,N0014,0.0103,medium_chord
N0996,N0015,0.0140,medium_chord
N0997,N0016,0.0037,medium_chord
N0998,N0017,0.0074,medium_chord
N0999,N0018,0.0111,medium_chord
N1000,N0019,0.0008,medium_chord
N0001,N0048,0.0089,long_chord
N0002,N0049,0.0126,long_chord
N0003,N0050,0.0023,long_chord
N0004,N0051,0.0060,long_chord
N0005,N0052,0.0097,long_chord
N0006,N0053,0.0134,long_chord
N0007,N0054,0.0031,long_chord
N0008,N0055,0.0068,long_chord
N0009,N0056,0.0105,long_chord
N0010,N0057,0.0002,long_chord
N0011,N0058,0.0039,long_chord
N0012,N0059,0.0076,long_chord
N0013,N0060,0.0113,long_chord
N0014,N0061,0.0010,long_chord
N0015,N0062,0.0047,long_chord
N0016,N0063,0.0084,long_chord
N0017,N0064,0.0121,long_chord
N0018,N0065,0.0018,long_chord
N0019,N0066,0.0055,long_chord
N0020,N0067,0.0092,long_chord
N0021,N0068,0.0129,long_chord
N0022,N0069,0.0026,long_chord
N0023,N0070,0.0063,long_chord
N0024,N0071,0.0100,long_chord
N0025,N0072,0.0137,long_chord
N0026,N0073,0.0034,long_chord
N0027,N0074,0.0071,long_chord
N0028,N0075,0.0108,long_chord
N0029,N0076,0.0005,long_chord
N0030,N0077,0.0042,long_chord
N0031,N0078,0.0079,long_chord
N0032,N0079,0.0116,long_chord
N0033,N0080,0.0013,long_chord
N0034,N0081,0.0050,long_chord
N0035,N0082,0.0087,long_chord
N0036,N0083,0.0124,long_chord
N0037,N0084,0.0021,long_chord
N0038,N0085,0.0058,long_chord
N0039,N0086,0.0095,long_chord
N0040,N0087,0.0132,long_chord
N0041,N0088,0.0029,long_chord
N0042,N0089,0.0066,long_chord
N0043,N0090,0.0103,long_chord
N0044,N0091,0.0140,long_chord
N0045,N0092,0.0037,long_chord
N0046,N0093,0.0074,long_chord
N0047,N0094,0.0111,long_chord
N0048,N0095,0.0008,long_chord
N0049,N0096,0.0045,long_chord
N0050,N0097,0.0082,long_chord
N0051,N0098,0.0119,long_chord
N0052,N0099,0.0016,long_chord
N0053,N0100,0.0053,long_chord
N0054,N0101,0.0090,long_chord
N0055,N0102,0.0127,long_chord
N0056,N0103,0.0024,long_chord
N0057,N0104,0.0061,long_chord
N0058,N0105,0.0098,long_chord
N0059,N0106,0.0135,long_chord
N0060,N0107,0.0032,long_chord
N0061,N0108,0.0069,long_chord
N0062,N0109,0.0106,long_chord
N0063,N0110,0.0003,long_chord
N0064,N0111,0.0040,long_chord
N0065,N0112,0.0077,long_chord
N0066,N0113,0.0114,long_chord
N0067,N0114,0.0011,long_chord
N0068,N0115,0.0048,long_chord
N0069,N0116,0.0085,long_chord
N0070,N0117,0.0122,long_chord
N0071,N0118,0.0019,long_chord
N0072,N0119,0.0056,long_chord
N0073,N0120,0.0093,long_chord
N0074,N0121,0.0130,long_chord
N0075,N0122,0.0027,long_chord
N0076,N0123,0.0064,long_chord
N0077,N0124,0.0101,long_chord
N0078,N0125,0.0138,long_chord
N0079,N0126,0.0035,long_chord
N0080,N0127,0.0072,long_chord
N0081,N0128,0.0109,long_chord
N0082,N0129,0.0006,long_chord
N0083,N0130,0.0043,long_chord
N0084,N0131,0.0080,long_chord
N0085,N0132,0.0117,long_chord
N0086,N0133,0.0014,long_chord
N0087,N0134,0.0051,long_chord
N0088,N0135,0.0088,long_chord
N0089,N0136,0.0125,long_chord
N0090,N0137,0.0022,long_chord
N0091,N0138,0.0059,long_chord
N0092,N0139,0.0096,long_chord
N0093,N0140,0.0133,long_chord
N0094,N0141,0.0030,long_chord
N0095,N0142,0.0067,long_chord
N0096,N0143,0.0104,long_chord
N0097,N0144,0.0001,long_chord
N0098,N0145,0.0038,long_chord
N0099,N0146,0.0075,long_chord
N0100,N0147,0.0112,long_chord
N0101,N0148,0.0009,long_chord
N0102,N0149,0.0046,long_chord
N0103,N0150,0.0083,long_chord
N0104,N0151,0.0120,long_chord
N0105,N0152,0.0017,long_chord
N0106,N0153,0.0054,long_chord
N0107,N0154,0.0091,long_chord
N0108,N0155,0.0128,long_chord
N0109,N0156,0.0025,long_chord
N0110,N0157,0.0062,long_chord
N0111,N0158,0.0099,long_chord
N0112,N0159,0.0136,long_chord
N0113,N0160,0.0033,long_chord
N0114,N0161,0.0070,long_chord
N0115,N0162,0.0107,long_chord
N0116,N0163,0.0004,long_chord
N0117,N0164,0.0041,long_chord
N0118,N0165,0.0078,long_chord
N0119,N0166,0.0115,long_chord
N0120,N0167,0.0012,long_chord
N0121,N0168,0.0049,long_chord
N0122,N0169,0.0086,long_chord
N0123,N0170,0.0123,long_chord
N0124,N0171,0.0020,long_chord
N0125,N0172,0.0057,long_chord
N0126,N0173,0.0094,long_chord
N0127,N0174,0.0131,long_chord
N0128,N0175,0.0028,long_chord
N0129,N0176,0.0065,long_chord
N0130,N0177,0.0102,long_chord
N0131,N0178,0.0139,long_chord
N0132,N0179,0.0036,long_chord
N0133,N0180,0.0073,long_chord
N0134,N0181,0.0110,long_chord
N0135,N0182,0.0007,long_chord
N0136,N0183,0.0044,long_chord
N0137,N0184,0.0081,long_chord
N0138,N0185,0.0118,long_chord
N0139,N0186,0.0015,long_chord
N0140,N0187,0.0052,long_chord
N0141,N0188,0.0089,long_chord
N0142,N0189,0.0126,long_chord
N0143,N0190,0.0023,long_chord
N0144,N0191,0.0060,long_chord
N0145,N0192,0.0097,long_chord
N0146,N0193,0.0134,long_chord
N0147,N0194,0.0031,long_chord
N0148,N0195,0.0068,long_chord
N0149,N0196,0.0105,long_chord
N0150,N0197,0.0002,long_chord
N0151,N0198,0.0039,long_chord
N0152,N0199,0.0076,long_chord
N0153,N0200,0.0113,long_chord
N0154,N0201,0.0010,long_chord
N0155,N0202,0.0047,long_chord
N0156,N0203,0.0084,long_chord
N0157,N0204,0.0121,long_chord
N0158,N0205,0.0018,long_chord
N0159,N0206,0.0055,long_chord
N0160,N0207,0.0092,long_chord
N0161,N0208,0.0129,long_chord
N0162,N0209,0.0026,long_chord
N0163,N0210,0.0063,long_chord
N0164,N0211,0.0100,long_chord
N0165,N0212,0.0137,long_chord
N0166,N0213,0.0034,long_chord
N0167,N0214,0.0071,long_chord
N0168,N0215,0.0108,long_chord
N0169,N0216,0.0005,long_chord
N0170,N0217,0.0042,long_chord
N0171,N0218,0.0079,long_chord
N0172,N0219,0.0116,long_chord
N0173,N0220,0.0013,long_chord
N0174,N0221,0.0050,long_chord
N0175,N0222,0.0087,long_chord
N0176,N0223,0.0124,long_chord
N0177,N0224,0.0021,long_chord
N0178,N0225,0.0058,long_chord
N0179,N0226,0.0095,long_chord
N0180,N0227,0.0132,long_chord
N0181,N0228,0.0029,long_chord
N0182,N0229,0.0066,long_chord
N0183,N0230,0.0103,long_chord
N0184,N0231,0.0140,long_chord
N0185,N0232,0.0037,long_chord
N0186,N0233,0.0074,long_chord
N0187,N0234,0.0111,long_chord
N0188,N0235,0.0008,long_chord
N0189,N0236,0.0045,long_chord
N0190,N0237,0.0082,long_chord
N0191,N0238,0.0119,long_chord
N0192,N0239,0.0016,long_chord
N0193,N0240,0.0053,long_chord
N0194,N0241,0.0090,long_chord
N0195,N0242,0.0127,long_chord
N0196,N0243,0.0024,long_chord
N0197,N0244,0.0061,long_chord
N0198,N0245,0.0098,long_chord
N0199,N0246,0.0135,long_chord
N0200,N0247,0.0032,long_chord
N0201,N0248,0.0069,long_chord
N0202,N0249,0.0106,long_chord
N0203,N0250,0.0003,long_chord
N0204,N0251,0.0040,long_chord
N0205,N0252,0.0077,long_chord
N0206,N0253,0.0114,long_chord
N0207,N0254,0.0011,long_chord
N0208,N0255,0.0048,long_chord
N0209,N0256,0.0085,long_chord
N0210,N0257,0.0122,long_chord
N0211,N0258,0.0019,long_chord
N0212,N0259,0.0056,long_chord
N0213,N0260,0.0093,long_chord
N0214,N0261,0.0130,long_chord
N0215,N0262,0.0027,long_chord
N0216,N0263,0.0064,long_chord
N0217,N0264,0.0101,long_chord
N0218,N0265,0.0138,long_chord
N0219,N0266,0.0035,long_chord
N0220,N0267,0.0072,long_chord
N0221,N0268,0.0109,long_chord
N0222,N0269,0.0006,long_chord
N0223,N0270,0.0043,long_chord
N0224,N0271,0.0080,long_chord
N0225,N0272,0.0117,long_chord
N0226,N0273,0.0014,long_chord
N0227,N0274,0.0051,long_chord
N0228,N0275,0.0088,long_chord
N0229,N0276,0.0125,long_chord
N0230,N0277,0.0022,long_chord
N0231,N0278,0.0059,long_chord
N0232,N0279,0.0096,long_chord
N0233,N0280,0.0133,long_chord
N0234,N0281,0.0030,long_chord
N0235,N0282,0.0067,long_chord
N0236,N0283,0.0104,long_chord
N0237,N0284,0.0001,long_chord
N0238,N0285,0.0038,long_chord
N0239,N0286,0.0075,long_chord
N0240,N0287,0.0112,long_chord
N0241,N0288,0.0009,long_chord
N0242,N0289,0.0046,long_chord
N0243,N0290,0.0083,long_chord
N0244,N0291,0.0120,long_chord
N0245,N0292,0.0017,long_chord
N0246,N0293,0.0054,long_chord
N0247,N0294,0.0091,long_chord
N0248,N0295,0.0128,long_chord
N0249,N0296,0.0025,long_chord
N0250,N0297,0.0062,long_chord
N0251,N0298,0.0099,long_chord
N0252,N0299,0.0136,long_chord
N0253,N0300,0.0033,long_chord
N0254,N0301,0.0070,long_chord
N0255,N0302,0.0107,long_chord
N0256,N0303,0.0004,long_chord
N0257,N0304,0.0041,long_chord
N0258,N0305,0.0078,long_chord
N0259,N0306,0.0115,long_chord
N0260,N0307,0.0012,long_chord
N0261,N0308,0.0049,long_chord
N0262,N0309,0.0086,long_chord
N0263,N0310,0.0123,long_chord
N0264,N0311,0.0020,long_chord
N0265,N0312,0.0057,long_chord
N0266,N0313,0.0094,long_chord
N0267,N0314,0.0131,long_chord
N0268,N0315,0.0028,long_chord
N0269,N0316,0.0065,long_chord
N0270,N0317,0.0102,long_chord
N0271,N0318,0.0139,long_chord
N0272,N0319,0.0036,long_chord
N0273,N0320,0.0073,long_chord
N0274,N0321,0.0110,long_chord
N0275,N0322,0.0007,long_chord
N0276,N0323,0.0044,long_chord
N0277,N0324,0.0081,long_chord
N0278,N0325,0.0118,long_chord
N0279,N0326,0.0015,long_chord
N0280,N0327,0.0052,long_chord
N0281,N0328,0.0089,long_chord
N0282,N0329,0.0126,long_chord
N0283,N0330,0.0023,long_chord
N0284,N0331,0.0060,long_chord
N0285,N0332,0.0097,long_chord
N0286,N0333,0.0134,long_chord
N0287,N0334,0.0031,long_chord
N0288,N0335,0.0068,long_chord
N0289,N0336,0.0105,long_chord
N0290,N0337,0.0002,long_chord
N0291,N0338,0.0039,long_chord
N0292,N0339,0.0076,long_chord
N0293,N0340,0.0113,long_chord
N0294,N0341,0.0010,long_chord
N0295,N0342,0.0047,long_chord
N0296,N0343,0.0084,long_chord
N0297,N0344,0.0121,long_chord
N0298,N0345,0.0018,long_chord
N0299,N0346,0.0055,long_chord
N0300,N0347,0.0092,long_chord
N0301,N0348,0.0129,long_chord
N0302,N0349,0.0026,long_chord
N0303,N0350,0.0063,long_chord
N0304,N0351,0.0100,long_chord
N0305,N0352,0.0137,long_chord
N0306,N0353,0.0034,long_chord
N0307,N0354,0.0071,long_chord
N0308,N0355,0.0108,long_chord
N0309,N0356,0.0005,long_chord
N0310,N0357,0.0042,long_chord
N0311,N0358,0.0079,long_chord
N0312,N0359,0.0116,long_chord
N0313,N0360,0.0013,long_chord
N0314,N0361,0.0050,long_chord
N0315,N0362,0.0087,long_chord
N0316,N0363,0.0124,long_chord
N0317,N0364,0.0021,long_chord
N0318,N0365,0.0058,long_chord
N0319,N0366,0.0095,long_chord
N0320,N0367,0.0132,long_chord
N0321,N0368,0.0029,long_chord
N0322,N0369,0.0066,long_chord
N0323,N0370,0.0103,long_chord
N0324,N0371,0.0140,long_chord
N0325,N0372,0.0037,long_chord
N0326,N0373,0.0074,long_chord
N0327,N0374,0.0111,long_chord
N0328,N0375,0.0008,long_chord
N0329,N0376,0.0045,long_chord
N0330,N0377,0.0082,long_chord
N0331,N0378,0.0119,long_chord
N0332,N0379,0.0016,long_chord
N0333,N0380,0.0053,long_chord
N0334,N0381,0.0090,long_chord
N0335,N0382,0.0127,long_chord
N0336,N0383,0.0024,long_chord
N0337,N0384,0.0061,long_chord
N0338,N0385,0.0098,long_chord
N0339,N0386,0.0135,long_chord
N0340,N0387,0.0032,long_chord
N0341,N0388,0.0069,long_chord
N0342,N0389,0.0106,long_chord
N0343,N0390,0.0003,long_chord
N0344,N0391,0.0040,long_chord
N0345,N0392,0.0077,long_chord
N0346,N0393,0.0114,long_chord
N0347,N0394,0.0011,long_chord
N0348,N0395,0.0048,long_chord
N0349,N0396,0.0085,long_chord
N0350,N0397,0.0122,long_chord
N0351,N0398,0.0019,long_chord
N0352,N0399,0.0056,long_chord
N0353,N0400,0.0093,long_chord
N0354,N0401,0.0130,long_chord
N0355,N0402,0.0027,long_chord
N0356,N0403,0.0064,long_chord
N0357,N0404,0.0101,long_chord
N0358,N0405,0.0138,long_chord
N0359,N0406,0.0035,long_chord
N0360,N0407,0.0072,long_chord
N0361,N0408,0.0109,long_chord
N0362,N0409,0.0006,long_chord
N0363,N0410,0.0043,long_chord
N0364,N0411,0.0080,long_chord
N0365,N0412,0.0117,long_chord
N0366,N0413,0.0014,long_chord
N0367,N0414,0.0051,long_chord
N0368,N0415,0.0088,long_chord
N0369,N0416,0.0125,long_chord
N0370,N0417,0.0022,long_chord
N0371,N0418,0.0059,long_chord
N0372,N0419,0.0096,long_chord
N0373,N0420,0.0133,long_chord
N0374,N0421,0.0030,long_chord
N0375,N0422,0.0067,long_chord
N0376,N0423,0.0104,long_chord
N0377,N0424,0.0001,long_chord
N0378,N0425,0.0038,long_chord
N0379,N0426,0.0075,long_chord
N0380,N0427,0.0112,long_chord
N0381,N0428,0.0009,long_chord
N0382,N0429,0.0046,long_chord
N0383,N0430,0.0083,long_chord
N0384,N0431,0.0120,long_chord
N0385,N0432,0.0017,long_chord
N0386,N0433,0.0054,long_chord
N0387,N0434,0.0091,long_chord
N0388,N0435,0.0128,long_chord
N0389,N0436,0.0025,long_chord
N0390,N0437,0.0062,long_chord
N0391,N0438,0.0099,long_chord
N0392,N0439,0.0136,long_chord
N0393,N0440,0.0033,long_chord
N0394,N0441,0.0070,long_chord
N0395,N0442,0.0107,long_chord
N0396,N0443,0.0004,long_chord
N0397,N0444,0.0041,long_chord
N0398,N0445,0.0078,long_chord
N0399,N0446,0.0115,long_chord
N0400,N0447,0.0012,long_chord
N0401,N0448,0.0049,long_chord
N0402,N0449,0.0086,long_chord
N0403,N0450,0.0123,long_chord
N0404,N0451,0.0020,long_chord
N0405,N0452,0.0057,long_chord
N0406,N0453,0.0094,long_chord
N0407,N0454,0.0131,long_chord
N0408,N0455,0.0028,long_chord
N0409,N0456,0.0065,long_chord
N0410,N0457,0.0102,long_chord
N0411,N0458,0.0139,long_chord
N0412,N0459,0.0036,long_chord
N0413,N0460,0.0073,long_chord
N0414,N0461,0.0110,long_chord
N0415,N0462,0.0007,long_chord
N0416,N0463,0.0044,long_chord
N0417,N0464,0.0081,long_chord
N0418,N0465,0.0118,long_chord
N0419,N0466,0.0015,long_chord
N0420,N0467,0.0052,long_chord
N0421,N0468,0.0089,long_chord
N0422,N0469,0.0126,long_chord
N0423,N0470,0.0023,long_chord
N0424,N0471,0.0060,long_chord
N0425,N0472,0.0097,long_chord
N0426,N0473,0.0134,long_chord
N0427,N0474,0.0031,long_chord
N0428,N0475,0.0068,long_chord
N0429,N0476,0.0105,long_chord
N0430,N0477,0.0002,long_chord
N0431,N0478,0.0039,long_chord
N0432,N0479,0.0076,long_chord
N0433,N0480,0.0113,long_chord
N0434,N0481,0.0010,long_chord
N0435,N0482,0.0047,long_chord
N0436,N0483,0.0084,long_chord
N0437,N0484,0.0121,long_chord
N0438,N0485,0.0018,long_chord
N0439,N0486,0.0055,long_chord
N0440,N0487,0.0092,long_chord
N0441,N0488,0.0129,long_chord
N0442,N0489,0.0026,long_chord
N0443,N0490,0.0063,long_chord
N0444,N0491,0.0100,long_chord
N0445,N0492,0.0137,long_chord
N0446,N0493,0.0034,long_chord
N0447,N0494,0.0071,long_chord
N0448,N0495,0.0108,long_chord
N0449,N0496,0.0005,long_chord
N0450,N0497,0.0042,long_chord
N0451,N0498,0.0079,long_chord
N0452,N0499,0.0116,long_chord
N0453,N0500,0.0013,long_chord
N0454,N0501,0.0050,long_chord
N0455,N0502,0.0087,long_chord
N0456,N0503,0.0124,long_chord
N0457,N0504,0.0021,long_chord
N0458,N0505,0.0058,long_chord
N0459,N0506,0.0095,long_chord
N0460,N0507,0.0132,long_chord
N0461,N0508,0.0029,long_chord
N0462,N0509,0.0066,long_chord
N0463,N0510,0.0103,long_chord
N0464,N0511,0.0140,long_chord
N0465,N0512,0.0037,long_chord
N0466,N0513,0.0074,long_chord
N0467,N0514,0.0111,long_chord
N0468,N0515,0.0008,long_chord
N0469,N0516,0.0045,long_chord
N0470,N0517,0.0082,long_chord
N0471,N0518,0.0119,long_chord
N0472,N0519,0.0016,long_chord
N0473,N0520,0.0053,long_chord
N0474,N0521,0.0090,long_chord
N0475,N0522,0.0127,long_chord
N0476,N0523,0.0024,long_chord
N0477,N0524,0.0061,long_chord
N0478,N0525,0.0098,long_chord
N0479,N0526,0.0135,long_chord
N0480,N0527,0.0032,long_chord
N0481,N0528,0.0069,long_chord
N0482,N0529,0.0106,long_chord
N0483,N0530,0.0003,long_chord
N0484,N0531,0.0040,long_chord
N0485,N0532,0.0077,long_chord
N0486,N0533,0.0114,long_chord
N0487,N0534,0.0011,long_chord
N0488,N0535,0.0048,long_chord
N0489,N0536,0.0085,long_chord
N0490,N0537,0.0122,long_chord
N0491,N0538,0.0019,long_chord
N0492,N0539,0.0056,long_chord
N0493,N0540,0.0093,long_chord
N0494,N0541,0.0130,long_chord
N0495,N0542,0.0027,long_chord
N0496,N0543,0.0064,long_chord
N0497,N0544,0.0101,long_chord
N0498,N0545,0.0138,long_chord
N0499,N0546,0.0035,long_chord
N0500,N0547,0.0072,long_chord
N0501,N0548,0.0109,long_chord
N0502,N0549,0.0006,long_chord
N0503,N0550,0.0043,long_chord
N0504,N0551,0.0080,long_chord
N0505,N0552,0.0117,long_chord
N0506,N0553,0.0014,long_chord
N0507,N0554,0.0051,long_chord
N0508,N0555,0.0088,long_chord
N0509,N0556,0.0125,long_chord
N0510,N0557,0.0022,long_chord
N0511,N0558,0.0059,long_chord
N0512,N0559,0.0096,long_chord
N0513,N0560,0.0133,long_chord
N0514,N0561,0.0030,long_chord
N0515,N0562,0.0067,long_chord
N0516,N0563,0.0104,long_chord
N0517,N0564,0.0001,long_chord
N0518,N0565,0.0038,long_chord
N0519,N0566,0.0075,long_chord
N0520,N0567,0.0112,long_chord
N0521,N0568,0.0009,long_chord
N0522,N0569,0.0046,long_chord
N0523,N0570,0.0083,long_chord
N0524,N0571,0.0120,long_chord
N0525,N0572,0.0017,long_chord
N0526,N0573,0.0054,long_chord
N0527,N0574,0.0091,long_chord
N0528,N0575,0.0128,long_chord
N0529,N0576,0.0025,long_chord
N0530,N0577,0.0062,long_chord
N0531,N0578,0.0099,long_chord
N0532,N0579,0.0136,long_chord
N0533,N0580,0.0033,long_chord
N0534,N0581,0.0070,long_chord
N0535,N0582,0.0107,long_chord
N0536,N0583,0.0004,long_chord
N0537,N0584,0.0041,long_chord
N0538,N0585,0.0078,long_chord
N0539,N0586,0.0115,long_chord
N0540,N0587,0.0012,long_chord
N0541,N0588,0.0049,long_chord
N0542,N0589,0.0086,long_chord
N0543,N0590,0.0123,long_chord
N0544,N0591,0.0020,long_chord
N0545,N0592,0.0057,long_chord
N0546,N0593,0.0094,long_chord
N0547,N0594,0.0131,long_chord
N0548,N0595,0.0028,long_chord
N0549,N0596,0.0065,long_chord
N0550,N0597,0.0102,long_chord
N0551,N0598,0.0139,long_chord
N0552,N0599,0.0036,long_chord
N0553,N0600,0.0073,long_chord
N0554,N0601,0.0110,long_chord
N0555,N0602,0.0007,long_chord
N0556,N0603,0.0044,long_chord
N0557,N0604,0.0081,long_chord
N0558,N0605,0.0118,long_chord
N0559,N0606,0.0015,long_chord
N0560,N0607,0.0052,long_chord
N0561,N0608,0.0089,long_chord
N0562,N0609,0.0126,long_chord
N0563,N0610,0.0023,long_chord
N0564,N0611,0.0060,long_chord
N0565,N0612,0.0097,long_chord
N0566,N0613,0.0134,long_chord
N0567,N0614,0.0031,long_chord
N0568,N0615,0.0068,long_chord
N0569,N0616,0.0105,long_chord
N0570,N0617,0.0002,long_chord
N0571,N0618,0.0039,long_chord
N0572,N0619,0.0076,long_chord
N0573,N0620,0.0113,long_chord
N0574,N0621,0.0010,long_chord
N0575,N0622,0.0047,long_chord
N0576,N0623,0.0084,long_chord
N0577,N0624,0.0121,long_chord
N0578,N0625,0.0018,long_chord
N0579,N0626,0.0055,long_chord
N0580,N0627,0.0092,long_chord
N0581,N0628,0.0129,long_chord
N0582,N0629,0.0026,long_chord
N0583,N0630,0.0063,long_chord
N0584,N0631,0.0100,long_chord
N0585,N0632,0.0137,long_chord
N0586,N0633,0.0034,long_chord
N0587,N0634,0.0071,long_chord
N0588,N0635,0.0108,long_chord
N0589,N0636,0.0005,long_chord
N0590,N0637,0.0042,long_chord
N0591,N0638,0.0079,long_chord
N0592,N0639,0.0116,long_chord
N0593,N0640,0.0013,long_chord
N0594,N0641,0.0050,long_chord
N0595,N0642,0.0087,long_chord
N0596,N0643,0.0124,long_chord
N0597,N0644,0.0021,long_chord
N0598,N0645,0.0058,long_chord
N0599,N0646,0.0095,long_chord
N0600,N0647,0.0132,long_chord
N0601,N0648,0.0029,long_chord
N0602,N0649,0.0066,long_chord
N0603,N0650,0.0103,long_chord
N0604,N0651,0.0140,long_chord
N0605,N0652,0.0037,long_chord
N0606,N0653,0.0074,long_chord
N0607,N0654,0.0111,long_chord
N0608,N0655,0.0008,long_chord
N0609,N0656,0.0045,long_chord
N0610,N0657,0.0082,long_chord
N0611,N0658,0.0119,long_chord
N0612,N0659,0.0016,long_chord
N0613,N0660,0.0053,long_chord
N0614,N0661,0.0090,long_chord
N0615,N0662,0.0127,long_chord
N0616,N0663,0.0024,long_chord
N0617,N0664,0.0061,long_chord
N0618,N0665,0.0098,long_chord
N0619,N0666,0.0135,long_chord
N0620,N0667,0.0032,long_chord
N0621,N0668,0.0069,long_chord
N0622,N0669,0.0106,long_chord
N0623,N0670,0.0003,long_chord
N0624,N0671,0.0040,long_chord
N0625,N0672,0.0077,long_chord
N0626,N0673,0.0114,long_chord
N0627,N0674,0.0011,long_chord
N0628,N0675,0.0048,long_chord
N0629,N0676,0.0085,long_chord
N0630,N0677,0.0122,long_chord
N0631,N0678,0.0019,long_chord
N0632,N0679,0.0056,long_chord
N0633,N0680,0.0093,long_chord
N0634,N0681,0.0130,long_chord
N0635,N0682,0.0027,long_chord
N0636,N0683,0.0064,long_chord
N0637,N0684,0.0101,long_chord
N0638,N0685,0.0138,long_chord
N0639,N0686,0.0035,long_chord
N0640,N0687,0.0072,long_chord
N0641,N0688,0.0109,long_chord
N0642,N0689,0.0006,long_chord
N0643,N0690,0.0043,long_chord
N0644,N0691,0.0080,long_chord
N0645,N0692,0.0117,long_chord
N0646,N0693,0.0014,long_chord
N0647,N0694,0.0051,long_chord
N0648,N0695,0.0088,long_chord
N0649,N0696,0.0125,long_chord
N0650,N0697,0.0022,long_chord
N0651,N0698,0.0059,long_chord
N0652,N0699,0.0096,long_chord
N0653,N0700,0.0133,long_chord
N0654,N0701,0.0030,long_chord
N0655,N0702,0.0067,long_chord
N0656,N0703,0.0104,long_chord
N0657,N0704,0.0001,long_chord
N0658,N0705,0.0038,long_chord
N0659,N0706,0.0075,long_chord
N0660,N0707,0.0112,long_chord
N0661,N0708,0.0009,long_chord
N0662,N0709,0.0046,long_chord
N0663,N0710,0.0083,long_chord
N0664,N0711,0.0120,long_chord
N0665,N0712,0.0017,long_chord
N0666,N0713,0.0054,long_chord
N0667,N0714,0.0091,long_chord
N0668,N0715,0.0128,long_chord
N0669,N0716,0.0025,long_chord
N0670,N0717,0.0062,long_chord
N0671,N0718,0.0099,long_chord
N0672,N0719,0.0136,long_chord
N0673,N0720,0.0033,long_chord
N0674,N0721,0.0070,long_chord
N0675,N0722,0.0107,long_chord
N0676,N0723,0.0004,long_chord
N0677,N0724,0.0041,long_chord
N0678,N0725,0.0078,long_chord
N0679,N0726,0.0115,long_chord
N0680,N0727,0.0012,long_chord
N0681,N0728,0.0049,long_chord
N0682,N0729,0.0086,long_chord
N0683,N0730,0.0123,long_chord
N0684,N0731,0.0020,long_chord
N0685,N0732,0.0057,long_chord
N0686,N0733,0.0094,long_chord
N0687,N0734,0.0131,long_chord
N0688,N0735,0.0028,long_chord
N0689,N0736,0.0065,long_chord
N0690,N0737,0.0102,long_chord
N0691,N0738,0.0139,long_chord
N0692,N0739,0.0036,long_chord
N0693,N0740,0.0073,long_chord
N0694,N0741,0.0110,long_chord
N0695,N0742,0.0007,long_chord
N0696,N0743,0.0044,long_chord
N0697,N0744,0.0081,long_chord
N0698,N0745,0.0118,long_chord
N0699,N0746,0.0015,long_chord
N0700,N0747,0.0052,long_chord
N0701,N0748,0.0089,long_chord
N0702,N0749,0.0126,long_chord
N0703,N0750,0.0023,long_chord
N0704,N0751,0.0060,long_chord
N0705,N0752,0.0097,long_chord
N0706,N0753,0.0134,long_chord
N0707,N0754,0.0031,long_chord
N0708,N0755,0.0068,long_chord
N0709,N0756,0.0105,long_chord
N0710,N0757,0.0002,long_chord
N0711,N0758,0.0039,long_chord
N0712,N0759,0.0076,long_chord
N0713,N0760,0.0113,long_chord
N0714,N0761,0.0010,long_chord
N0715,N0762,0.0047,long_chord
N0716,N0763,0.0084,long_chord
N0717,N0764,0.0121,long_chord
N0718,N0765,0.0018,long_chord
N0719,N0766,0.0055,long_chord
N0720,N0767,0.0092,long_chord
N0721,N0768,0.0129,long_chord
N0722,N0769,0.0026,long_chord
N0723,N0770,0.0063,long_chord
N0724,N0771,0.0100,long_chord
N0725,N0772,0.0137,long_chord
N0726,N0773,0.0034,long_chord
N0727,N0774,0.0071,long_chord
N0728,N0775,0.0108,long_chord
N0729,N0776,0.0005,long_chord
N0730,N0777,0.0042,long_chord
N0731,N0778,0.0079,long_chord
N0732,N0779,0.0116,long_chord
N0733,N0780,0.0013,long_chord
N0734,N0781,0.0050,long_chord
N0735,N0782,0.0087,long_chord
N0736,N0783,0.0124,long_chord
N0737,N0784,0.0021,long_chord
N0738,N0785,0.0058,long_chord
N0739,N0786,0.0095,long_chord
N0740,N0787,0.0132,long_chord
N0741,N0788,0.0029,long_chord
N0742,N0789,0.0066,long_chord
N0743,N0790,0.0103,long_chord
N0744,N0791,0.0140,long_chord
N0745,N0792,0.0037,long_chord
N0746,N0793,0.0074,long_chord
N0747,N0794,0.0111,long_chord
N0748,N0795,0.0008,long_chord
N0749,N0796,0.0045,long_chord
N0750,N0797,0.0082,long_chord
N0751,N0798,0.0119,long_chord
N0752,N0799,0.0016,long_chord
N0753,N0800,0.0053,long_chord
N0754,N0801,0.0090,long_chord
N0755,N0802,0.0127,long_chord
N0756,N0803,0.0024,long_chord
N0757,N0804,0.0061,long_chord
N0758,N0805,0.0098,long_chord
N0759,N0806,0.0135,long_chord
N0760,N0807,0.0032,long_chord
N0761,N0808,0.0069,long_chord
N0762,N0809,0.0106,long_chord
N0763,N0810,0.0003,long_chord
N0764,N0811,0.0040,long_chord
N0765,N0812,0.0077,long_chord
N0766,N0813,0.0114,long_chord
N0767,N0814,0.0011,long_chord
N0768,N0815,0.0048,long_chord
N0769,N0816,0.0085,long_chord
N0770,N0817,0.0122,long_chord
N0771,N0818,0.0019,long_chord
N0772,N0819,0.0056,long_chord
N0773,N0820,0.0093,long_chord
N0774,N0821,0.0130,long_chord
N0775,N0822,0.0027,long_chord
N0776,N0823,0.0064,long_chord
N0777,N0824,0.0101,long_chord
N0778,N0825,0.0138,long_chord
N0779,N0826,0.0035,long_chord
N0780,N0827,0.0072,long_chord
N0781,N0828,0.0109,long_chord
N0782,N0829,0.0006,long_chord
N0783,N0830,0.0043,long_chord
N0784,N0831,0.0080,long_chord
N0785,N0832,0.0117,long_chord
N0786,N0833,0.0014,long_chord
N0787,N0834,0.0051,long_chord
N0788,N0835,0.0088,long_chord
N0789,N0836,0.0125,long_chord
N0790,N0837,0.0022,long_chord
N0791,N0838,0.0059,long_chord
N0792,N0839,0.0096,long_chord
N0793,N0840,0.0133,long_chord
N0794,N0841,0.0030,long_chord
N0795,N0842,0.0067,long_chord
N0796,N0843,0.0104,long_chord
N0797,N0844,0.0001,long_chord
N0798,N0845,0.0038,long_chord
N0799,N0846,0.0075,long_chord
N0800,N0847,0.0112,long_chord
N0801,N0848,0.0009,long_chord
N0802,N0849,0.0046,long_chord
N0803,N0850,0.0083,long_chord
N0804,N0851,0.0120,long_chord
N0805,N0852,0.0017,long_chord
N0806,N0853,0.0054,long_chord
N0807,N0854,0.0091,long_chord
N0808,N0855,0.0128,long_chord
N0809,N0856,0.0025,long_chord
N0810,N0857,0.0062,long_chord
N0811,N0858,0.0099,long_chord
N0812,N0859,0.0136,long_chord
N0813,N0860,0.0033,long_chord
N0814,N0861,0.0070,long_chord
N0815,N0862,0.0107,long_chord
N0816,N0863,0.0004,long_chord
N0817,N0864,0.0041,long_chord
N0818,N0865,0.0078,long_chord
N0819,N0866,0.0115,long_chord
N0820,N0867,0.0012,long_chord
N0821,N0868,0.0049,long_chord
N0822,N0869,0.0086,long_chord
N0823,N0870,0.0123,long_chord
N0824,N0871,0.0020,long_chord
N0825,N0872,0.0057,long_chord
N0826,N0873,0.0094,long_chord
N0827,N0874,0.0131,long_chord
N0828,N0875,0.0028,long_chord
N0829,N0876,0.0065,long_chord
N0830,N0877,0.0102,long_chord
N0831,N0878,0.0139,long_chord
N0832,N0879,0.0036,long_chord
N0833,N0880,0.0073,long_chord
N0834,N0881,0.0110,long_chord
N0835,N0882,0.0007,long_chord
N0836,N0883,0.0044,long_chord
N0837,N0884,0.0081,long_chord
N0838,N0885,0.0118,long_chord
N0839,N0886,0.0015,long_chord
N0840,N0887,0.0052,long_chord
N0841,N0888,0.0089,long_chord
N0842,N0889,0.0126,long_chord
N0843,N0890,0.0023,long_chord
N0844,N0891,0.0060,long_chord
N0845,N0892,0.0097,long_chord
N0846,N0893,0.0134,long_chord
N0847,N0894,0.0031,long_chord
N0848,N0895,0.0068,long_chord
N0849,N0896,0.0105,long_chord
N0850,N0897,0.0002,long_chord
N0851,N0898,0.0039,long_chord
N0852,N0899,0.0076,long_chord
N0853,N0900,0.0113,long_chord
N0854,N0901,0.0010,long_chord
N0855,N0902,0.0047,long_chord
N0856,N0903,0.0084,long_chord
N0857,N0904,0.0121,long_chord
N0858,N0905,0.0018,long_chord
N0859,N0906,0.0055,long_chord
N0860,N0907,0.0092,long_chord
N0861,N0908,0.0129,long_chord
N0862,N0909,0.0026,long_chord
N0863,N0910,0.0063,long_chord
N0864,N0911,0.0100,long_chord
N0865,N0912,0.0137,long_chord
N0866,N0913,0.0034,long_chord
N0867,N0914,0.0071,long_chord
N0868,N0915,0.0108,long_chord
N0869,N0916,0.0005,long_chord
N0870,N0917,0.0042,long_chord
N0871,N0918,0.0079,long_chord
N0872,N0919,0.0116,long_chord
N0873,N0920,0.0013,long_chord
N0874,N0921,0.0050,long_chord
N0875,N0922,0.0087,long_chord
N0876,N0923,0.0124,long_chord
N0877,N0924,0.0021,long_chord
N0878,N0925,0.0058,long_chord
N0879,N0926,0.0095,long_chord
N0880,N0927,0.0132,long_chord
N0881,N0928,0.0029,long_chord
N0882,N0929,0.0066,long_chord
N0883,N0930,0.0103,long_chord
N0884,N0931,0.0140,long_chord
N0885,N0932,0.0037,long_chord
N0886,N0933,0.0074,long_chord
N0887,N0934,0.0111,long_chord
N0888,N0935,0.0008,long_chord
N0889,N0936,0.0045,long_chord
N0890,N0937,0.0082,long_chord
N0891,N0938,0.0119,long_chord
N0892,N0939,0.0016,long_chord
N0893,N0940,0.0053,long_chord
N0894,N0941,0.0090,long_chord
N0895,N0942,0.0127,long_chord
N0896,N0943,0.0024,long_chord
N0897,N0944,0.0061,long_chord
N0898,N0945,0.0098,long_chord
N0899,N0946,0.0135,long_chord
N0900,N0947,0.0032,long_chord
N0901,N0948,0.0069,long_chord
N0902,N0949,0.0106,long_chord
N0903,N0950,0.0003,long_chord
N0904,N0951,0.0040,long_chord
N0905,N0952,0.0077,long_chord
N0906,N0953,0.0114,long_chord
N0907,N0954,0.0011,long_chord
N0908,N0955,0.0048,long_chord
N0909,N0956,0.0085,long_chord
N0910,N0957,0.0122,long_chord
N0911,N0958,0.0019,long_chord
N0912,N0959,0.0056,long_chord
N0913,N0960,0.0093,long_chord
N0914,N0961,0.0130,long_chord
N0915,N0962,0.0027,long_chord
N0916,N0963,0.0064,long_chord
N0917,N0964,0.0101,long_chord
N0918,N0965,0.0138,long_chord
N0919,N0966,0.0035,long_chord
N0920,N0967,0.0072,long_chord
N0921,N0968,0.0109,long_chord
N0922,N0969,0.0006,long_chord
N0923,N0970,0.0043,long_chord
N0924,N0971,0.0080,long_chord
N0925,N0972,0.0117,long_chord
N0926,N0973,0.0014,long_chord
N0927,N0974,0.0051,long_chord
N0928,N0975,0.0088,long_chord
N0929,N0976,0.0125,long_chord
N0930,N0977,0.0022,long_chord
N0931,N0978,0.0059,long_chord
N0932,N0979,0.0096,long_chord
N0933,N0980,0.0133,long_chord
N0934,N0981,0.0030,long_chord
N0935,N0982,0.0067,long_chord
N0936,N0983,0.0104,long_chord
N0937,N0984,0.0001,long_chord
N0938,N0985,0.0038,long_chord
N0939,N0986,0.0075,long_chord
N0940,N0987,0.0112,long_chord
N0941,N0988,0.0009,long_chord
N0942,N0989,0.0046,long_chord
N0943,N0990,0.0083,long_chord
N0944,N0991,0.0120,long_chord
N0945,N0992,0.0017,long_chord
N0946,N0993,0.0054,long_chord
N0947,N0994,0.0091,long_chord
N0948,N0995,0.0128,long_chord
N0949,N0996,0.0025,long_chord
N0950,N0997,0.0062,long_chord
N0951,N0998,0.0099,long_chord
N0952,N0999,0.0136,long_chord
N0953,N1000,0.0033,long_chord
N0954,N0001,0.0070,long_chord
N0955,N0002,0.0107,long_chord
N0956,N0003,0.0004,long_chord
N0957,N0004,0.0041,long_chord
N0958,N0005,0.0078,long_chord
N0959,N0006,0.0115,long_chord
N0960,N0007,0.0012,long_chord
N0961,N0008,0.0049,long_chord
N0962,N0009,0.0086,long_chord
N0963,N0010,0.0123,long_chord
N0964,N0011,0.0020,long_chord
N0965,N0012,0.0057,long_chord
N0966,N0013,0.0094,long_chord
N0967,N0014,0.0131,long_chord
N0968,N0015,0.0028,long_chord
N0969,N0016,0.0065,long_chord
N0970,N0017,0.0102,long_chord
N0971,N0018,0.0139,long_chord
N0972,N0019,0.0036,long_chord
N0973,N0020,0.0073,long_chord
N0974,N0021,0.0110,long_chord
N0975,N0022,0.0007,long_chord
N0976,N0023,0.0044,long_chord
N0977,N0024,0.0081,long_chord
N0978,N0025,0.0118,long_chord
N0979,N0026,0.0015,long_chord
N0980,N0027,0.0052,long_chord
N0981,N0028,0.0089,long_chord
N0982,N0029,0.0126,long_chord
N0983,N0030,0.0023,long_chord
N0984,N0031,0.0060,long_chord
N0985,N0032,0.0097,long_chord
N0986,N0033,0.0134,long_chord
N0987,N0034,0.0031,long_chord
N0988,N0035,0.0068,long_chord
N0989,N0036,0.0105,long_chord
N0990,N0037,0.0002,long_chord
N0991,N0038,0.0039,long_chord
N0992,N0039,0.0076,long_chord
N0993,N0040,0.0113,long_chord
N0994,N0041,0.0010,long_chord
N0995,N0042,0.0047,long_chord
N0996,N0043,0.0084,long_chord
N0997,N0044,0.0121,long_chord
N0998,N0045,0.0018,long_chord
N0999,N0046,0.0055,long_chord
N1000,N0047,0.0092,long_chord
