{"type":"FeatureCollection","name":"Brazil States","metadata":{"units":"26 states plus Distrito Federal","coordinate_reference_system":"WGS84 longitude/latitude","note":"Simplified boundary file generated from installed Basemap administrative/coastline linework and a Brazil country mask."},"features":[{"type":"Feature","properties":{"name":"Acre","sigla":"AC","ibge_code":"12"},"geometry":{"type":"Polygon","coordinates":[[[-73.727235,-7.075514],[-73.727235,-7.335514],[-73.787235,-7.355513999999999],[-73.80723499999999,-7.395514],[-73.847235,-7.395514],[-73.867235,-7.4355139999999995],[-73.907235,-7.4355139999999995],[-73.94723499999999,-7.495514],[-73.987235,-7.495514],[-73.987235,-7.575514],[-73.967235,-7.575514],[-73.967235,-7.615513999999999],[-73.927235,-7.655514],[-73.927235,-7.715514000000001],[-73.887235,-7.755514],[-73.887235,-7.795514000000001],[-73.867235,-7.795514000000001],[-73.827235,-7.915514],[-73.80723499999999,-7.915514],[-73.80723499999999,-7.975514],[-73.787235,-7.975514],[-73.747235,-8.095514],[-73.727235,-8.095514],[-73.727235,-8.135514],[-73.687235,-8.175514],[-73.687235,-8.235514],[-73.647235,-8.275514],[-73.58723499999999,-8.435514],[-73.507235,-8.495514],[-73.507235,-8.535514000000001],[-73.287235,-8.735514],[-73.287235,-8.775514],[-73.027235,-9.035514000000001],[-73.067235,-9.135514],[-73.08723499999999,-9.135514],[-73.08723499999999,-9.175514],[-73.107235,-9.175514],[-73.107235,-9.215514],[-73.127235,-9.215514],[-73.127235,-9.255514],[-73.147235,-9.255514],[-73.147235,-9.295514],[-73.167235,-9.295514],[-73.167235,-9.335514],[-73.187235,-9.335514],[-73.187235,-9.375514],[-73.207235,-9.375514],[-73.207235,-9.415514],[-73.227235,-9.415514],[-73.227235,-9.475514],[-72.567235,-9.535514000000001],[-72.527235,-9.575514],[-72.527235,-9.615514],[-72.467235,-9.655514],[-72.467235,-9.695514],[-72.427235,-9.715514],[-72.427235,-9.755514],[-72.387235,-9.775514],[-72.387235,-9.815514],[-72.287235,-9.915514],[-72.287235,-9.955514],[-72.227235,-9.995514],[-72.207235,-10.055514],[-72.127235,-10.055514],[-72.127235,-10.075514],[-71.44723499999999,-10.075514],[-71.44723499999999,-10.095514],[-71.287235,-10.095514],[-71.267235,-10.055514],[-71.167235,-10.015514],[-71.127235,-9.955514],[-71.027235,-9.915514],[-70.987235,-9.855514],[-70.887235,-9.815514],[-70.767235,-9.695514],[-70.727235,-9.695514],[-70.627235,-9.595514],[-70.58723499999999,-9.595514],[-70.567235,-9.555514],[-70.527235,-9.555514],[-70.487235,-9.515514],[-70.487235,-9.595514],[-70.507235,-9.595514],[-70.507235,-10.055514],[-70.527235,-10.055514],[-70.527235,-10.515514000000001],[-70.547235,-10.515514000000001],[-70.547235,-10.975513999999999],[-70.567235,-10.975513999999999],[-70.567235,-11.015514000000001],[-70.527235,-11.015514000000001],[-70.527235,-11.035514000000001],[-70.207235,-11.095514],[-70.207235,-11.115514],[-70.147235,-11.115514],[-70.147235,-11.135513999999999],[-70.047235,-11.135513999999999],[-70.047235,-11.115514],[-69.987235,-11.115514],[-69.987235,-11.095514],[-69.867235,-11.075514],[-69.867235,-11.055514],[-69.787235,-11.055514],[-69.787235,-11.035514000000001],[-69.727235,-11.035514000000001],[-69.727235,-11.015514000000001],[-69.667235,-11.015514000000001],[-69.667235,-10.995514000000002],[-69.607235,-10.995514000000002],[-69.607235,-10.975513999999999],[-69.527235,-10.975513999999999],[-69.527235,-10.955513999999999],[-69.507235,-10.975513999999999],[-69.327235,-10.975513999999999],[-69.327235,-10.995514000000002],[-68.987235,-11.015514000000001],[-68.987235,-11.035514000000001],[-68.80723499999999,-11.035514000000001],[-68.80723499999999,-11.055514],[-68.747235,-11.055514],[-68.747235,-11.035514000000001],[-68.287235,-11.035514000000001],[-68.287235,-11.015514000000001],[-68.227235,-10.995514000000002],[-68.227235,-10.955513999999999],[-68.107235,-10.835514000000002],[-68.107235,-10.795513999999999],[-68.047235,-10.755514],[-68.047235,-10.715514],[-68.007235,-10.715514],[-67.967235,-10.675514000000002],[-67.907235,-10.675514000000002],[-67.907235,-10.655513999999998],[-67.867235,-10.655513999999998],[-67.827235,-10.615514],[-67.667235,-10.555514],[-67.667235,-10.535514000000001],[-67.607235,-10.535514000000001],[-67.607235,-10.515514000000001],[-67.527235,-10.495514000000002],[-67.527235,-10.475513999999999],[-67.407235,-10.435514],[-67.407235,-10.415514],[-67.347235,-10.415514],[-67.347235,-10.395514],[-67.267235,-10.375514],[-67.267235,-10.355514000000001],[-67.187235,-10.335514000000002],[-67.187235,-10.315513999999999],[-67.147235,-10.315513999999999],[-67.127235,-10.275514],[-67.08723499999999,-10.275514],[-66.987235,-10.175514],[-66.94723499999999,-10.175514],[-66.847235,-10.075514],[-66.80723499999999,-10.075514],[-66.707235,-9.975514],[-66.647235,-9.955514],[-66.647235,-9.915514],[-66.767235,-9.875514],[-66.787235,-9.835514],[-66.867235,-9.835514],[-66.867235,-9.815514],[-66.967235,-9.795514],[-66.967235,-9.775514],[-67.027235,-9.775514],[-67.067235,-9.735514],[-67.107235,-9.735514],[-67.107235,-9.715514],[-67.267235,-9.675514],[-67.30723499999999,-9.635514],[-67.347235,-9.635514],[-67.347235,-9.615514],[-67.407235,-9.615514],[-67.44723499999999,-9.575514],[-67.607235,-9.535514000000001],[-67.607235,-9.515514],[-67.687235,-9.495514],[-67.687235,-9.475514],[-67.747235,-9.475514],[-67.787235,-9.435514],[-67.847235,-9.435514],[-67.847235,-9.415514],[-67.927235,-9.395514],[-67.927235,-9.375514],[-67.987235,-9.375514],[-67.987235,-9.355514],[-68.027235,-9.355514],[-68.067235,-9.315514],[-68.127235,-9.315514],[-68.127235,-9.295514],[-68.167235,-9.295514],[-68.207235,-9.255514],[-68.267235,-9.255514],[-68.267235,-9.235514],[-68.387235,-9.195514],[-68.387235,-9.175514],[-68.44723499999999,-9.175514],[-68.44723499999999,-9.155514],[-68.527235,-9.135514],[-68.527235,-9.115514],[-68.58723499999999,-9.115514],[-68.58723499999999,-9.095514],[-68.787235,-9.015514],[-68.80723499999999,-8.975514],[-68.847235,-8.975514],[-68.847235,-8.955514],[-68.887235,-8.955514],[-68.927235,-8.915514],[-69.08723499999999,-8.855514],[-69.107235,-8.815514],[-69.267235,-8.755514],[-69.30723499999999,-8.715514],[-69.347235,-8.715514],[-69.347235,-8.695514],[-69.387235,-8.695514],[-69.407235,-8.655514],[-69.607235,-8.575514],[-69.647235,-8.535514000000001],[-69.687235,-8.535514000000001],[-69.707235,-8.495514],[-69.747235,-8.495514],[-69.747235,-8.475514],[-69.827235,-8.455514],[-69.867235,-8.415514],[-69.987235,-8.375514],[-70.007235,-8.335514],[-70.047235,-8.335514],[-70.08723499999999,-8.295514],[-70.287235,-8.215514],[-70.30723499999999,-8.175514],[-70.527235,-8.135514],[-70.527235,-8.115514],[-70.607235,-8.115514],[-70.607235,-8.095514],[-70.667235,-8.095514],[-70.667235,-8.075514],[-70.907235,-8.035514000000001],[-70.907235,-8.015514],[-70.987235,-8.015514],[-70.987235,-7.995514],[-71.067235,-7.995514],[-71.067235,-7.975514],[-71.147235,-7.975514],[-71.147235,-7.955514000000001],[-71.227235,-7.955514000000001],[-71.227235,-7.9355139999999995],[-71.30723499999999,-7.9355139999999995],[-71.30723499999999,-7.915514],[-71.407235,-7.915514],[-71.407235,-7.895514],[-71.567235,-7.875514000000001],[-71.567235,-7.855513999999999],[-71.647235,-7.855513999999999],[-71.647235,-7.835514],[-71.727235,-7.835514],[-71.727235,-7.815514],[-71.827235,-7.815514],[-71.827235,-7.795514000000001],[-71.907235,-7.795514000000001],[-71.907235,-7.775513999999999],[-71.987235,-7.775513999999999],[-71.987235,-7.755514],[-72.147235,-7.735514],[-72.147235,-7.715514000000001],[-72.247235,-7.715514000000001],[-72.247235,-7.695513999999999],[-72.567235,-7.635514000000001],[-72.567235,-7.615513999999999],[-72.647235,-7.615513999999999],[-72.647235,-7.595514],[-72.727235,-7.575514],[-72.727235,-7.5555140000000005],[-72.80723499999999,-7.535514000000001],[-72.80723499999999,-7.515514],[-72.887235,-7.495514],[-72.887235,-7.475514],[-72.967235,-7.455514000000001],[-73.007235,-7.415514],[-73.067235,-7.415514],[-73.067235,-7.395514],[-73.107235,-7.395514],[-73.107235,-7.375514000000001],[-73.147235,-7.375514000000001],[-73.147235,-7.355513999999999],[-73.187235,-7.355513999999999],[-73.187235,-7.335514],[-73.227235,-7.335514],[-73.227235,-7.315514],[-73.267235,-7.315514],[-73.267235,-7.295514000000001],[-73.30723499999999,-7.295514000000001],[-73.30723499999999,-7.275513999999999],[-73.347235,-7.275513999999999],[-73.347235,-7.255514],[-73.387235,-7.255514],[-73.387235,-7.235514],[-73.427235,-7.235514],[-73.427235,-7.215514000000001],[-73.467235,-7.215514000000001],[-73.467235,-7.195513999999999],[-73.507235,-7.195513999999999],[-73.507235,-7.175514],[-73.547235,-7.175514],[-73.547235,-7.155514],[-73.58723499999999,-7.155514],[-73.58723499999999,-7.135514000000001],[-73.627235,-7.135514000000001],[-73.627235,-7.115513999999999],[-73.727235,-7.075514]]]}},{"type":"Feature","properties":{"name":"Alagoas","sigla":"AL","ibge_code":"27"},"geometry":{"type":"Polygon","coordinates":[[[-35.547235,-8.835514],[-35.547235,-8.855514],[-35.647234999999995,-8.875514],[-35.707235,-8.935514],[-35.767235,-8.915514],[-35.787234999999995,-8.875514],[-35.947235,-8.895514],[-35.947235,-8.915514],[-36.027235,-8.895514],[-36.227235,-9.095514],[-36.227235,-9.155514],[-36.267235,-9.195514],[-36.307235,-9.195514],[-36.327234999999995,-9.235514],[-36.467234999999995,-9.255514],[-36.527235,-9.315514],[-36.567235,-9.315514],[-36.567235,-9.335514],[-36.867235,-9.315514],[-36.887235,-9.295514],[-36.927234999999996,-9.335514],[-36.927234999999996,-9.375514],[-36.967234999999995,-9.375514],[-37.007234999999994,-9.315514],[-37.147234999999995,-9.295514],[-37.427234999999996,-9.015514],[-37.507234999999994,-9.035514000000001],[-37.527235,-8.995514],[-37.587235,-8.995514],[-37.607234999999996,-9.035514000000001],[-37.687234999999994,-9.035514000000001],[-37.707235,-9.015514],[-37.687234999999994,-8.935514],[-37.767235,-8.855514],[-37.767235,-8.875514],[-37.807235,-8.875514],[-37.807235,-8.995514],[-37.907235,-9.055514],[-37.987235,-9.175514],[-38.107234999999996,-9.195514],[-38.147234999999995,-9.275514],[-38.227235,-9.315514],[-38.227235,-9.355514],[-38.187234999999994,-9.375514],[-38.187234999999994,-9.415514],[-38.147234999999995,-9.455514],[-38.087235,-9.435514],[-37.967234999999995,-9.555514],[-37.907235,-9.555514],[-37.867235,-9.595514],[-37.827234999999995,-9.595514],[-37.787234999999995,-9.655514],[-37.667235,-9.655514],[-37.587235,-9.735514],[-37.347235,-9.775514],[-37.207235,-9.915514],[-37.107234999999996,-9.915514],[-37.047235,-9.995514],[-36.947235,-9.995514],[-36.927234999999996,-10.015514],[-36.927234999999996,-10.115514000000001],[-36.827234999999995,-10.175514],[-36.807235,-10.235514],[-36.747234999999996,-10.235514],[-36.707235,-10.275514],[-36.607234999999996,-10.255514],[-36.567235,-10.295513999999999],[-36.567235,-10.335514000000002],[-36.547235,-10.335514000000002],[-36.547235,-10.415514],[-36.427234999999996,-10.455513999999999],[-35.967234999999995,-9.975514],[-35.927234999999996,-9.975514],[-35.607234999999996,-9.655514],[-35.607234999999996,-9.615514],[-35.547235,-9.575514],[-35.547235,-9.535514000000001],[-35.467234999999995,-9.475514],[-35.467234999999995,-9.435514],[-35.407235,-9.395514],[-35.407235,-9.355514],[-35.327234999999995,-9.295514],[-35.327234999999995,-9.255514],[-35.267235,-9.215514],[-35.267235,-9.175514],[-35.187234999999994,-9.115514],[-35.187234999999994,-9.075514],[-35.107234999999996,-8.995514],[-35.107234999999996,-8.935514],[-35.147234999999995,-8.935514],[-35.147234999999995,-8.915514],[-35.407235,-8.895514],[-35.467234999999995,-8.835514],[-35.547235,-8.835514]]]}},{"type":"Feature","properties":{"name":"Amapá","sigla":"AP","ibge_code":"16"},"geometry":{"type":"Polygon","coordinates":[[[-51.467235,4.204486],[-51.467235,4.184486],[-51.607235,4.184486],[-51.607235,4.164486],[-51.667235,4.164486],[-51.707235,4.124486],[-51.707235,4.084486],[-51.787234999999995,4.004486],[-51.787234999999995,3.964486],[-51.827235,3.9444860000000004],[-51.847235,3.8644860000000003],[-51.927234999999996,3.7844860000000002],[-51.927234999999996,3.744486],[-51.967235,3.724486],[-52.007234999999994,3.624486],[-52.047235,3.604486],[-52.067235,3.524486],[-52.107235,3.504486],[-52.147234999999995,3.4044860000000003],[-52.22723499999999,3.3244860000000003],[-52.22723499999999,3.2844860000000002],[-52.267235,3.244486],[-52.287234999999995,3.164486],[-52.307235,3.164486],[-52.307235,3.104486],[-52.327235,3.104486],[-52.327235,3.064486],[-52.367234999999994,3.024486],[-52.367234999999994,2.964486],[-52.407235,2.9244860000000004],[-52.407235,2.8644860000000003],[-52.447235,2.8244860000000003],[-52.447235,2.7844860000000002],[-52.467235,2.7844860000000002],[-52.467235,2.724486],[-52.507234999999994,2.684486],[-52.507234999999994,2.624486],[-52.547235,2.584486],[-52.567235,2.504486],[-52.947235,2.124486],[-53.08723499999999,2.124486],[-53.08723499999999,2.104486],[-53.22723499999999,2.104486],[-53.22723499999999,2.084486],[-53.407235,2.064486],[-53.447235,2.164486],[-53.467235,2.164486],[-53.467235,2.204486],[-53.487235,2.204486],[-53.487235,2.244486],[-53.507234999999994,2.244486],[-53.507234999999994,2.2844860000000002],[-53.527235,2.2844860000000002],[-53.527235,2.3244860000000003],[-53.58723499999999,2.3444860000000003],[-53.58723499999999,2.3644860000000003],[-53.707235,2.3644860000000003],[-53.707235,2.3844860000000003],[-53.807235,2.3844860000000003],[-54.067235,2.124486],[-54.127235,2.124486],[-54.127235,2.144486],[-54.327235,2.224486],[-54.327235,2.244486],[-54.447235,2.2844860000000002],[-54.447235,2.3044860000000003],[-54.607235,2.3444860000000003],[-54.647234999999995,2.3844860000000003],[-54.707235,2.3644860000000003],[-54.707235,2.244486],[-54.787234999999995,2.184486],[-54.787234999999995,2.124486],[-54.747234999999996,2.084486],[-54.787234999999995,2.044486],[-54.787234999999995,2.004486],[-54.747234999999996,1.984486],[-54.767235,1.8844860000000003],[-54.747234999999996,1.8844860000000003],[-54.747234999999996,1.7844860000000002],[-54.72723499999999,1.7644860000000002],[-54.567235,1.7844860000000002],[-54.527235,1.7444860000000002],[-54.427234999999996,1.7444860000000002],[-54.427234999999996,1.7644860000000002],[-54.407235,1.7444860000000002],[-54.307235,1.7444860000000002],[-54.207235,1.6444860000000006],[-54.167235,1.6644860000000001],[-54.047235,1.504486],[-53.967235,1.504486],[-53.867234999999994,1.3844859999999999],[-53.747234999999996,1.4044860000000003],[-53.747234999999996,1.424486],[-53.647234999999995,1.4044860000000003],[-53.627235,1.3644860000000003],[-53.547235,1.3444859999999998],[-53.547235,1.2844860000000002],[-53.507234999999994,1.2444860000000002],[-53.427234999999996,1.2444860000000002],[-53.407235,1.2244859999999997],[-53.407235,1.1844859999999997],[-53.447235,1.1644860000000001],[-53.427234999999996,0.964486],[-53.327235,0.8644860000000003],[-53.327235,0.8244860000000003],[-53.287234999999995,0.7844860000000002],[-53.107235,0.7244859999999997],[-53.127235,0.3844859999999999],[-53.107235,0.3844859999999999],[-53.08723499999999,0.28448600000000024],[-53.027235,0.2444860000000002],[-53.027235,0.1844859999999997],[-53.007234999999994,0.1844859999999997],[-53.007234999999994,0.024486000000000452],[-52.947235,-0.035514000000000046],[-52.927234999999996,-0.17551399999999973],[-52.887235,-0.21551399999999976],[-52.867234999999994,-0.1955140000000002],[-52.787234999999995,-0.1955140000000002],[-52.687235,-0.29551399999999983],[-52.687235,-0.35551400000000033],[-52.627235,-0.39551400000000037],[-52.627235,-0.5755140000000001],[-52.607235,-0.5755140000000001],[-52.58723499999999,-0.6355139999999997],[-52.507234999999994,-0.6555140000000002],[-52.507234999999994,-0.8755139999999999],[-52.387235,-0.8755139999999999],[-52.367234999999994,-0.8955140000000004],[-52.387235,-0.995514],[-52.367234999999994,-0.995514],[-52.367234999999994,-1.0555139999999996],[-52.287234999999995,-1.1355139999999997],[-52.247234999999996,-1.1355139999999997],[-52.247234999999996,-1.1555140000000002],[-52.107235,-1.1555140000000002],[-52.08723499999999,-1.1955140000000002],[-52.007234999999994,-1.1755139999999997],[-51.967235,-1.1355139999999997],[-51.967235,-1.1555140000000002],[-51.887235,-1.1755139999999997],[-51.847235,-1.2355140000000002],[-51.807235,-1.2355140000000002],[-51.787234999999995,-1.2755140000000003],[-51.627235,-1.2155139999999998],[-51.607235,-1.1755139999999997],[-51.567235,-1.1755139999999997],[-51.567235,-1.1355139999999997],[-51.487235,-1.0555139999999996],[-51.487235,-1.0155139999999996],[-51.427234999999996,-0.9755139999999995],[-51.407235,-0.8755139999999999],[-51.347235,-0.8155140000000003],[-51.307235,-0.8155140000000003],[-51.267235,-0.7555139999999998],[-51.22723499999999,-0.7555139999999998],[-51.187235,-0.7155139999999998],[-51.187235,-0.6755139999999997],[-51.107235,-0.5955139999999997],[-51.027235,-0.5155139999999996],[-50.987235,-0.5155139999999996],[-50.967235,-0.47551399999999955],[-50.927234999999996,-0.47551399999999955],[-50.927234999999996,-0.455514],[-50.607235,-0.39551400000000037],[-50.607235,-0.3755139999999999],[-50.307235,-0.3755139999999999],[-50.307235,-0.39551400000000037],[-50.067235,-0.39551400000000037],[-50.067235,-0.41551399999999994],[-49.887235,-0.41551399999999994],[-49.887235,-0.4355139999999995],[-49.72723499999999,-0.4355139999999995],[-49.72723499999999,-0.455514],[-49.58723499999999,-0.455514],[-49.567235,-0.47551399999999955],[-49.547235,-0.41551399999999994],[-49.507234999999994,-0.39551400000000037],[-49.487235,-0.3155140000000003],[-49.447235,-0.29551399999999983],[-49.447235,-0.2555139999999998],[-49.407235,-0.23551400000000022],[-49.407235,-0.1955140000000002],[-49.367234999999994,-0.17551399999999973],[-49.367234999999994,-0.15551400000000015],[-49.507234999999994,-0.15551400000000015],[-49.507234999999994,-0.1355139999999997],[-50.387235,-0.07551400000000008],[-50.667235,0.20448600000000017],[-50.667235,0.2444860000000002],[-50.58723499999999,0.3044859999999998],[-50.58723499999999,0.34448599999999985],[-50.367234999999994,0.544486],[-50.367234999999994,0.5844860000000001],[-50.167235,0.7644859999999998],[-50.167235,0.8044859999999998],[-49.927234999999996,1.044486],[-49.947235,1.0644860000000005],[-49.967235,1.7444860000000002],[-50.047235,1.7644860000000002],[-50.047235,1.7844860000000002],[-50.127235,1.7844860000000002],[-50.127235,1.8044860000000003],[-50.247234999999996,1.8244860000000003],[-50.247234999999996,1.8444860000000003],[-50.307235,1.8444860000000003],[-50.307235,1.8644860000000003],[-50.387235,1.8644860000000003],[-50.387235,1.8844860000000003],[-50.507234999999994,1.9044860000000003],[-50.507234999999994,1.964486],[-50.527235,1.964486],[-50.527235,2.024486],[-50.547235,2.024486],[-50.547235,2.084486],[-50.567235,2.084486],[-50.567235,2.164486],[-50.58723499999999,2.164486],[-50.58723499999999,2.224486],[-50.607235,2.224486],[-50.647234999999995,2.4044860000000003],[-50.667235,2.4044860000000003],[-50.667235,2.464486],[-50.687235,2.464486],[-50.687235,2.524486],[-50.707235,2.524486],[-50.707235,2.584486],[-50.72723499999999,2.584486],[-50.72723499999999,2.664486],[-50.747234999999996,2.664486],[-50.747234999999996,2.724486],[-50.767235,2.724486],[-50.807235,2.9044860000000003],[-50.827235,2.9044860000000003],[-50.867234999999994,3.084486],[-50.887235,3.084486],[-50.887235,3.144486],[-50.907235,3.144486],[-50.907235,3.224486],[-50.927234999999996,3.224486],[-50.927234999999996,3.2844860000000002],[-50.947235,3.2844860000000002],[-50.947235,3.3444860000000003],[-50.967235,3.3444860000000003],[-51.027235,3.584486],[-51.047235,3.584486],[-51.067235,3.704486],[-51.08723499999999,3.704486],[-51.08723499999999,3.744486],[-51.107235,3.744486],[-51.107235,3.7844860000000002],[-51.147234999999995,3.8244860000000003],[-51.147234999999995,3.884486],[-51.167235,3.884486],[-51.167235,3.924486],[-51.187235,3.924486],[-51.187235,3.964486],[-51.22723499999999,4.004486],[-51.22723499999999,4.0644860000000005],[-51.267235,4.104486],[-51.287234999999995,4.184486],[-51.307235,4.204486],[-51.467235,4.204486]]]}},{"type":"Feature","properties":{"name":"Amazonas","sigla":"AM","ibge_code":"13"},"geometry":{"type":"Polygon","coordinates":[[[-63.467235,2.184486],[-63.467235,2.164486],[-63.527235,2.164486],[-63.567235,2.124486],[-63.627235,2.124486],[-63.667235,2.084486],[-63.727235,2.084486],[-63.767235,2.044486],[-63.827235,2.044486],[-63.867234999999994,2.004486],[-63.927234999999996,2.004486],[-63.967235,1.964486],[-64.067235,1.944486],[-64.107235,1.9044860000000003],[-64.147235,1.6844859999999997],[-64.167235,1.6844859999999997],[-64.187235,1.544486],[-64.207235,1.544486],[-64.227235,1.4844860000000004],[-64.387235,1.4444860000000004],[-64.427235,1.4044860000000003],[-64.487235,1.4044860000000003],[-64.487235,1.3844859999999999],[-64.58723499999999,1.3644860000000003],[-64.627235,1.3244860000000003],[-64.707235,1.3244860000000003],[-64.707235,1.3044859999999998],[-64.94723499999999,1.2444860000000002],[-64.94723499999999,1.2244859999999997],[-65.08723499999999,1.2044860000000002],[-65.08723499999999,1.1844859999999997],[-65.147235,1.1844859999999997],[-65.147235,1.1644860000000001],[-65.207235,1.1644860000000001],[-65.207235,1.1444859999999997],[-65.367235,1.1044860000000005],[-65.387235,1.044486],[-65.427235,1.0244860000000005],[-65.427235,0.9844860000000004],[-65.467235,0.964486],[-65.467235,0.9244859999999999],[-65.507235,0.9044860000000003],[-65.547235,0.8044859999999998],[-65.607235,0.8044859999999998],[-65.607235,0.7844860000000002],[-65.847235,0.7844860000000002],[-65.847235,0.7644859999999998],[-66.08723499999999,0.7644859999999998],[-66.08723499999999,0.7444860000000002],[-66.327235,0.7444860000000002],[-66.327235,0.7644859999999998],[-66.367235,0.7644859999999998],[-66.847235,1.2644859999999998],[-66.907235,1.2644859999999998],[-66.927235,1.2244859999999997],[-66.967235,1.2244859999999997],[-66.987235,1.1844859999999997],[-67.027235,1.1844859999999997],[-67.067235,1.1444859999999997],[-67.067235,1.2044860000000002],[-67.08723499999999,1.2044860000000002],[-67.08723499999999,1.2644859999999998],[-67.107235,1.2644859999999998],[-67.147235,1.4444860000000004],[-67.167235,1.4444860000000004],[-67.227235,1.6844859999999997],[-67.247235,1.6844859999999997],[-67.247235,1.7444860000000002],[-67.507235,2.004486],[-67.507235,2.044486],[-67.567235,2.044486],[-67.627235,1.984486],[-67.627235,1.944486],[-67.867235,1.7044860000000002],[-69.827235,1.7244859999999997],[-69.827235,1.2044860000000002],[-69.80723499999999,1.2044860000000002],[-69.80723499999999,1.084486],[-69.787235,1.0644860000000005],[-69.667235,1.0644860000000005],[-69.667235,1.044486],[-69.567235,1.044486],[-69.567235,1.0244860000000005],[-69.227235,0.9844860000000004],[-69.227235,0.9044860000000003],[-69.247235,0.9044860000000003],[-69.247235,0.6644860000000001],[-69.267235,0.6644860000000001],[-69.267235,0.6244860000000001],[-69.467235,0.7244859999999997],[-69.467235,0.7044860000000002],[-69.527235,0.7044860000000002],[-69.527235,0.6844859999999997],[-69.607235,0.6844859999999997],[-69.607235,0.6644860000000001],[-69.747235,0.6444859999999997],[-69.747235,0.6244860000000001],[-69.80723499999999,0.6244860000000001],[-69.80723499999999,0.6044860000000005],[-69.887235,0.6044860000000005],[-69.887235,0.5844860000000001],[-69.94723499999999,0.5844860000000001],[-69.94723499999999,0.5644860000000005],[-70.027235,0.544486],[-70.027235,-0.21551399999999976],[-69.987235,-0.21551399999999976],[-69.927235,-0.29551399999999983],[-69.887235,-0.29551399999999983],[-69.80723499999999,-0.39551400000000037],[-69.767235,-0.39551400000000037],[-69.687235,-0.495514],[-69.647235,-0.495514],[-69.58723499999999,-0.5555139999999996],[-69.547235,-0.7355140000000002],[-69.527235,-0.7355140000000002],[-69.527235,-0.8155140000000003],[-69.507235,-0.8155140000000003],[-69.507235,-0.8955140000000004],[-69.487235,-0.8955140000000004],[-69.487235,-0.955514],[-69.467235,-0.955514],[-69.467235,-1.035514],[-69.44723499999999,-1.035514],[-69.44723499999999,-1.1155140000000001],[-69.427235,-1.1155140000000001],[-69.467235,-1.6955140000000002],[-69.487235,-1.6955140000000002],[-69.507235,-1.9355139999999995],[-69.527235,-1.9355139999999995],[-69.58723499999999,-2.415514],[-69.607235,-2.415514],[-69.647235,-2.7755139999999994],[-69.667235,-2.7755139999999994],[-69.667235,-2.915514],[-69.687235,-2.915514],[-69.687235,-3.035513999999999],[-69.707235,-3.035513999999999],[-69.727235,-3.2755139999999994],[-69.747235,-3.2755139999999994],[-69.80723499999999,-3.755514],[-69.827235,-3.755514],[-69.847235,-3.995514],[-69.867235,-3.995514],[-69.887235,-4.255514],[-69.927235,-4.295514000000001],[-69.927235,-4.275513999999999],[-70.327235,-4.275513999999999],[-70.327235,-4.255514],[-70.707235,-4.255514],[-70.707235,-4.235514],[-70.80723499999999,-4.235514],[-70.907235,-4.335514],[-70.927235,-4.395514],[-71.167235,-4.4355139999999995],[-71.167235,-4.455514000000001],[-71.247235,-4.455514000000001],[-71.247235,-4.475514],[-71.347235,-4.475514],[-71.347235,-4.495514],[-71.58723499999999,-4.535513999999999],[-71.58723499999999,-4.5555140000000005],[-71.767235,-4.575514],[-71.787235,-4.615513999999999],[-71.827235,-4.615513999999999],[-71.887235,-4.675514],[-71.967235,-4.695513999999999],[-71.987235,-4.735514],[-72.067235,-4.755514],[-72.08723499999999,-4.795514000000001],[-72.207235,-4.835514],[-72.227235,-4.875514000000001],[-72.30723499999999,-4.895514],[-72.327235,-4.9355139999999995],[-72.407235,-4.955514000000001],[-72.427235,-4.995514],[-72.467235,-4.995514],[-72.527235,-5.0555140000000005],[-72.607235,-5.075514],[-72.627235,-5.115513999999999],[-72.707235,-5.135514000000001],[-72.727235,-5.175514],[-72.767235,-5.175514],[-72.827235,-5.235514],[-72.907235,-5.255514],[-72.967235,-5.735514],[-73.067235,-5.835514],[-73.107235,-5.9355139999999995],[-73.167235,-5.975514],[-73.167235,-6.015514],[-73.227235,-6.0555140000000005],[-73.227235,-6.175514],[-73.207235,-6.175514],[-73.167235,-6.495514],[-73.147235,-6.495514],[-73.147235,-6.595514],[-73.127235,-6.615513999999999],[-73.227235,-6.655514],[-73.227235,-6.675514],[-73.267235,-6.675514],[-73.267235,-6.695513999999999],[-73.30723499999999,-6.695513999999999],[-73.30723499999999,-6.715514000000001],[-73.347235,-6.715514000000001],[-73.347235,-6.735514],[-73.387235,-6.735514],[-73.387235,-6.755514],[-73.427235,-6.755514],[-73.427235,-6.775513999999999],[-73.467235,-6.775513999999999],[-73.467235,-6.795514000000001],[-73.527235,-6.795514000000001],[-73.567235,-6.835514],[-73.727235,-6.895514],[-73.727235,-7.075514],[-73.627235,-7.115513999999999],[-73.627235,-7.135514000000001],[-73.58723499999999,-7.135514000000001],[-73.58723499999999,-7.155514],[-73.547235,-7.155514],[-73.547235,-7.175514],[-73.507235,-7.175514],[-73.507235,-7.195513999999999],[-73.467235,-7.195513999999999],[-73.467235,-7.215514000000001],[-73.427235,-7.215514000000001],[-73.427235,-7.235514],[-73.387235,-7.235514],[-73.387235,-7.255514],[-73.347235,-7.255514],[-73.347235,-7.275513999999999],[-73.30723499999999,-7.275513999999999],[-73.30723499999999,-7.295514000000001],[-73.267235,-7.295514000000001],[-73.267235,-7.315514],[-73.227235,-7.315514],[-73.227235,-7.335514],[-73.187235,-7.335514],[-73.187235,-7.355513999999999],[-73.147235,-7.355513999999999],[-73.147235,-7.375514000000001],[-73.107235,-7.375514000000001],[-73.107235,-7.395514],[-73.067235,-7.395514],[-73.067235,-7.415514],[-73.007235,-7.415514],[-73.007235,-7.4355139999999995],[-72.927235,-7.455514000000001],[-72.887235,-7.495514],[-72.80723499999999,-7.515514],[-72.80723499999999,-7.535514000000001],[-72.727235,-7.5555140000000005],[-72.687235,-7.595514],[-72.647235,-7.595514],[-72.647235,-7.615513999999999],[-72.567235,-7.615513999999999],[-72.567235,-7.635514000000001],[-72.487235,-7.635514000000001],[-72.487235,-7.655514],[-72.327235,-7.675514],[-72.327235,-7.695513999999999],[-72.247235,-7.695513999999999],[-72.247235,-7.715514000000001],[-72.147235,-7.715514000000001],[-72.147235,-7.735514],[-71.907235,-7.775513999999999],[-71.907235,-7.795514000000001],[-71.827235,-7.795514000000001],[-71.827235,-7.815514],[-71.727235,-7.815514],[-71.727235,-7.835514],[-71.567235,-7.855513999999999],[-71.567235,-7.875514000000001],[-71.487235,-7.875514000000001],[-71.487235,-7.895514],[-71.407235,-7.895514],[-71.407235,-7.915514],[-71.30723499999999,-7.915514],[-71.30723499999999,-7.9355139999999995],[-71.227235,-7.9355139999999995],[-71.227235,-7.955514000000001],[-71.147235,-7.955514000000001],[-71.147235,-7.975514],[-71.067235,-7.975514],[-71.067235,-7.995514],[-70.987235,-7.995514],[-70.987235,-8.015514],[-70.907235,-8.015514],[-70.907235,-8.035514000000001],[-70.667235,-8.075514],[-70.667235,-8.095514],[-70.607235,-8.095514],[-70.607235,-8.115514],[-70.527235,-8.115514],[-70.527235,-8.135514],[-70.30723499999999,-8.175514],[-70.287235,-8.215514],[-70.08723499999999,-8.295514],[-70.047235,-8.335514],[-70.007235,-8.335514],[-69.987235,-8.375514],[-69.94723499999999,-8.375514],[-69.907235,-8.415514],[-69.827235,-8.435514],[-69.827235,-8.455514],[-69.707235,-8.495514],[-69.687235,-8.535514000000001],[-69.647235,-8.535514000000001],[-69.607235,-8.575514],[-69.407235,-8.655514],[-69.387235,-8.695514],[-69.347235,-8.695514],[-69.347235,-8.715514],[-69.30723499999999,-8.715514],[-69.267235,-8.755514],[-69.107235,-8.815514],[-69.08723499999999,-8.855514],[-68.927235,-8.915514],[-68.927235,-8.935514],[-68.847235,-8.955514],[-68.847235,-8.975514],[-68.80723499999999,-8.975514],[-68.787235,-9.015514],[-68.58723499999999,-9.095514],[-68.58723499999999,-9.115514],[-68.527235,-9.115514],[-68.527235,-9.135514],[-68.487235,-9.135514],[-68.44723499999999,-9.175514],[-68.387235,-9.175514],[-68.387235,-9.195514],[-68.30723499999999,-9.215514],[-68.267235,-9.255514],[-68.207235,-9.255514],[-68.207235,-9.275514],[-68.127235,-9.295514],[-68.127235,-9.315514],[-68.067235,-9.315514],[-68.027235,-9.355514],[-67.987235,-9.355514],[-67.987235,-9.375514],[-67.927235,-9.375514],[-67.887235,-9.415514],[-67.847235,-9.415514],[-67.847235,-9.435514],[-67.687235,-9.475514],[-67.687235,-9.495514],[-67.607235,-9.515514],[-67.607235,-9.535514000000001],[-67.547235,-9.535514000000001],[-67.547235,-9.555514],[-67.44723499999999,-9.575514],[-67.407235,-9.615514],[-67.347235,-9.615514],[-67.347235,-9.635514],[-67.30723499999999,-9.635514],[-67.267235,-9.675514],[-67.207235,-9.675514],[-67.167235,-9.715514],[-67.107235,-9.715514],[-67.107235,-9.735514],[-67.027235,-9.755514],[-67.027235,-9.775514],[-66.967235,-9.775514],[-66.967235,-9.795514],[-66.867235,-9.815514],[-66.867235,-9.835514],[-66.80723499999999,-9.835514],[-66.80723499999999,-9.795514],[-66.767235,-9.755514],[-66.727235,-9.755514],[-66.727235,-9.735514],[-66.667235,-9.735514],[-66.667235,-9.715514],[-66.507235,-9.675514],[-66.427235,-9.595514],[-66.387235,-9.435514],[-66.327235,-9.415514],[-66.327235,-9.395514],[-66.287235,-9.395514],[-66.287235,-9.415514],[-66.107235,-9.415514],[-66.107235,-9.395514],[-66.02723499999999,-9.395514],[-66.02723499999999,-9.375514],[-65.867235,-9.375514],[-65.80723499999999,-9.435514],[-65.767235,-9.435514],[-65.747235,-9.475514],[-65.647235,-9.495514],[-65.647235,-9.515514],[-65.567235,-9.515514],[-65.567235,-9.535514000000001],[-65.547235,-9.515514],[-65.467235,-9.515514],[-65.44723499999999,-9.475514],[-65.367235,-9.455514],[-65.30723499999999,-9.395514],[-65.187235,-9.395514],[-65.147235,-9.435514],[-65.08723499999999,-9.435514],[-65.047235,-9.395514],[-65.047235,-9.355514],[-65.02723499999999,-9.355514],[-64.987235,-9.235514],[-64.907235,-9.155514],[-64.707235,-9.075514],[-64.607235,-8.975514],[-64.407235,-8.955514],[-64.407235,-8.935514],[-64.327235,-8.935514],[-64.327235,-8.915514],[-64.267235,-8.915514],[-64.267235,-8.895514],[-64.187235,-8.875514],[-64.08723499999999,-8.775514],[-64.08723499999999,-8.715514],[-64.047235,-8.675514],[-64.007235,-8.695514],[-63.967235,-8.655514],[-63.947235,-8.515514],[-64.007235,-8.475514],[-64.007235,-8.435514],[-63.947235,-8.395514],[-63.927234999999996,-8.315514],[-63.887235,-8.315514],[-63.867234999999994,-8.275514],[-63.687235,-8.295514],[-63.647234999999995,-8.255514],[-63.627235,-8.155514],[-63.607234999999996,-8.155514],[-63.607234999999996,-8.115514],[-63.587235,-8.115514],[-63.547235,-8.015514],[-62.767235,-8.015514],[-62.727235,-8.055514],[-62.727235,-8.095514],[-62.707235,-8.095514],[-62.707235,-8.135514],[-62.647234999999995,-8.175514],[-62.647234999999995,-8.215514],[-62.387235,-8.475514],[-62.227235,-8.515514],[-62.227235,-8.535514000000001],[-62.167235,-8.535514000000001],[-62.167235,-8.555514],[-62.107234999999996,-8.555514],[-62.107234999999996,-8.575514],[-62.027235,-8.595514],[-62.007234999999994,-8.635514],[-61.967235,-8.635514],[-61.947235,-8.675514],[-61.907235,-8.675514],[-61.907235,-8.695514],[-61.447235,-8.775514],[-61.407235,-8.835514],[-58.467235,-8.835514],[-58.447235,-8.795514],[-58.407235,-8.795514],[-58.367234999999994,-8.755514],[-58.387235,-8.655514],[-58.347235,-8.615514],[-58.367234999999994,-8.455514],[-58.307235,-8.395514],[-58.307235,-8.335514],[-58.267235,-8.295514],[-58.267235,-8.195514],[-58.247234999999996,-8.195514],[-58.247234999999996,-8.135514],[-58.22723499999999,-8.135514],[-58.267235,-7.975514],[-58.287234999999995,-7.975514],[-58.287234999999995,-7.915514],[-58.307235,-7.915514],[-58.307235,-7.855513999999999],[-58.207235,-7.775513999999999],[-58.207235,-7.715514000000001],[-58.127235,-7.655514],[-58.127235,-7.4355139999999995],[-58.067235,-7.375514000000001],[-58.067235,-7.195513999999999],[-58.107235,-7.155514],[-58.127235,-7.075514],[-58.22723499999999,-6.975514],[-58.267235,-6.975514],[-58.327235,-6.915514],[-58.347235,-6.735514],[-58.307235,-6.695513999999999],[-58.307235,-6.655514],[-58.22723499999999,-6.595514],[-58.187235,-6.475514],[-58.167235,-6.475514],[-58.167235,-6.415514],[-58.147234999999995,-6.415514],[-58.107235,-6.295514000000001],[-58.087235,-6.295514000000001],[-58.087235,-6.235514],[-58.067235,-6.235514],[-58.047235,-6.155514],[-58.007234999999994,-6.115513999999999],[-58.007234999999994,-6.0555140000000005],[-57.987235,-6.0555140000000005],[-57.967235,-5.975514],[-57.947235,-5.975514],[-57.947235,-5.915514],[-57.927234999999996,-5.915514],[-57.907235,-5.835514],[-57.867234999999994,-5.795514000000001],[-57.867234999999994,-5.735514],[-57.847235,-5.735514],[-57.827235,-5.655514],[-57.807235,-5.655514],[-57.807235,-5.615513999999999],[-57.787234999999995,-5.615513999999999],[-57.787234999999995,-5.5555140000000005],[-57.767235,-5.5555140000000005],[-57.767235,-5.515514],[-57.747234999999996,-5.515514],[-57.747234999999996,-5.475514],[-57.707235,-5.4355139999999995],[-57.707235,-5.375514000000001],[-57.687235,-5.375514000000001],[-57.687235,-5.335514],[-57.667235,-5.335514],[-57.667235,-5.295514000000001],[-57.627235,-5.255514],[-57.627235,-5.195513999999999],[-57.607235,-5.195513999999999],[-57.607235,-5.155514],[-57.587235,-5.155514],[-57.587235,-5.115513999999999],[-57.547235,-5.075514],[-57.547235,-5.015514],[-57.527235,-5.015514],[-57.527235,-4.975514],[-57.507234999999994,-4.975514],[-57.507234999999994,-4.9355139999999995],[-57.467235,-4.895514],[-57.467235,-4.835514],[-57.447235,-4.835514],[-57.407235,-4.715514000000001],[-57.387235,-4.715514000000001],[-57.387235,-4.655514],[-57.367234999999994,-4.655514],[-57.327235,-4.535513999999999],[-57.307235,-4.535513999999999],[-57.307235,-4.475514],[-57.287234999999995,-4.475514],[-57.267235,-4.395514],[-57.22723499999999,-4.355513999999999],[-57.22723499999999,-4.295514000000001],[-57.207235,-4.295514000000001],[-57.187235,-4.215514000000001],[-57.167235,-4.215514000000001],[-57.167235,-4.175514],[-57.147234999999995,-4.175514],[-57.147234999999995,-4.115513999999999],[-57.107235,-4.075514],[-57.107235,-4.035513999999999],[-57.08723499999999,-4.035513999999999],[-57.08723499999999,-3.9755140000000004],[-57.067235,-3.9755140000000004],[-57.047235,-3.8955140000000004],[-57.027235,-3.8955140000000004],[-57.027235,-3.8555139999999994],[-57.007234999999994,-3.8555139999999994],[-57.007234999999994,-3.7955140000000007],[-56.987235,-3.7955140000000007],[-56.967235,-3.7155140000000006],[-56.947235,-3.7155140000000006],[-56.947235,-3.655514],[-56.927234999999996,-3.655514],[-56.907235,-3.575514],[-56.867234999999994,-3.535513999999999],[-56.867234999999994,-3.4755140000000004],[-56.847235,-3.4755140000000004],[-56.827235,-3.3955140000000004],[-56.807235,-3.3955140000000004],[-56.807235,-3.335514],[-56.787234999999995,-3.335514],[-56.767235,-3.255514],[-56.747234999999996,-3.255514],[-56.747234999999996,-3.1955139999999993],[-56.72723499999999,-3.1955139999999993],[-56.687235,-3.075514],[-56.667235,-3.075514],[-56.667235,-3.0155139999999996],[-56.647234999999995,-3.0155139999999996],[-56.627235,-2.9355139999999995],[-56.607235,-2.9355139999999995],[-56.607235,-2.875514000000001],[-56.58723499999999,-2.875514000000001],[-56.547235,-2.755514],[-56.527235,-2.755514],[-56.527235,-2.6955139999999993],[-56.507234999999994,-2.6955139999999993],[-56.487235,-2.6155139999999992],[-56.467235,-2.6155139999999992],[-56.447235,-2.455513999999999],[-56.467235,-2.455513999999999],[-56.507234999999994,-2.3555139999999994],[-56.607235,-2.3555139999999994],[-56.647234999999995,-2.2355140000000002],[-56.747234999999996,-2.1755139999999997],[-56.747234999999996,-2.0955139999999997],[-56.72723499999999,-2.0955139999999997],[-56.747234999999996,-2.035514],[-56.847235,-2.035514],[-56.907235,-1.9755139999999995],[-56.987235,-1.955514],[-57.067235,-1.875514],[-57.067235,-1.8355139999999999],[-57.127235,-1.8155140000000003],[-57.147234999999995,-1.7755140000000003],[-57.22723499999999,-1.7755140000000003],[-57.247234999999996,-1.7355140000000002],[-57.367234999999994,-1.7355140000000002],[-57.367234999999994,-1.7155139999999998],[-57.407235,-1.7155139999999998],[-57.427234999999996,-1.7555139999999998],[-57.487235,-1.7555139999999998],[-57.487235,-1.7755140000000003],[-57.547235,-1.7755140000000003],[-57.587235,-1.7155139999999998],[-57.72723499999999,-1.7155139999999998],[-57.747234999999996,-1.6755139999999997],[-57.927234999999996,-1.6555140000000002],[-57.927234999999996,-1.6755139999999997],[-57.987235,-1.6755139999999997],[-57.987235,-1.6955140000000002],[-58.067235,-1.6755139999999997],[-58.067235,-1.6155140000000001],[-58.147234999999995,-1.5555139999999996],[-58.147234999999995,-1.495514],[-58.22723499999999,-1.415514],[-58.22723499999999,-1.375514],[-58.287234999999995,-1.3955140000000004],[-58.347235,-1.3355139999999999],[-58.347235,-1.2155139999999998],[-58.387235,-1.1955140000000002],[-58.387235,-1.0955139999999997],[-58.447235,-1.0555139999999996],[-58.467235,-0.9155139999999999],[-58.527235,-0.8955140000000004],[-58.607234999999996,-0.8155140000000003],[-58.627235,-0.7355140000000002],[-58.727235,-0.6355139999999997],[-58.747234999999996,-0.39551400000000037],[-58.767235,-0.39551400000000037],[-58.767235,-0.21551399999999976],[-58.787234999999995,-0.21551399999999976],[-58.787234999999995,-0.05551399999999962],[-58.807235,-0.05551399999999962],[-58.807235,0.1244860000000001],[-58.827235,0.1244860000000001],[-58.827235,0.20448600000000017],[-58.847235,0.22448599999999974],[-59.847235,0.22448599999999974],[-59.867234999999994,0.14448599999999967],[-59.927234999999996,0.08448600000000006],[-59.967235,0.08448600000000006],[-59.967235,0.06448600000000049],[-60.007234999999994,0.06448600000000049],[-60.047235,0.024486000000000452],[-60.067235,-0.09551399999999965],[-60.047235,-0.09551399999999965],[-60.027235,-0.15551400000000015],[-60.227235,-0.35551400000000033],[-60.327235,-0.3755139999999999],[-60.367234999999994,-0.41551399999999994],[-60.387235,-0.535514],[-60.307235,-0.6155140000000001],[-60.307235,-0.6955140000000002],[-60.387235,-0.7155139999999998],[-60.387235,-0.7355140000000002],[-60.467235,-0.7355140000000002],[-60.527235,-0.8355139999999999],[-60.627235,-0.8355139999999999],[-60.647234999999995,-0.8755139999999999],[-60.747234999999996,-0.8355139999999999],[-60.747234999999996,-0.7955139999999998],[-60.787234999999995,-0.7555139999999998],[-60.787234999999995,-0.6955140000000002],[-60.907235,-0.6155140000000001],[-60.927234999999996,-0.5555139999999996],[-61.027235,-0.5555139999999996],[-61.087235,-0.495514],[-61.227235,-0.495514],[-61.227235,-0.535514],[-61.267235,-0.5755140000000001],[-61.327235,-0.5755140000000001],[-61.327235,-0.5955139999999997],[-61.407235,-0.6155140000000001],[-61.407235,-0.6355139999999997],[-61.467235,-0.6355139999999997],[-61.467235,-0.6755139999999997],[-61.527235,-0.7155139999999998],[-61.547235,-0.8555140000000003],[-61.567235,-0.8555140000000003],[-61.567235,-1.0155139999999996],[-61.547235,-1.0155139999999996],[-61.547235,-1.0555139999999996],[-61.567235,-1.0555139999999996],[-61.567235,-1.1755139999999997],[-61.587235,-1.1755139999999997],[-61.587235,-1.2355140000000002],[-61.607234999999996,-1.2355140000000002],[-61.607234999999996,-1.3955140000000004],[-61.707235,-1.415514],[-61.727235,-1.375514],[-61.827235,-1.375514],[-61.847235,-1.3955140000000004],[-61.887235,-1.3555140000000003],[-61.887235,-1.3155140000000003],[-61.907235,-1.3155140000000003],[-61.907235,-1.2755140000000003],[-61.987235,-1.2155139999999998],[-61.987235,-1.1755139999999997],[-62.027235,-1.1355139999999997],[-62.067235,-1.1355139999999997],[-62.107234999999996,-1.075514],[-62.167235,-1.075514],[-62.427234999999996,-0.8155140000000003],[-62.487235,-0.7955139999999998],[-62.487235,-0.7155139999999998],[-62.367234999999994,-0.7155139999999998],[-62.287234999999995,-0.5955139999999997],[-62.307235,-0.5955139999999997],[-62.307235,-0.5155139999999996],[-62.367234999999994,-0.47551399999999955],[-62.367234999999994,-0.3155140000000003],[-62.407235,-0.27551400000000026],[-62.407235,0.044486000000000026],[-62.427234999999996,0.044486000000000026],[-62.427234999999996,0.1244860000000001],[-62.447235,0.1244860000000001],[-62.447235,0.20448600000000017],[-62.467235,0.20448600000000017],[-62.467235,0.3044859999999998],[-62.487235,0.3044859999999998],[-62.487235,0.7044860000000002],[-62.467235,0.7044860000000002],[-62.487235,0.964486],[-62.527235,1.004486],[-62.527235,1.044486],[-62.547235,1.044486],[-62.547235,1.084486],[-62.607234999999996,1.1444859999999997],[-62.627235,1.3044859999999998],[-62.667235,1.3244860000000003],[-62.667235,1.3644860000000003],[-62.787234999999995,1.4844860000000004],[-62.887235,1.7444860000000002],[-62.987235,1.8444860000000003],[-63.027235,1.8444860000000003],[-63.087235,1.924486],[-63.127235,1.924486],[-63.167235,1.984486],[-63.207235,1.984486],[-63.267235,2.064486],[-63.307235,2.064486],[-63.387235,2.164486],[-63.467235,2.184486]]]}},{"type":"Feature","properties":{"name":"Bahia","sigla":"BA","ibge_code":"29"},"geometry":{"type":"Polygon","coordinates":[[[-39.407235,-8.535514000000001],[-39.407235,-8.555514],[-39.567235,-8.615514],[-39.607234999999996,-8.655514],[-39.667235,-8.655514],[-39.667235,-8.755514],[-39.727235,-8.815514],[-39.887235,-8.835514],[-39.867235,-8.935514],[-39.887235,-8.935514],[-39.887235,-8.975514],[-39.967234999999995,-9.055514],[-40.087235,-9.075514],[-40.107234999999996,-9.115514],[-40.147234999999995,-9.115514],[-40.167235,-9.075514],[-40.247234999999996,-9.075514],[-40.267235,-9.135514],[-40.287234999999995,-9.135514],[-40.287234999999995,-9.235514],[-40.307235,-9.235514],[-40.307235,-9.315514],[-40.347235,-9.335514],[-40.347235,-9.375514],[-40.427234999999996,-9.375514],[-40.467234999999995,-9.415514],[-40.527235,-9.415514],[-40.587235,-9.495514],[-40.647234999999995,-9.495514],[-40.647234999999995,-9.475514],[-40.727235,-9.455514],[-40.727235,-9.395514],[-40.687235,-9.355514],[-40.687235,-9.235514],[-40.767235,-9.215514],[-40.787234999999995,-9.175514],[-40.847235,-9.155514],[-40.847235,-9.075514],[-40.887235,-9.055514],[-40.887235,-8.875514],[-40.907235,-8.875514],[-40.907235,-8.835514],[-40.967234999999995,-8.835514],[-41.007234999999994,-8.775514],[-41.067235,-8.795514],[-41.107234999999996,-8.715514],[-41.207235,-8.715514],[-41.207235,-8.695514],[-41.367235,-8.715514],[-41.387235,-8.795514],[-41.467234999999995,-8.855514],[-41.467234999999995,-8.895514],[-41.547235,-8.975514],[-41.727235,-8.995514],[-41.727235,-9.135514],[-41.767235,-9.175514],[-41.807235,-9.175514],[-41.807235,-9.215514],[-41.847235,-9.255514],[-41.907235,-9.235514],[-41.907235,-9.215514],[-41.947235,-9.215514],[-41.947235,-9.235514],[-41.967234999999995,-9.215514],[-42.067235,-9.215514],[-42.167235,-9.315514],[-42.267235,-9.315514],[-42.267235,-9.335514],[-42.327234999999995,-9.315514],[-42.407235,-9.415514],[-42.447235,-9.415514],[-42.487235,-9.455514],[-42.487235,-9.495514],[-42.58723499999999,-9.495514],[-42.627235,-9.555514],[-42.667235,-9.555514],[-42.667235,-9.535514000000001],[-42.827235,-9.535514000000001],[-42.827235,-9.555514],[-42.867234999999994,-9.555514],[-42.867234999999994,-9.535514000000001],[-42.927234999999996,-9.515514],[-42.927234999999996,-9.475514],[-42.967235,-9.435514],[-43.007234999999994,-9.435514],[-43.027235,-9.395514],[-43.08723499999999,-9.395514],[-43.08723499999999,-9.375514],[-43.147234999999995,-9.375514],[-43.167235,-9.415514],[-43.327235,-9.415514],[-43.347235,-9.435514],[-43.427234999999996,-9.315514],[-43.487235,-9.315514],[-43.507234999999994,-9.355514],[-43.607235,-9.355514],[-43.627235,-9.335514],[-43.647234999999995,-9.395514],[-43.707235,-9.455514],[-43.827235,-9.435514],[-43.827235,-9.515514],[-43.787234999999995,-9.535514000000001],[-43.767235,-9.615514],[-43.747234999999996,-9.615514],[-43.72723499999999,-9.755514],[-43.667235,-9.795514],[-43.667235,-9.875514],[-43.707235,-9.915514],[-43.687235,-10.055514],[-43.747234999999996,-10.095514],[-43.747234999999996,-10.155514],[-43.807235,-10.195514],[-43.807235,-10.255514],[-43.827235,-10.255514],[-43.847235,-10.335514000000002],[-43.907235,-10.375514],[-43.907235,-10.415514],[-43.947235,-10.455513999999999],[-44.007234999999994,-10.455513999999999],[-44.147234999999995,-10.615514],[-44.267235,-10.635513999999999],[-44.267235,-10.615514],[-44.327235,-10.615514],[-44.327235,-10.595514],[-44.447235,-10.595514],[-44.467235,-10.635513999999999],[-44.567235,-10.635513999999999],[-44.667235,-10.755514],[-44.747234999999996,-10.775514],[-44.747234999999996,-10.815513999999999],[-44.827235,-10.895514],[-44.867234999999994,-10.895514],[-44.867234999999994,-10.875514],[-45.107235,-10.895514],[-45.167235,-10.835514000000002],[-45.22723499999999,-10.835514000000002],[-45.247234999999996,-10.795513999999999],[-45.307235,-10.795513999999999],[-45.347235,-10.755514],[-45.347235,-10.715514],[-45.407235,-10.675514000000002],[-45.427234999999996,-10.595514],[-45.447235,-10.595514],[-45.467235,-10.475513999999999],[-45.507234999999994,-10.455513999999999],[-45.507234999999994,-10.415514],[-45.58723499999999,-10.335514000000002],[-45.787234999999995,-10.335514000000002],[-45.787234999999995,-10.395514],[-45.807235,-10.395514],[-45.807235,-10.435514],[-45.847235,-10.475513999999999],[-45.887235,-10.475513999999999],[-45.907235,-10.515514000000001],[-45.987235,-10.535514000000001],[-46.047235,-10.595514],[-46.107235,-10.595514],[-46.22723499999999,-10.715514],[-46.267235,-10.715514],[-46.307235,-10.755514],[-46.307235,-10.795513999999999],[-46.247234999999996,-10.835514000000002],[-46.22723499999999,-10.895514],[-46.267235,-10.935514],[-46.327235,-10.935514],[-46.387235,-10.995514000000002],[-46.447235,-11.175514000000002],[-46.487235,-11.215514],[-46.527235,-11.215514],[-46.527235,-11.255514],[-46.547235,-11.255514],[-46.547235,-11.375514],[-46.467235,-11.435514],[-46.467235,-11.475513999999999],[-46.427234999999996,-11.515514000000001],[-46.22723499999999,-11.535514000000001],[-46.22723499999999,-11.555514],[-46.167235,-11.555514],[-46.167235,-11.575514],[-46.067235,-11.615514],[-46.107235,-11.675514000000002],[-46.267235,-11.735514],[-46.267235,-11.835514000000002],[-46.247234999999996,-11.855514000000001],[-46.167235,-11.855514000000001],[-46.147234999999995,-11.835514000000002],[-46.067235,-11.915514],[-46.127235,-11.975513999999999],[-46.207235,-11.995514000000002],[-46.267235,-12.075514],[-46.327235,-12.095514],[-46.327235,-12.395514],[-46.307235,-12.395514],[-46.287234999999995,-12.455513999999999],[-46.247234999999996,-12.455513999999999],[-46.247234999999996,-12.475513999999999],[-46.147234999999995,-12.515514000000001],[-46.147234999999995,-12.595514],[-46.167235,-12.595514],[-46.167235,-12.635513999999999],[-46.22723499999999,-12.695514000000001],[-46.22723499999999,-12.815513999999999],[-46.067235,-12.935514],[-46.067235,-12.975513999999999],[-46.107235,-13.015514000000001],[-46.147234999999995,-13.015514000000001],[-46.147234999999995,-13.075514],[-46.167235,-13.075514],[-46.167235,-13.215514],[-46.08723499999999,-13.255514],[-46.067235,-13.315513999999999],[-46.207235,-13.435514],[-46.22723499999999,-13.555514],[-46.247234999999996,-13.555514],[-46.247234999999996,-13.635513999999999],[-46.267235,-13.635513999999999],[-46.247234999999996,-13.915514],[-46.22723499999999,-13.915514],[-46.22723499999999,-13.995514000000002],[-46.187235,-14.015514000000001],[-46.187235,-14.055514],[-46.147234999999995,-14.095514],[-46.127235,-14.195514000000001],[-46.067235,-14.215514],[-45.967235,-14.335514000000002],[-45.907235,-14.355514000000001],[-45.927234999999996,-14.435514],[-45.967235,-14.475513999999999],[-45.927234999999996,-14.635513999999999],[-45.907235,-14.635513999999999],[-45.907235,-14.735514],[-46.027235,-14.855514000000001],[-46.027235,-14.935514],[-45.987235,-14.955513999999999],[-45.967235,-15.015514000000001],[-45.987235,-15.015514000000001],[-46.007234999999994,-15.095514],[-46.027235,-15.095514],[-46.047235,-15.215514],[-45.987235,-15.215514],[-45.927234999999996,-15.135513999999999],[-45.827235,-15.135513999999999],[-45.827235,-15.155514000000002],[-45.707235,-15.135513999999999],[-45.667235,-15.095514],[-45.667235,-15.055514],[-45.567235,-14.955513999999999],[-45.427234999999996,-14.935514],[-45.407235,-14.895514],[-45.367234999999994,-14.895514],[-45.367234999999994,-14.875514],[-45.327235,-14.875514],[-45.287234999999995,-14.835514000000002],[-45.22723499999999,-14.735514],[-45.107235,-14.735514],[-45.047235,-14.675514000000002],[-44.887235,-14.615514],[-44.807235,-14.495514000000002],[-44.72723499999999,-14.475513999999999],[-44.687235,-14.415514],[-44.647234999999995,-14.415514],[-44.627235,-14.375514],[-44.58723499999999,-14.375514],[-44.547235,-14.335514000000002],[-44.467235,-14.335514000000002],[-44.447235,-14.295513999999999],[-44.387235,-14.295513999999999],[-44.347235,-14.255514],[-44.187235,-14.255514],[-44.187235,-14.275514],[-44.067235,-14.275514],[-44.067235,-14.295513999999999],[-43.987235,-14.275514],[-43.947235,-14.315513999999999],[-43.827235,-14.315513999999999],[-43.787234999999995,-14.355514000000001],[-43.827235,-14.455513999999999],[-43.847235,-14.455513999999999],[-43.847235,-14.495514000000002],[-43.867234999999994,-14.495514000000002],[-43.867234999999994,-14.615514],[-43.847235,-14.615514],[-43.827235,-14.695514000000001],[-43.707235,-14.715514],[-43.687235,-14.755514],[-43.467235,-14.795513999999999],[-43.387235,-14.695514000000001],[-43.147234999999995,-14.635513999999999],[-43.147234999999995,-14.655514000000002],[-43.08723499999999,-14.655514000000002],[-43.08723499999999,-14.675514000000002],[-42.927234999999996,-14.695514000000001],[-42.827235,-14.815513999999999],[-42.787234999999995,-14.815513999999999],[-42.667235,-14.935514],[-42.627235,-14.935514],[-42.627235,-14.955513999999999],[-42.547235,-14.935514],[-42.447235,-15.035514000000001],[-42.327234999999995,-15.075514],[-42.287234999999995,-15.115514],[-42.227235,-15.115514],[-42.227235,-15.135513999999999],[-42.147234999999995,-15.115514],[-42.087235,-15.195514000000001],[-41.927234999999996,-15.175514000000002],[-41.887235,-15.135513999999999],[-41.767235,-15.115514],[-41.627235,-15.275514],[-41.587235,-15.275514],[-41.427234999999996,-15.455513999999999],[-41.387235,-15.455513999999999],[-41.347235,-15.495514000000002],[-41.327234999999995,-15.735514],[-41.307235,-15.755514],[-41.207235,-15.755514],[-41.207235,-15.775514],[-41.147234999999995,-15.795513999999999],[-41.107234999999996,-15.755514],[-41.007234999999994,-15.735514],[-40.967234999999995,-15.675514000000002],[-40.927234999999996,-15.675514000000002],[-40.927234999999996,-15.695514000000001],[-40.787234999999995,-15.695514000000001],[-40.767235,-15.735514],[-40.587235,-15.735514],[-40.547235,-15.795513999999999],[-40.447235,-15.775514],[-40.447235,-15.795513999999999],[-40.367235,-15.815513999999999],[-40.367235,-15.835514000000002],[-40.207235,-15.835514000000002],[-40.147234999999995,-15.915514],[-40.087235,-15.915514],[-40.027235,-15.995514000000002],[-39.927234999999996,-16.015514000000003],[-39.867235,-16.075514],[-39.847235,-16.135514],[-39.907235,-16.195514000000003],[-39.927234999999996,-16.315514],[-39.967234999999995,-16.355514],[-40.007234999999994,-16.355514],[-40.027235,-16.395514],[-40.067235,-16.395514],[-40.167235,-16.555514000000002],[-40.267235,-16.575514],[-40.267235,-16.795513999999997],[-40.227235,-16.835514000000003],[-40.267235,-16.875514000000003],[-40.307235,-16.875514000000003],[-40.307235,-16.895514],[-40.447235,-16.895514],[-40.447235,-16.875514000000003],[-40.507234999999994,-16.895514],[-40.527235,-17.015514000000003],[-40.547235,-17.015514000000003],[-40.547235,-17.075514],[-40.567235,-17.075514],[-40.547235,-17.255513999999998],[-40.587235,-17.275514],[-40.587235,-17.375514000000003],[-40.487235,-17.415514],[-40.487235,-17.455514],[-40.467234999999995,-17.455514],[-40.487235,-17.475513999999997],[-40.487235,-17.555514000000002],[-40.407235,-17.575514],[-40.267235,-17.735514000000002],[-40.227235,-17.735514000000002],[-40.187234999999994,-17.775514],[-40.187234999999994,-17.875514000000003],[-40.227235,-17.915514],[-40.227235,-17.975513999999997],[-40.147234999999995,-18.055514000000002],[-40.067235,-18.075514],[-40.047235,-18.115513999999997],[-39.967234999999995,-18.135514],[-39.947235,-18.175514],[-39.867235,-18.195514000000003],[-39.847235,-18.235514000000002],[-39.767235,-18.255513999999998],[-39.747234999999996,-18.295513999999997],[-39.707235,-18.295513999999997],[-39.707235,-18.315514],[-39.667235,-18.315514],[-39.627235,-18.355514],[-39.587235,-18.355514],[-39.587235,-18.295513999999997],[-39.527235,-18.235514000000002],[-39.527235,-18.195514000000003],[-39.447235,-18.135514],[-39.447235,-18.095514],[-39.367235,-18.035514],[-39.367235,-17.995514],[-39.247234999999996,-17.875514000000003],[-39.247234999999996,-17.755513999999998],[-39.227235,-17.755513999999998],[-39.227235,-17.635514],[-39.207235,-17.635514],[-39.207235,-17.495514],[-39.187234999999994,-17.495514],[-39.147234999999995,-17.135514],[-39.127235,-17.135514],[-39.127235,-17.035514],[-39.107234999999996,-17.035514],[-39.107234999999996,-16.915514],[-39.087235,-16.915514],[-39.087235,-16.815514],[-39.067235,-16.815514],[-39.067235,-16.695514000000003],[-39.047235,-16.695514000000003],[-39.047235,-16.595514],[-39.027235,-16.595514],[-39.027235,-16.475513999999997],[-39.007234999999994,-16.475513999999997],[-38.987235,-16.255513999999998],[-38.967234999999995,-16.255513999999998],[-38.967234999999995,-16.155514000000004],[-38.947235,-16.155514000000004],[-38.947235,-16.035514],[-38.927234999999996,-16.035514],[-38.927234999999996,-15.915514],[-38.907235,-15.915514],[-38.907235,-15.815513999999999],[-38.887235,-15.815513999999999],[-38.887235,-15.695514000000001],[-38.867235,-15.695514000000001],[-38.867235,-15.535514000000001],[-38.887235,-15.535514000000001],[-38.887235,-14.995514000000002],[-38.907235,-14.995514000000002],[-38.907235,-14.475513999999999],[-38.927234999999996,-14.475513999999999],[-38.927234999999996,-13.935514],[-38.947235,-13.935514],[-38.947235,-13.795513999999999],[-38.927234999999996,-13.795513999999999],[-38.907235,-13.675514000000002],[-38.867235,-13.635513999999999],[-38.867235,-13.575514],[-38.847235,-13.575514],[-38.847235,-13.515514000000001],[-38.807235,-13.475513999999999],[-38.807235,-13.415514],[-38.767235,-13.375514],[-38.767235,-13.315513999999999],[-38.747234999999996,-13.315513999999999],[-38.727235,-13.215514],[-38.707235,-13.215514],[-38.687234999999994,-13.095514],[-38.627235,-13.075514],[-38.627235,-13.055514],[-38.407235,-13.055514],[-38.387235,-13.035514000000001],[-38.387235,-12.995514000000002],[-38.267235,-12.895514],[-38.267235,-12.855514000000001],[-38.147234999999995,-12.755514],[-38.147234999999995,-12.715514],[-38.027235,-12.615514],[-38.027235,-12.575514],[-37.907235,-12.475513999999999],[-37.907235,-12.435514],[-37.687234999999994,-12.215514],[-37.687234999999994,-12.175514000000002],[-37.647234999999995,-12.155514000000002],[-37.627235,-12.075514],[-37.567235,-12.015514000000001],[-37.527235,-11.895514],[-37.487235,-11.875514],[-37.447235,-11.755514],[-37.407235,-11.735514],[-37.347235,-11.575514],[-37.307235,-11.555514],[-37.307235,-11.535514000000001],[-37.547235,-11.535514000000001],[-37.547235,-11.555514],[-37.567235,-11.535514000000001],[-37.647234999999995,-11.535514000000001],[-37.687234999999994,-11.575514],[-37.687234999999994,-11.555514],[-37.787234999999995,-11.535514000000001],[-37.847235,-11.435514],[-37.887235,-11.435514],[-37.887235,-11.415514],[-37.967234999999995,-11.435514],[-38.007234999999994,-11.395514],[-38.007234999999994,-11.355514000000001],[-38.027235,-11.355514000000001],[-38.027235,-11.315513999999999],[-37.987235,-11.275514],[-37.987235,-11.215514],[-38.067235,-11.175514000000002],[-38.087235,-11.055514],[-38.227235,-10.915514],[-38.227235,-10.775514],[-38.207235,-10.775514],[-38.207235,-10.735514],[-38.067235,-10.735514],[-38.067235,-10.755514],[-37.967234999999995,-10.795513999999999],[-37.967234999999995,-10.775514],[-37.847235,-10.735514],[-37.787234999999995,-10.675514000000002],[-37.767235,-10.615514],[-37.807235,-10.595514],[-37.827234999999995,-10.395514],[-37.787234999999995,-10.355514000000001],[-37.787234999999995,-10.315513999999999],[-37.767235,-10.315513999999999],[-37.767235,-10.075514],[-37.967234999999995,-9.875514],[-37.967234999999995,-9.815514],[-38.027235,-9.755514],[-38.007234999999994,-9.635514],[-38.047235,-9.615514],[-37.987235,-9.555514],[-37.987235,-9.515514],[-38.027235,-9.475514],[-38.067235,-9.475514],[-38.087235,-9.435514],[-38.147234999999995,-9.455514],[-38.187234999999994,-9.415514],[-38.187234999999994,-9.375514],[-38.227235,-9.355514],[-38.247234999999996,-9.235514],[-38.267235,-9.235514],[-38.287234999999995,-9.155514],[-38.307235,-9.155514],[-38.307235,-9.015514],[-38.447235,-9.035514000000001],[-38.487235,-8.995514],[-38.487235,-8.955514],[-38.507234999999994,-8.955514],[-38.467234999999995,-8.915514],[-38.487235,-8.835514],[-38.567235,-8.835514],[-38.607234999999996,-8.975514],[-38.647234999999995,-8.975514],[-38.667235,-8.895514],[-38.727235,-8.835514],[-38.767235,-8.835514],[-38.787234999999995,-8.795514],[-38.827234999999995,-8.795514],[-38.827234999999995,-8.775514],[-38.967234999999995,-8.795514],[-39.027235,-8.735514],[-39.107234999999996,-8.735514],[-39.147234999999995,-8.695514],[-39.207235,-8.695514],[-39.287234999999995,-8.555514],[-39.407235,-8.535514000000001]]]}},{"type":"Feature","properties":{"name":"Ceará","sigla":"CE","ibge_code":"23"},"geometry":{"type":"Polygon","coordinates":[[[-40.087235,-2.8555139999999994],[-40.087235,-2.875514000000001],[-41.307235,-2.8955140000000004],[-41.307235,-2.9355139999999995],[-41.247234999999996,-2.9755140000000004],[-41.247234999999996,-3.0955139999999997],[-41.287234999999995,-3.1155139999999992],[-41.327234999999995,-3.2155140000000006],[-41.407235,-3.2955140000000007],[-41.407235,-3.3955140000000004],[-41.367235,-3.415514],[-41.387235,-3.575514],[-41.347235,-3.6155139999999992],[-41.347235,-3.655514],[-41.307235,-3.6755139999999997],[-41.307235,-3.7155140000000006],[-41.267235,-3.7355140000000002],[-41.267235,-3.7755139999999994],[-41.247234999999996,-3.7755139999999994],[-41.247234999999996,-3.835514],[-41.207235,-3.875514000000001],[-41.187235,-3.955514000000001],[-41.167235,-3.955514000000001],[-41.127235,-4.175514],[-41.107234999999996,-4.175514],[-41.087235,-4.275513999999999],[-41.067235,-4.275513999999999],[-41.067235,-4.495514],[-41.087235,-4.495514],[-41.127235,-4.615513999999999],[-41.087235,-4.655514],[-41.087235,-4.755514],[-41.067235,-4.755514],[-41.067235,-4.955514000000001],[-41.027235,-4.995514],[-41.027235,-5.035513999999999],[-41.007234999999994,-5.035513999999999],[-41.007234999999994,-5.095514],[-40.987235,-5.095514],[-40.987235,-5.335514],[-41.007234999999994,-5.335514],[-41.007234999999994,-5.415514],[-41.027235,-5.415514],[-41.047235,-5.535513999999999],[-41.087235,-5.575514],[-41.087235,-5.635514000000001],[-41.067235,-5.635514000000001],[-41.067235,-5.675514],[-41.027235,-5.695513999999999],[-41.027235,-5.735514],[-40.987235,-5.755514],[-40.967234999999995,-5.835514],[-40.927234999999996,-5.855513999999999],[-40.927234999999996,-5.895514],[-40.867235,-5.955514000000001],[-40.847235,-6.155514],[-40.827234999999995,-6.155514],[-40.827234999999995,-6.215514000000001],[-40.787234999999995,-6.255514],[-40.787234999999995,-6.355513999999999],[-40.807235,-6.355513999999999],[-40.807235,-6.415514],[-40.827234999999995,-6.415514],[-40.827234999999995,-6.515514],[-40.747234999999996,-6.595514],[-40.707235,-6.595514],[-40.687235,-6.635514000000001],[-40.647234999999995,-6.635514000000001],[-40.587235,-6.695513999999999],[-40.467234999999995,-6.735514],[-40.407235,-6.795514000000001],[-40.407235,-6.875514000000001],[-40.487235,-6.955514000000001],[-40.507234999999994,-7.035514000000001],[-40.527235,-7.035514000000001],[-40.527235,-7.095514],[-40.547235,-7.095514],[-40.547235,-7.155514],[-40.567235,-7.155514],[-40.567235,-7.275513999999999],[-40.527235,-7.315514],[-40.527235,-7.375514000000001],[-40.447235,-7.395514],[-40.447235,-7.415514],[-40.247234999999996,-7.395514],[-40.247234999999996,-7.415514],[-40.147234999999995,-7.415514],[-40.147234999999995,-7.4355139999999995],[-39.987235,-7.395514],[-39.987235,-7.375514000000001],[-39.927234999999996,-7.375514000000001],[-39.927234999999996,-7.355513999999999],[-39.627235,-7.375514000000001],[-39.527235,-7.495514],[-39.467234999999995,-7.495514],[-39.427234999999996,-7.535514000000001],[-39.347235,-7.5555140000000005],[-39.247234999999996,-7.695513999999999],[-39.127235,-7.735514],[-39.067235,-7.835514],[-38.987235,-7.835514],[-38.967234999999995,-7.855513999999999],[-38.927234999999996,-7.815514],[-38.927234999999996,-7.775513999999999],[-38.887235,-7.755514],[-38.887235,-7.715514000000001],[-38.827234999999995,-7.715514000000001],[-38.807235,-7.655514],[-38.727235,-7.655514],[-38.687234999999994,-7.615513999999999],[-38.687234999999994,-7.575514],[-38.627235,-7.535514000000001],[-38.627235,-7.455514000000001],[-38.587235,-7.455514000000001],[-38.547235,-7.335514],[-38.527235,-7.335514],[-38.527235,-7.255514],[-38.587235,-7.235514],[-38.667235,-7.155514],[-38.667235,-7.115513999999999],[-38.647234999999995,-7.115513999999999],[-38.667235,-7.035514000000001],[-38.747234999999996,-6.975514],[-38.727235,-6.895514],[-38.607234999999996,-6.775513999999999],[-38.647234999999995,-6.655514],[-38.607234999999996,-6.615513999999999],[-38.587235,-6.495514],[-38.547235,-6.455514000000001],[-38.567235,-6.235514],[-38.487235,-6.155514],[-38.467234999999995,-6.075514],[-38.307235,-6.095514],[-38.247234999999996,-6.035513999999999],[-38.227235,-5.955514000000001],[-38.127235,-5.895514],[-38.127235,-5.815514],[-38.067235,-5.755514],[-38.047235,-5.595514],[-38.007234999999994,-5.595514],[-37.947235,-5.535513999999999],[-37.947235,-5.495514],[-37.907235,-5.475514],[-37.867235,-5.355513999999999],[-37.847235,-5.355513999999999],[-37.807235,-5.235514],[-37.787234999999995,-5.235514],[-37.787234999999995,-5.175514],[-37.747234999999996,-5.135514000000001],[-37.727235,-5.0555140000000005],[-37.667235,-5.035513999999999],[-37.567235,-4.9355139999999995],[-37.507234999999994,-4.9355139999999995],[-37.507234999999994,-4.915514],[-37.427234999999996,-4.895514],[-37.427234999999996,-4.875514000000001],[-37.327234999999995,-4.855513999999999],[-37.307235,-4.815514],[-37.247234999999996,-4.815514],[-37.247234999999996,-4.775513999999999],[-37.347235,-4.675514],[-37.387235,-4.675514],[-37.507234999999994,-4.535513999999999],[-37.547235,-4.535513999999999],[-37.667235,-4.395514],[-37.707235,-4.395514],[-37.827234999999995,-4.255514],[-37.867235,-4.255514],[-37.987235,-4.115513999999999],[-38.027235,-4.115513999999999],[-38.167235,-3.955514000000001],[-38.207235,-3.955514000000001],[-38.327234999999995,-3.8155140000000003],[-38.367235,-3.8155140000000003],[-38.467234999999995,-3.6955139999999993],[-38.507234999999994,-3.6955139999999993],[-38.527235,-3.655514],[-38.687234999999994,-3.5955139999999997],[-38.707235,-3.5555140000000005],[-38.747234999999996,-3.5555140000000005],[-38.787234999999995,-3.5155139999999996],[-38.827234999999995,-3.5155139999999996],[-38.847235,-3.4755140000000004],[-39.007234999999994,-3.415514],[-39.027235,-3.375514000000001],[-39.187234999999994,-3.3155140000000003],[-39.207235,-3.2755139999999994],[-39.327234999999995,-3.2355140000000002],[-39.347235,-3.1955139999999993],[-39.507234999999994,-3.1355140000000006],[-39.527235,-3.0955139999999997],[-39.687234999999994,-3.035513999999999],[-39.707235,-2.995514],[-39.827234999999995,-2.955514000000001],[-39.847235,-2.915514],[-39.967234999999995,-2.875514000000001],[-39.967234999999995,-2.8555139999999994],[-40.087235,-2.8555139999999994]]]}},{"type":"Feature","properties":{"name":"Distrito Federal","sigla":"DF","ibge_code":"53"},"geometry":{"type":"Polygon","coordinates":[[[-48.187235,-15.495514000000002],[-48.187235,-15.615514],[-48.22723499999999,-15.635513999999999],[-48.207235,-15.775514],[-48.267235,-15.815513999999999],[-48.267235,-15.915514],[-48.22723499999999,-15.955513999999999],[-48.22723499999999,-16.035514],[-48.207235,-16.055514000000002],[-47.527235,-16.055514000000002],[-47.527235,-16.035514],[-47.387235,-16.035514],[-47.387235,-16.015514000000003],[-47.347235,-16.015514000000003],[-47.347235,-15.815513999999999],[-47.307235,-15.775514],[-47.307235,-15.595514],[-47.387235,-15.575514],[-47.427234999999996,-15.495514000000002],[-48.187235,-15.495514000000002]]]}},{"type":"Feature","properties":{"name":"Espírito Santo","sigla":"ES","ibge_code":"32"},"geometry":{"type":"Polygon","coordinates":[[[-40.447235,-17.895514],[-40.447235,-17.915514],[-40.607234999999996,-17.915514],[-40.627235,-17.955514],[-40.867235,-17.975513999999997],[-40.867235,-18.015514000000003],[-40.767235,-18.095514],[-40.787234999999995,-18.155514000000004],[-40.947235,-18.115513999999997],[-40.967234999999995,-18.155514000000004],[-41.067235,-18.195514000000003],[-41.107234999999996,-18.235514000000002],[-41.107234999999996,-18.275514],[-41.127235,-18.275514],[-41.127235,-18.375514000000003],[-41.047235,-18.375514000000003],[-41.007234999999994,-18.415514],[-41.007234999999994,-18.455514],[-40.987235,-18.455514],[-40.987235,-18.495514],[-41.007234999999994,-18.495514],[-41.007234999999994,-18.655514000000004],[-40.947235,-18.675514],[-40.927234999999996,-18.735514000000002],[-40.907235,-18.735514000000002],[-40.907235,-18.775514],[-40.967234999999995,-18.835514000000003],[-41.127235,-18.835514000000003],[-41.127235,-18.875514000000003],[-41.027235,-18.955514],[-41.027235,-19.055514000000002],[-40.927234999999996,-19.155514000000004],[-40.947235,-19.275514],[-40.907235,-19.315514],[-40.927234999999996,-19.315514],[-40.927234999999996,-19.375514000000003],[-40.947235,-19.375514000000003],[-40.947235,-19.475513999999997],[-40.987235,-19.515514000000003],[-41.027235,-19.515514000000003],[-41.027235,-19.555514000000002],[-41.167235,-19.695514000000003],[-41.167235,-19.855514],[-41.247234999999996,-19.935513999999998],[-41.307235,-19.935513999999998],[-41.307235,-20.055514000000002],[-41.327234999999995,-20.055514000000002],[-41.327234999999995,-20.115513999999997],[-41.347235,-20.115513999999997],[-41.347235,-20.175514],[-41.387235,-20.215514],[-41.747234999999996,-20.215514],[-41.747234999999996,-20.255513999999998],[-41.847235,-20.335514000000003],[-41.847235,-20.395514],[-41.787234999999995,-20.435513999999998],[-41.807235,-20.455514],[-41.787234999999995,-20.535514],[-41.847235,-20.595514],[-41.807235,-20.675514],[-41.847235,-20.695514000000003],[-41.867235,-20.775514],[-41.827234999999995,-20.775514],[-41.827234999999995,-20.795513999999997],[-41.727235,-20.835514000000003],[-41.727235,-20.875514000000003],[-41.707235,-20.875514000000003],[-41.727235,-20.895514],[-41.727235,-20.955514],[-41.707235,-20.955514],[-41.727235,-21.095514],[-41.627235,-21.135514],[-41.627235,-21.155514000000004],[-41.467234999999995,-21.175514],[-41.467234999999995,-21.195514000000003],[-41.327234999999995,-21.195514000000003],[-41.287234999999995,-21.235514000000002],[-41.047235,-21.215514],[-41.007234999999994,-21.255513999999998],[-40.827234999999995,-21.275514],[-40.807235,-21.115513999999997],[-40.787234999999995,-21.115513999999997],[-40.787234999999995,-20.995514],[-40.767235,-20.995514],[-40.767235,-20.895514],[-40.687235,-20.835514000000003],[-40.687235,-20.795513999999997],[-40.627235,-20.755513999999998],[-40.627235,-20.715514],[-40.547235,-20.655514000000004],[-40.547235,-20.615513999999997],[-40.487235,-20.575514],[-40.487235,-20.535514],[-40.407235,-20.475513999999997],[-40.407235,-20.435513999999998],[-40.347235,-20.395514],[-40.347235,-20.355514],[-40.267235,-20.295513999999997],[-40.267235,-20.255513999999998],[-40.207235,-20.215514],[-40.207235,-20.175514],[-40.127235,-20.115513999999997],[-40.127235,-20.075514],[-40.067235,-20.035514],[-40.067235,-19.995514],[-39.987235,-19.935513999999998],[-39.987235,-19.895514],[-39.927234999999996,-19.855514],[-39.927234999999996,-19.815514],[-39.847235,-19.755513999999998],[-39.847235,-19.715514],[-39.747234999999996,-19.615513999999997],[-39.587235,-18.355514],[-39.747234999999996,-18.295513999999997],[-39.767235,-18.255513999999998],[-39.807235,-18.255513999999998],[-39.867235,-18.195514000000003],[-39.947235,-18.175514],[-39.967234999999995,-18.135514],[-40.047235,-18.115513999999997],[-40.067235,-18.075514],[-40.147234999999995,-18.055514000000002],[-40.227235,-17.955514],[-40.307235,-17.955514],[-40.347235,-17.915514],[-40.447235,-17.895514]]]}},{"type":"Feature","properties":{"name":"Goiás","sigla":"GO","ibge_code":"52"},"geometry":{"type":"Polygon","coordinates":[[[-50.507234999999994,-12.955513999999999],[-50.547235,-12.995514000000002],[-50.567235,-13.075514],[-50.58723499999999,-13.075514],[-50.567235,-13.095514],[-50.567235,-13.275514],[-50.647234999999995,-13.355514000000001],[-50.667235,-13.455513999999999],[-50.747234999999996,-13.515514000000001],[-50.767235,-13.655514000000002],[-50.867234999999994,-13.735514],[-50.847235,-13.755514],[-50.847235,-13.855514000000001],[-50.827235,-13.855514000000001],[-50.847235,-13.875514],[-50.847235,-13.955513999999999],[-50.867234999999994,-13.955513999999999],[-50.847235,-13.975513999999999],[-50.847235,-14.095514],[-50.907235,-14.115514],[-50.927234999999996,-14.195514000000001],[-50.947235,-14.195514000000001],[-50.947235,-14.275514],[-50.967235,-14.275514],[-50.967235,-14.355514000000001],[-50.987235,-14.355514000000001],[-50.967235,-14.535514000000001],[-50.987235,-14.535514000000001],[-50.987235,-14.615514],[-51.027235,-14.635513999999999],[-51.047235,-14.795513999999999],[-51.08723499999999,-14.815513999999999],[-51.107235,-14.915514],[-51.187235,-14.995514000000002],[-51.22723499999999,-14.995514000000002],[-51.22723499999999,-15.015514000000001],[-51.287234999999995,-15.015514000000001],[-51.307235,-14.975513999999999],[-51.407235,-14.995514000000002],[-51.467235,-15.055514],[-51.507234999999994,-15.055514],[-51.607235,-15.175514000000002],[-51.647234999999995,-15.175514000000002],[-51.687235,-15.475513999999999],[-51.767235,-15.535514000000001],[-51.767235,-15.635513999999999],[-51.827235,-15.695514000000001],[-51.847235,-15.775514],[-51.887235,-15.815513999999999],[-52.007234999999994,-15.835514000000002],[-52.047235,-15.895514],[-52.247234999999996,-15.895514],[-52.287234999999995,-15.995514000000002],[-52.367234999999994,-16.075514],[-52.407235,-16.075514],[-52.447235,-16.115513999999997],[-52.427234999999996,-16.255513999999998],[-52.467235,-16.295513999999997],[-52.527235,-16.295513999999997],[-52.58723499999999,-16.355514],[-52.627235,-16.535514],[-52.687235,-16.575514],[-52.707235,-16.655514000000004],[-52.827235,-16.775514],[-52.927234999999996,-16.795513999999997],[-52.927234999999996,-16.815514],[-52.967235,-16.815514],[-53.007234999999994,-16.855514],[-53.027235,-17.055514000000002],[-53.08723499999999,-17.095514],[-53.127235,-17.195514000000003],[-53.187235,-17.235514000000002],[-53.187235,-17.395514],[-53.207235,-17.395514],[-53.207235,-17.555514000000002],[-53.147234999999995,-17.615513999999997],[-53.147234999999995,-17.655514000000004],[-53.107235,-17.675514],[-53.107235,-17.915514],[-53.067235,-17.955514],[-53.067235,-18.015514000000003],[-53.147234999999995,-18.095514],[-53.147234999999995,-18.255513999999998],[-53.067235,-18.335514000000003],[-52.907235,-18.295513999999997],[-52.907235,-18.315514],[-52.807235,-18.355514],[-52.807235,-18.415514],[-52.887235,-18.475513999999997],[-52.887235,-18.535514],[-52.907235,-18.535514],[-52.907235,-18.635514],[-52.887235,-18.655514000000004],[-52.607235,-18.655514000000004],[-52.607235,-18.675514],[-52.547235,-18.675514],[-52.547235,-18.695514000000003],[-52.487235,-18.695514000000003],[-52.367234999999994,-18.815514],[-52.187235,-18.835514000000003],[-52.187235,-18.855514],[-52.107235,-18.875514000000003],[-52.027235,-18.975513999999997],[-51.887235,-18.995514],[-51.807235,-19.075514],[-51.747234999999996,-19.075514],[-51.747234999999996,-19.095514],[-51.667235,-19.115513999999997],[-51.667235,-19.135514],[-51.427234999999996,-19.155514000000004],[-51.307235,-19.275514],[-51.107235,-19.295513999999997],[-50.987235,-19.415514],[-50.927234999999996,-19.435513999999998],[-50.927234999999996,-19.475513999999997],[-50.867234999999994,-19.455514],[-50.847235,-19.295513999999997],[-50.687235,-19.135514],[-50.567235,-19.135514],[-50.487235,-19.055514000000002],[-50.487235,-18.915514],[-50.367234999999994,-18.795513999999997],[-50.327235,-18.695514000000003],[-50.08723499999999,-18.675514],[-50.047235,-18.615513999999997],[-49.767235,-18.635514],[-49.767235,-18.615513999999997],[-49.707235,-18.615513999999997],[-49.667235,-18.575514],[-49.627235,-18.575514],[-49.627235,-18.555514000000002],[-49.567235,-18.555514000000002],[-49.527235,-18.495514],[-49.467235,-18.535514],[-49.467235,-18.575514],[-49.407235,-18.635514],[-49.367234999999994,-18.635514],[-49.187235,-18.455514],[-49.187235,-18.415514],[-49.147234999999995,-18.415514],[-49.147234999999995,-18.395514],[-49.047235,-18.415514],[-48.967235,-18.315514],[-48.887235,-18.315514],[-48.827235,-18.375514000000003],[-48.807235,-18.355514],[-48.627235,-18.355514],[-48.627235,-18.335514000000003],[-48.467235,-18.355514],[-48.467235,-18.375514000000003],[-48.427234999999996,-18.375514000000003],[-48.427234999999996,-18.355514],[-48.407235,-18.375514000000003],[-48.307235,-18.375514000000003],[-48.287234999999995,-18.335514000000003],[-48.247234999999996,-18.335514000000003],[-48.207235,-18.375514000000003],[-48.147234999999995,-18.375514000000003],[-48.107235,-18.435513999999998],[-48.027235,-18.415514],[-47.967235,-18.475513999999997],[-47.867234999999994,-18.475513999999997],[-47.827235,-18.415514],[-47.767235,-18.415514],[-47.667235,-18.315514],[-47.627235,-18.315514],[-47.627235,-18.275514],[-47.547235,-18.195514000000003],[-47.507234999999994,-18.215514],[-47.467235,-18.175514],[-47.427234999999996,-18.175514],[-47.407235,-18.135514],[-47.367234999999994,-18.135514],[-47.287234999999995,-18.055514000000002],[-47.287234999999995,-17.995514],[-47.307235,-17.995514],[-47.307235,-17.935513999999998],[-47.327235,-17.935513999999998],[-47.327235,-17.875514000000003],[-47.347235,-17.875514000000003],[-47.347235,-17.795513999999997],[-47.327235,-17.795513999999997],[-47.307235,-17.695514000000003],[-47.267235,-17.675514],[-47.267235,-17.575514],[-47.307235,-17.535514],[-47.347235,-17.535514],[-47.347235,-17.515514000000003],[-47.447235,-17.515514000000003],[-47.467235,-17.535514],[-47.527235,-17.475513999999997],[-47.527235,-17.415514],[-47.507234999999994,-17.415514],[-47.507234999999994,-17.335514000000003],[-47.447235,-17.355514],[-47.407235,-17.315514],[-47.407235,-17.255513999999998],[-47.22723499999999,-17.075514],[-47.22723499999999,-17.015514000000003],[-47.147234999999995,-16.935513999999998],[-47.167235,-16.935513999999998],[-47.167235,-16.875514000000003],[-47.187235,-16.875514000000003],[-47.187235,-16.815514],[-47.22723499999999,-16.775514],[-47.247234999999996,-16.675514],[-47.327235,-16.595514],[-47.407235,-16.575514],[-47.407235,-16.535514],[-47.447235,-16.515514000000003],[-47.447235,-16.455514],[-47.427234999999996,-16.455514],[-47.427234999999996,-16.395514],[-47.367234999999994,-16.355514],[-47.327235,-16.235514000000002],[-47.307235,-16.235514000000002],[-47.327235,-16.095514],[-47.287234999999995,-16.075514],[-47.287234999999995,-16.035514],[-47.187235,-16.015514000000003],[-47.147234999999995,-15.975513999999999],[-47.147234999999995,-15.935514],[-46.907235,-15.915514],[-46.907235,-15.895514],[-46.867234999999994,-15.895514],[-46.827235,-15.855514000000001],[-46.847235,-15.615514],[-46.927234999999996,-15.555514],[-46.927234999999996,-15.395514],[-46.847235,-15.335514000000002],[-46.847235,-15.295513999999999],[-46.927234999999996,-15.235514],[-46.887235,-15.035514000000001],[-46.747234999999996,-15.015514000000001],[-46.747234999999996,-15.035514000000001],[-46.647234999999995,-15.055514],[-46.647234999999995,-15.075514],[-46.58723499999999,-15.075514],[-46.547235,-15.035514000000001],[-46.567235,-14.775514],[-46.547235,-14.775514],[-46.527235,-14.715514],[-46.487235,-14.715514],[-46.467235,-14.755514],[-46.347235,-14.795513999999999],[-46.307235,-14.895514],[-46.287234999999995,-14.915514],[-46.207235,-14.915514],[-46.207235,-14.935514],[-46.08723499999999,-14.935514],[-46.067235,-14.895514],[-46.027235,-14.895514],[-45.987235,-14.795513999999999],[-45.907235,-14.735514],[-45.907235,-14.635513999999999],[-45.927234999999996,-14.635513999999999],[-45.927234999999996,-14.575514],[-45.947235,-14.575514],[-45.947235,-14.515514000000001],[-45.967235,-14.515514000000001],[-45.907235,-14.355514000000001],[-45.967235,-14.335514000000002],[-46.067235,-14.215514],[-46.127235,-14.195514000000001],[-46.147234999999995,-14.095514],[-46.167235,-14.095514],[-46.187235,-14.015514000000001],[-46.22723499999999,-13.995514000000002],[-46.22723499999999,-13.915514],[-46.247234999999996,-13.895514],[-48.347235,-13.895514],[-49.247234999999996,-12.975513999999999],[-50.467235,-12.975513999999999],[-50.467235,-12.955513999999999],[-50.507234999999994,-12.955513999999999]],[[-48.187235,-15.495514000000002],[-47.427234999999996,-15.495514000000002],[-47.387235,-15.575514],[-47.307235,-15.595514],[-47.307235,-15.775514],[-47.347235,-15.815513999999999],[-47.347235,-16.015514000000003],[-47.387235,-16.015514000000003],[-47.387235,-16.035514],[-47.527235,-16.035514],[-47.527235,-16.055514000000002],[-48.207235,-16.055514000000002],[-48.22723499999999,-16.035514],[-48.22723499999999,-15.955513999999999],[-48.267235,-15.915514],[-48.267235,-15.815513999999999],[-48.207235,-15.775514],[-48.22723499999999,-15.635513999999999],[-48.187235,-15.615514],[-48.187235,-15.495514000000002]]]}},{"type":"Feature","properties":{"name":"Maranhão","sigla":"MA","ibge_code":"21"},"geometry":{"type":"Polygon","coordinates":[[[-46.107235,-1.0955139999999997],[-46.107235,-1.2155139999999998],[-46.147234999999995,-1.2355140000000002],[-46.147234999999995,-1.2955139999999998],[-46.167235,-1.2955139999999998],[-46.127235,-1.3355139999999999],[-46.127235,-1.375514],[-46.167235,-1.415514],[-46.167235,-1.455514],[-46.187235,-1.455514],[-46.187235,-1.5555139999999996],[-46.167235,-1.5555139999999996],[-46.187235,-1.575514],[-46.187235,-1.6755139999999997],[-46.22723499999999,-1.6955140000000002],[-46.22723499999999,-1.7355140000000002],[-46.287234999999995,-1.7555139999999998],[-46.267235,-1.7955139999999998],[-46.207235,-1.8155140000000003],[-46.207235,-1.9755139999999995],[-46.247234999999996,-2.0155139999999996],[-46.247234999999996,-2.075514],[-46.267235,-2.075514],[-46.267235,-2.155514],[-46.367234999999994,-2.255514],[-46.407235,-2.255514],[-46.427234999999996,-2.5155139999999996],[-46.487235,-2.5555140000000005],[-46.487235,-2.5955139999999997],[-46.547235,-2.655514],[-46.647234999999995,-2.6955139999999993],[-46.647234999999995,-2.7755139999999994],[-46.58723499999999,-2.8155140000000003],[-46.58723499999999,-2.8555139999999994],[-46.647234999999995,-2.8955140000000004],[-46.647234999999995,-2.955514000000001],[-46.627235,-2.955514000000001],[-46.647234999999995,-3.075514],[-46.707235,-3.1355140000000006],[-46.707235,-3.1755139999999997],[-46.747234999999996,-3.1955139999999993],[-46.747234999999996,-3.2355140000000002],[-46.927234999999996,-3.3955140000000004],[-46.967235,-3.535513999999999],[-47.027235,-3.575514],[-47.027235,-3.655514],[-47.047235,-3.655514],[-47.027235,-3.7155140000000006],[-47.047235,-3.7155140000000006],[-47.067235,-3.875514000000001],[-47.107235,-3.915514],[-47.147234999999995,-3.915514],[-47.147234999999995,-3.955514000000001],[-47.247234999999996,-4.0555140000000005],[-47.287234999999995,-4.0555140000000005],[-47.327235,-4.095514],[-47.347235,-4.255514],[-47.407235,-4.315514],[-47.447235,-4.315514],[-47.467235,-4.415514],[-47.527235,-4.455514000000001],[-47.527235,-4.495514],[-47.647234999999995,-4.615513999999999],[-47.72723499999999,-4.615513999999999],[-47.72723499999999,-4.595514],[-47.787234999999995,-4.615513999999999],[-47.787234999999995,-4.595514],[-47.827235,-4.595514],[-47.887235,-4.675514],[-47.927234999999996,-4.675514],[-47.987235,-4.755514],[-48.027235,-4.755514],[-48.08723499999999,-4.835514],[-48.127235,-4.835514],[-48.187235,-4.915514],[-48.22723499999999,-4.915514],[-48.307235,-5.015514],[-48.347235,-5.015514],[-48.407235,-5.095514],[-48.447235,-5.095514],[-48.467235,-5.175514],[-48.307235,-5.175514],[-48.307235,-5.195513999999999],[-48.267235,-5.195513999999999],[-48.247234999999996,-5.235514],[-48.207235,-5.235514],[-48.167235,-5.275513999999999],[-48.027235,-5.275513999999999],[-48.007234999999994,-5.235514],[-47.987235,-5.255514],[-47.887235,-5.255514],[-47.847235,-5.295514000000001],[-47.847235,-5.375514000000001],[-47.827235,-5.395514],[-47.72723499999999,-5.395514],[-47.687235,-5.4355139999999995],[-47.647234999999995,-5.4355139999999995],[-47.627235,-5.475514],[-47.547235,-5.475514],[-47.467235,-5.5555140000000005],[-47.467235,-5.775513999999999],[-47.407235,-5.835514],[-47.427234999999996,-6.095514],[-47.407235,-6.095514],[-47.407235,-6.195513999999999],[-47.367234999999994,-6.215514000000001],[-47.367234999999994,-6.295514000000001],[-47.387235,-6.295514000000001],[-47.387235,-6.395514],[-47.407235,-6.395514],[-47.407235,-6.515514],[-47.447235,-6.535514000000001],[-47.447235,-6.635514000000001],[-47.467235,-6.635514000000001],[-47.467235,-6.755514],[-47.487235,-6.755514],[-47.487235,-6.895514],[-47.467235,-6.915514],[-47.487235,-6.915514],[-47.487235,-6.975514],[-47.567235,-7.035514000000001],[-47.567235,-7.075514],[-47.627235,-7.115513999999999],[-47.627235,-7.155514],[-47.72723499999999,-7.155514],[-47.72723499999999,-7.215514000000001],[-47.647234999999995,-7.295514000000001],[-47.547235,-7.275513999999999],[-47.547235,-7.295514000000001],[-47.467235,-7.315514],[-47.487235,-7.395514],[-47.527235,-7.415514],[-47.507234999999994,-7.475514],[-47.447235,-7.535514000000001],[-47.407235,-7.535514000000001],[-47.407235,-7.575514],[-47.367234999999994,-7.575514],[-47.347235,-7.655514],[-47.307235,-7.655514],[-47.307235,-7.695513999999999],[-47.107235,-7.895514],[-47.08723499999999,-7.975514],[-47.007234999999994,-8.055514],[-46.947235,-7.995514],[-46.867234999999994,-7.975514],[-46.867234999999994,-7.955514000000001],[-46.767235,-7.955514000000001],[-46.767235,-7.9355139999999995],[-46.687235,-7.9355139999999995],[-46.687235,-7.915514],[-46.567235,-7.915514],[-46.547235,-7.955514000000001],[-46.507234999999994,-7.955514000000001],[-46.467235,-7.995514],[-46.487235,-8.255514],[-46.527235,-8.295514],[-46.507234999999994,-8.395514],[-46.547235,-8.395514],[-46.547235,-8.415514],[-46.747234999999996,-8.415514],[-46.747234999999996,-8.435514],[-46.827235,-8.455514],[-46.847235,-8.535514000000001],[-46.867234999999994,-8.535514000000001],[-46.867234999999994,-8.615514],[-46.887235,-8.615514],[-46.887235,-8.695514],[-46.907235,-8.695514],[-46.887235,-8.815514],[-47.067235,-8.975514],[-47.067235,-9.055514],[-47.047235,-9.075514],[-46.887235,-9.095514],[-46.847235,-9.135514],[-46.847235,-9.175514],[-46.827235,-9.175514],[-46.827235,-9.335514],[-46.787234999999995,-9.355514],[-46.787234999999995,-9.395514],[-46.687235,-9.435514],[-46.667235,-9.475514],[-46.567235,-9.495514],[-46.527235,-9.535514000000001],[-46.58723499999999,-9.595514],[-46.58723499999999,-9.635514],[-46.647234999999995,-9.675514],[-46.667235,-9.735514],[-46.547235,-9.855514],[-46.507234999999994,-9.855514],[-46.467235,-9.895514],[-46.467235,-9.935514],[-46.447235,-9.935514],[-46.467235,-10.015514],[-46.347235,-10.135514],[-46.347235,-10.175514],[-46.327235,-10.195514],[-46.107235,-10.195514],[-46.107235,-10.215514],[-46.067235,-10.215514],[-45.967235,-10.315513999999999],[-45.927234999999996,-10.275514],[-45.947235,-10.155514],[-45.887235,-10.095514],[-45.887235,-9.995514],[-45.847235,-9.975514],[-45.867234999999994,-9.855514],[-45.847235,-9.855514],[-45.847235,-9.795514],[-45.827235,-9.795514],[-45.827235,-9.535514000000001],[-45.787234999999995,-9.495514],[-45.807235,-9.395514],[-45.887235,-9.335514],[-45.887235,-9.195514],[-45.927234999999996,-9.155514],[-45.927234999999996,-9.015514],[-45.967235,-8.975514],[-45.967235,-8.875514],[-45.927234999999996,-8.835514],[-45.927234999999996,-8.775514],[-45.887235,-8.775514],[-45.807235,-8.695514],[-45.807235,-8.655514],[-45.767235,-8.615514],[-45.767235,-8.555514],[-45.72723499999999,-8.535514000000001],[-45.72723499999999,-8.415514],[-45.667235,-8.355514],[-45.647234999999995,-8.235514],[-45.567235,-8.155514],[-45.527235,-7.815514],[-45.507234999999994,-7.815514],[-45.507234999999994,-7.755514],[-45.467235,-7.715514000000001],[-45.467235,-7.675514],[-45.367234999999994,-7.575514],[-45.327235,-7.575514],[-45.327235,-7.5555140000000005],[-45.247234999999996,-7.5555140000000005],[-45.247234999999996,-7.535514000000001],[-45.187235,-7.535514000000001],[-45.187235,-7.515514],[-44.947235,-7.495514],[-44.827235,-7.375514000000001],[-44.807235,-7.395514],[-44.787234999999995,-7.375514000000001],[-44.687235,-7.395514],[-44.687235,-7.355513999999999],[-44.547235,-7.215514000000001],[-44.507234999999994,-7.215514000000001],[-44.487235,-7.175514],[-44.447235,-7.175514],[-44.407235,-7.135514000000001],[-44.327235,-7.135514000000001],[-44.267235,-7.075514],[-44.267235,-7.015514],[-44.007234999999994,-6.755514],[-43.927234999999996,-6.775513999999999],[-43.927234999999996,-6.755514],[-43.827235,-6.735514],[-43.827235,-6.715514000000001],[-43.647234999999995,-6.715514000000001],[-43.607235,-6.755514],[-43.567235,-6.755514],[-43.527235,-6.815514],[-43.487235,-6.815514],[-43.467235,-6.855513999999999],[-43.407235,-6.855513999999999],[-43.387235,-6.815514],[-43.287234999999995,-6.815514],[-43.247234999999996,-6.775513999999999],[-43.147234999999995,-6.775513999999999],[-43.147234999999995,-6.795514000000001],[-43.127235,-6.775513999999999],[-43.007234999999994,-6.775513999999999],[-42.907235,-6.675514],[-42.907235,-6.595514],[-42.867234999999994,-6.575514],[-42.867234999999994,-6.495514],[-42.847235,-6.495514],[-42.847235,-6.455514000000001],[-42.867234999999994,-6.455514000000001],[-42.847235,-6.275513999999999],[-42.907235,-6.215514000000001],[-42.947235,-6.215514000000001],[-42.967235,-6.155514],[-43.067235,-6.075514],[-43.047235,-6.015514],[-43.08723499999999,-5.995514],[-43.08723499999999,-5.815514],[-43.107235,-5.815514],[-43.08723499999999,-5.615513999999999],[-42.987235,-5.535513999999999],[-42.947235,-5.4355139999999995],[-42.907235,-5.415514],[-42.907235,-5.375514000000001],[-42.867234999999994,-5.375514000000001],[-42.827235,-5.335514],[-42.827235,-5.295514000000001],[-42.807235,-5.295514000000001],[-42.827235,-5.275513999999999],[-42.807235,-5.115513999999999],[-42.827235,-5.115513999999999],[-42.827235,-5.035513999999999],[-42.847235,-5.035513999999999],[-42.847235,-4.9355139999999995],[-42.887235,-4.895514],[-42.887235,-4.835514],[-42.947235,-4.795514000000001],[-42.947235,-4.755514],[-42.927234999999996,-4.755514],[-42.947235,-4.655514],[-42.867234999999994,-4.595514],[-42.867234999999994,-4.515514],[-42.847235,-4.495514],[-42.867234999999994,-4.495514],[-42.867234999999994,-4.4355139999999995],[-42.967235,-4.375514000000001],[-42.967235,-4.195513999999999],[-42.867234999999994,-4.135514000000001],[-42.827235,-3.995514],[-42.707235,-3.8955140000000004],[-42.687235,-3.8155140000000003],[-42.667235,-3.8155140000000003],[-42.667235,-3.6755139999999997],[-42.527235,-3.535513999999999],[-42.527235,-3.495514],[-42.507234999999994,-3.4755140000000004],[-42.447235,-3.495514],[-42.447235,-3.4755140000000004],[-42.387235,-3.4755140000000004],[-42.387235,-3.455514000000001],[-42.227235,-3.455514000000001],[-42.107234999999996,-3.335514],[-42.107234999999996,-3.2755139999999994],[-42.027235,-3.255514],[-41.927234999999996,-3.155514],[-41.927234999999996,-3.1155139999999992],[-41.827234999999995,-3.035513999999999],[-41.807235,-2.9355139999999995],[-41.867235,-2.875514000000001],[-41.847235,-2.7955140000000007],[-41.887235,-2.7955140000000007],[-41.887235,-2.7755139999999994],[-42.047235,-2.755514],[-42.047235,-2.7355140000000002],[-42.107234999999996,-2.7355140000000002],[-42.107234999999996,-2.7155140000000006],[-42.267235,-2.6955139999999993],[-42.267235,-2.6755139999999997],[-42.327234999999995,-2.6755139999999997],[-42.327234999999995,-2.655514],[-42.487235,-2.6355140000000006],[-42.487235,-2.6155139999999992],[-42.547235,-2.6155139999999992],[-42.547235,-2.5955139999999997],[-42.707235,-2.575514],[-42.707235,-2.5555140000000005],[-42.767235,-2.5555140000000005],[-42.767235,-2.535513999999999],[-42.927234999999996,-2.5155139999999996],[-42.927234999999996,-2.495514],[-42.987235,-2.495514],[-42.987235,-2.4755140000000004],[-43.147234999999995,-2.455513999999999],[-43.147234999999995,-2.4355139999999995],[-43.367234999999994,-2.3955140000000004],[-43.367234999999994,-2.375514000000001],[-43.467235,-2.375514000000001],[-43.467235,-2.3955140000000004],[-43.787234999999995,-2.455513999999999],[-43.787234999999995,-2.4755140000000004],[-43.847235,-2.4755140000000004],[-43.847235,-2.495514],[-43.927234999999996,-2.495514],[-43.927234999999996,-2.5155139999999996],[-44.007234999999994,-2.5155139999999996],[-44.007234999999994,-2.535513999999999],[-44.08723499999999,-2.535513999999999],[-44.08723499999999,-2.5555140000000005],[-44.147234999999995,-2.5555140000000005],[-44.147234999999995,-2.575514],[-44.22723499999999,-2.575514],[-44.22723499999999,-2.5955139999999997],[-44.307235,-2.5955139999999997],[-44.307235,-2.6155139999999992],[-44.387235,-2.6155139999999992],[-44.387235,-2.6355140000000006],[-44.567235,-2.6755139999999997],[-44.527235,-2.5155139999999996],[-44.507234999999994,-2.5155139999999996],[-44.507234999999994,-2.455513999999999],[-44.487235,-2.455513999999999],[-44.467235,-2.3155140000000003],[-44.447235,-2.3155140000000003],[-44.447235,-2.255514],[-44.427234999999996,-2.255514],[-44.407235,-2.115514],[-44.567235,-1.955514],[-44.567235,-1.915514],[-44.667235,-1.8355139999999999],[-44.667235,-1.7955139999999998],[-44.767235,-1.7155139999999998],[-44.767235,-1.6755139999999997],[-44.867234999999994,-1.5955139999999997],[-44.867234999999994,-1.5555139999999996],[-46.107235,-1.0955139999999997]]]}},{"type":"Feature","properties":{"name":"Mato Grosso","sigla":"MT","ibge_code":"51"},"geometry":{"type":"Polygon","coordinates":[[[-58.067235,-7.355513999999999],[-58.087235,-7.415514],[-58.127235,-7.4355139999999995],[-58.127235,-7.655514],[-58.207235,-7.715514000000001],[-58.207235,-7.775513999999999],[-58.307235,-7.855513999999999],[-58.307235,-7.915514],[-58.287234999999995,-7.915514],[-58.287234999999995,-7.975514],[-58.267235,-7.975514],[-58.22723499999999,-8.135514],[-58.247234999999996,-8.135514],[-58.247234999999996,-8.195514],[-58.267235,-8.195514],[-58.267235,-8.295514],[-58.307235,-8.335514],[-58.307235,-8.395514],[-58.367234999999994,-8.455514],[-58.347235,-8.615514],[-58.387235,-8.655514],[-58.367234999999994,-8.755514],[-58.407235,-8.795514],[-58.447235,-8.795514],[-58.467235,-8.835514],[-61.387235,-8.835514],[-61.387235,-8.935514],[-61.427234999999996,-8.975514],[-61.427234999999996,-9.135514],[-61.407235,-9.135514],[-61.407235,-9.215514],[-61.387235,-9.215514],[-61.387235,-9.295514],[-61.367234999999994,-9.295514],[-61.367234999999994,-9.375514],[-61.347235,-9.375514],[-61.347235,-9.455514],[-61.327235,-9.455514],[-61.327235,-9.735514],[-61.347235,-9.735514],[-61.347235,-9.815514],[-61.367234999999994,-9.815514],[-61.367234999999994,-9.875514],[-61.387235,-9.875514],[-61.387235,-9.935514],[-61.407235,-9.935514],[-61.407235,-9.995514],[-61.427234999999996,-9.995514],[-61.427234999999996,-10.035514000000001],[-61.467235,-10.075514],[-61.467235,-10.135514],[-61.507234999999994,-10.175514],[-61.507234999999994,-10.415514],[-61.487235,-10.415514],[-61.487235,-10.495514000000002],[-61.447235,-10.535514000000001],[-61.447235,-10.575514],[-61.407235,-10.595514],[-61.407235,-10.635513999999999],[-61.287234999999995,-10.755514],[-61.247234999999996,-10.755514],[-61.207235,-10.795513999999999],[-61.207235,-10.835514000000002],[-61.147234999999995,-10.875514],[-61.147234999999995,-10.915514],[-61.127235,-10.915514],[-61.087235,-11.015514000000001],[-60.407235,-11.015514000000001],[-60.347235,-11.115514],[-60.267235,-11.095514],[-60.247234999999996,-11.135513999999999],[-60.067235,-11.135513999999999],[-60.047235,-11.175514000000002],[-59.967235,-11.175514000000002],[-59.907235,-11.235514],[-59.927234999999996,-11.295513999999999],[-59.907235,-11.295513999999999],[-59.907235,-11.355514000000001],[-59.887235,-11.355514000000001],[-59.887235,-11.435514],[-59.927234999999996,-11.475513999999999],[-59.967235,-11.475513999999999],[-60.047235,-11.555514],[-60.067235,-11.735514],[-60.047235,-11.735514],[-60.047235,-11.835514000000002],[-59.947235,-11.895514],[-59.927234999999996,-12.035514000000001],[-59.867234999999994,-12.075514],[-59.847235,-12.515514000000001],[-59.887235,-12.555514],[-59.887235,-12.595514],[-60.007234999999994,-12.715514],[-60.047235,-12.715514],[-60.047235,-12.795513999999999],[-60.027235,-12.795513999999999],[-60.047235,-12.895514],[-60.107234999999996,-12.955513999999999],[-60.187235,-12.955513999999999],[-60.267235,-13.035514000000001],[-60.267235,-13.155514000000002],[-60.307235,-13.195514000000001],[-60.307235,-13.235514],[-60.347235,-13.255514],[-60.367234999999994,-13.415514],[-60.427234999999996,-13.475513999999999],[-60.467235,-13.475513999999999],[-60.487235,-13.515514000000001],[-60.567235,-13.535514000000001],[-60.667235,-13.635513999999999],[-60.727235,-13.655514000000002],[-60.707235,-13.695514000000001],[-60.507234999999994,-13.775514],[-60.467235,-14.375514],[-60.447235,-14.375514],[-60.447235,-14.415514],[-60.407235,-14.435514],[-60.407235,-14.475513999999999],[-60.367234999999994,-14.495514000000002],[-60.367234999999994,-14.535514000000001],[-60.327235,-14.555514],[-60.327235,-14.595514],[-60.267235,-14.655514000000002],[-60.267235,-15.075514],[-60.547235,-15.075514],[-60.547235,-15.155514000000002],[-60.527235,-15.155514000000002],[-60.527235,-15.215514],[-60.507234999999994,-15.215514],[-60.507234999999994,-15.275514],[-60.487235,-15.275514],[-60.487235,-15.335514000000002],[-60.467235,-15.335514000000002],[-60.467235,-15.395514],[-60.447235,-15.395514],[-60.447235,-15.455513999999999],[-60.427234999999996,-15.455513999999999],[-60.427234999999996,-15.515514000000001],[-60.407235,-15.515514000000001],[-60.407235,-15.575514],[-60.387235,-15.575514],[-60.387235,-15.635513999999999],[-60.367234999999994,-15.635513999999999],[-60.367234999999994,-15.695514000000001],[-60.347235,-15.695514000000001],[-60.347235,-15.755514],[-60.327235,-15.755514],[-60.327235,-15.815513999999999],[-60.307235,-15.815513999999999],[-60.307235,-15.875514],[-60.287234999999995,-15.875514],[-60.287234999999995,-15.935514],[-60.267235,-15.935514],[-60.267235,-15.995514000000002],[-60.247234999999996,-15.995514000000002],[-60.247234999999996,-16.055514000000002],[-60.227235,-16.055514000000002],[-60.227235,-16.115513999999997],[-60.207235,-16.115513999999997],[-60.167235,-16.275514],[-59.367234999999994,-16.275514],[-59.367234999999994,-16.295513999999997],[-58.447235,-16.295513999999997],[-58.447235,-16.315514],[-58.267235,-16.315514],[-58.267235,-16.395514],[-58.287234999999995,-16.395514],[-58.287234999999995,-16.475513999999997],[-58.307235,-16.475513999999997],[-58.307235,-16.555514000000002],[-58.327235,-16.555514000000002],[-58.347235,-16.715514],[-58.367234999999994,-16.715514],[-58.367234999999994,-16.775514],[-58.387235,-16.775514],[-58.387235,-16.855514],[-58.407235,-16.855514],[-58.387235,-16.955514],[-58.367234999999994,-16.955514],[-58.367234999999994,-17.035514],[-58.347235,-17.035514],[-58.347235,-17.115513999999997],[-58.327235,-17.115513999999997],[-58.327235,-17.175514],[-58.307235,-17.175514],[-58.307235,-17.255513999999998],[-58.287234999999995,-17.255513999999998],[-58.287234999999995,-17.295513999999997],[-58.247234999999996,-17.295513999999997],[-58.247234999999996,-17.315514],[-58.207235,-17.315514],[-58.207235,-17.335514000000003],[-58.167235,-17.335514000000003],[-58.127235,-17.375514000000003],[-58.047235,-17.395514],[-58.047235,-17.415514],[-57.967235,-17.435513999999998],[-57.967235,-17.455514],[-57.887235,-17.475513999999997],[-57.887235,-17.495514],[-57.847235,-17.495514],[-57.847235,-17.515514000000003],[-57.807235,-17.515514000000003],[-57.787234999999995,-17.555514000000002],[-57.72723499999999,-17.575514],[-57.707235,-17.695514000000003],[-57.667235,-17.735514000000002],[-57.647234999999995,-17.835514000000003],[-57.627235,-17.835514000000003],[-57.607235,-17.955514],[-57.587235,-17.955514],[-57.567235,-18.055514000000002],[-57.547235,-18.055514000000002],[-57.547235,-18.115513999999997],[-57.507234999999994,-18.155514000000004],[-57.647234999999995,-18.775514],[-56.08723499999999,-18.775514],[-54.627235,-17.295513999999997],[-53.187235,-17.295513999999997],[-53.187235,-17.235514000000002],[-53.127235,-17.195514000000003],[-53.08723499999999,-17.095514],[-53.027235,-17.055514000000002],[-53.007234999999994,-16.855514],[-52.967235,-16.815514],[-52.927234999999996,-16.815514],[-52.927234999999996,-16.795513999999997],[-52.827235,-16.775514],[-52.707235,-16.655514000000004],[-52.687235,-16.575514],[-52.627235,-16.535514],[-52.58723499999999,-16.355514],[-52.527235,-16.295513999999997],[-52.467235,-16.295513999999997],[-52.427234999999996,-16.255513999999998],[-52.447235,-16.115513999999997],[-52.407235,-16.075514],[-52.367234999999994,-16.075514],[-52.287234999999995,-15.995514000000002],[-52.247234999999996,-15.895514],[-52.047235,-15.895514],[-52.007234999999994,-15.835514000000002],[-51.887235,-15.815513999999999],[-51.847235,-15.775514],[-51.827235,-15.695514000000001],[-51.767235,-15.635513999999999],[-51.767235,-15.535514000000001],[-51.687235,-15.475513999999999],[-51.647234999999995,-15.175514000000002],[-51.607235,-15.175514000000002],[-51.507234999999994,-15.055514],[-51.467235,-15.055514],[-51.407235,-14.995514000000002],[-51.307235,-14.975513999999999],[-51.287234999999995,-15.015514000000001],[-51.22723499999999,-15.015514000000001],[-51.22723499999999,-14.995514000000002],[-51.187235,-14.995514000000002],[-51.107235,-14.915514],[-51.08723499999999,-14.815513999999999],[-51.047235,-14.795513999999999],[-51.027235,-14.635513999999999],[-50.987235,-14.615514],[-50.987235,-14.535514000000001],[-50.967235,-14.535514000000001],[-50.987235,-14.355514000000001],[-50.967235,-14.355514000000001],[-50.967235,-14.275514],[-50.947235,-14.275514],[-50.947235,-14.195514000000001],[-50.927234999999996,-14.195514000000001],[-50.907235,-14.115514],[-50.847235,-14.095514],[-50.847235,-13.975513999999999],[-50.867234999999994,-13.955513999999999],[-50.847235,-13.955513999999999],[-50.847235,-13.875514],[-50.827235,-13.855514000000001],[-50.847235,-13.855514000000001],[-50.847235,-13.755514],[-50.867234999999994,-13.735514],[-50.767235,-13.655514000000002],[-50.747234999999996,-13.515514000000001],[-50.667235,-13.455513999999999],[-50.647234999999995,-13.355514000000001],[-50.567235,-13.275514],[-50.567235,-13.095514],[-50.58723499999999,-13.075514],[-50.567235,-13.075514],[-50.547235,-12.995514000000002],[-50.467235,-12.915514],[-50.487235,-12.855514000000001],[-50.527235,-12.855514000000001],[-50.607235,-12.775514],[-50.607235,-12.675514000000002],[-50.667235,-12.635513999999999],[-50.647234999999995,-12.575514],[-50.627235,-12.575514],[-50.627235,-12.435514],[-50.607235,-12.435514],[-50.627235,-12.295513999999999],[-50.607235,-12.275514],[-50.667235,-12.215514],[-50.647234999999995,-11.875514],[-50.667235,-11.875514],[-50.667235,-11.815513999999999],[-50.707235,-11.775514],[-50.707235,-11.695514000000001],[-50.647234999999995,-11.655514000000002],[-50.647234999999995,-11.595514],[-50.72723499999999,-11.535514000000001],[-50.72723499999999,-11.415514],[-50.707235,-11.415514],[-50.687235,-11.275514],[-50.647234999999995,-11.255514],[-50.647234999999995,-11.115514],[-50.607235,-11.075514],[-50.607235,-10.995514000000002],[-50.627235,-10.995514000000002],[-50.607235,-10.835514000000002],[-50.627235,-10.815513999999999],[-50.567235,-10.755514],[-50.58723499999999,-10.735514],[-50.58723499999999,-10.615514],[-50.507234999999994,-10.555514],[-50.487235,-10.395514],[-50.387235,-10.295513999999999],[-50.387235,-10.135514],[-50.367234999999994,-10.135514],[-50.367234999999994,-10.075514],[-50.287234999999995,-10.015514],[-50.287234999999995,-9.935514],[-50.247234999999996,-9.895514],[-50.247234999999996,-9.855514],[-50.747234999999996,-9.835514],[-50.747234999999996,-9.815514],[-51.107235,-9.815514],[-51.107235,-9.795514],[-51.467235,-9.795514],[-51.467235,-9.775514],[-51.847235,-9.775514],[-51.847235,-9.755514],[-52.207235,-9.755514],[-52.207235,-9.735514],[-52.567235,-9.735514],[-52.567235,-9.715514],[-52.947235,-9.715514],[-52.947235,-9.695514],[-53.307235,-9.695514],[-53.307235,-9.675514],[-53.667235,-9.675514],[-53.667235,-9.655514],[-54.027235,-9.655514],[-54.027235,-9.635514],[-54.347235,-9.635514],[-54.347235,-9.615514],[-55.467235,-9.555514],[-55.467235,-9.535514000000001],[-55.747234999999996,-9.535514000000001],[-55.747234999999996,-9.515514],[-56.58723499999999,-9.475514],[-56.58723499999999,-9.455514],[-56.707235,-9.455514],[-56.72723499999999,-9.475514],[-56.767235,-9.435514],[-56.807235,-9.315514],[-56.987235,-9.315514],[-57.027235,-9.275514],[-57.047235,-9.115514],[-57.08723499999999,-9.095514],[-57.08723499999999,-9.055514],[-57.167235,-8.975514],[-57.347235,-8.955514],[-57.427234999999996,-8.815514],[-57.527235,-8.795514],[-57.567235,-8.755514],[-57.567235,-8.695514],[-57.587235,-8.695514],[-57.587235,-8.635514],[-57.607235,-8.635514],[-57.607235,-8.555514],[-57.587235,-8.555514],[-57.587235,-8.455514],[-57.607235,-8.455514],[-57.587235,-8.215514],[-57.607235,-8.215514],[-57.607235,-8.175514],[-57.667235,-8.135514],[-57.667235,-8.095514],[-57.747234999999996,-8.015514],[-57.747234999999996,-7.955514000000001],[-57.767235,-7.955514000000001],[-57.767235,-7.895514],[-57.807235,-7.855513999999999],[-57.807235,-7.795514000000001],[-57.827235,-7.795514000000001],[-57.887235,-7.5555140000000005],[-57.927234999999996,-7.535514000000001],[-57.967235,-7.415514],[-58.027235,-7.355513999999999],[-58.067235,-7.355513999999999]]]}},{"type":"Feature","properties":{"name":"Mato Grosso do Sul","sigla":"MS","ibge_code":"50"},"geometry":{"type":"Polygon","coordinates":[[[-54.627235,-17.295513999999997],[-56.08723499999999,-18.775514],[-57.647234999999995,-18.775514],[-57.687235,-18.975513999999997],[-57.72723499999999,-18.995514],[-57.747234999999996,-19.075514],[-57.787234999999995,-19.095514],[-57.787234999999995,-19.135514],[-57.827235,-19.155514000000004],[-57.847235,-19.235514000000002],[-57.887235,-19.255513999999998],[-57.887235,-19.295513999999997],[-57.927234999999996,-19.315514],[-57.927234999999996,-19.355514],[-57.967235,-19.395514],[-57.947235,-19.535514],[-57.927234999999996,-19.535514],[-57.927234999999996,-19.655514000000004],[-57.907235,-19.655514000000004],[-57.867234999999994,-19.975513999999997],[-57.907235,-19.975513999999997],[-57.927234999999996,-20.015514000000003],[-57.967235,-20.015514000000003],[-57.987235,-20.055514000000002],[-58.027235,-20.055514000000002],[-58.047235,-20.095514],[-58.147234999999995,-20.135514],[-58.167235,-20.215514],[-58.147234999999995,-20.215514],[-58.107235,-20.335514000000003],[-58.087235,-20.335514000000003],[-58.047235,-20.455514],[-58.027235,-20.455514],[-58.027235,-20.495514],[-57.987235,-20.515514000000003],[-57.967235,-20.595514],[-57.947235,-20.595514],[-57.907235,-20.715514],[-57.887235,-20.715514],[-57.927234999999996,-21.875514000000003],[-57.947235,-21.875514000000003],[-57.947235,-22.095514],[-57.927234999999996,-22.115513999999997],[-57.807235,-22.115513999999997],[-57.807235,-22.135514],[-57.707235,-22.135514],[-57.707235,-22.155514000000004],[-57.587235,-22.155514000000004],[-57.587235,-22.175514],[-57.487235,-22.175514],[-57.487235,-22.195514000000003],[-57.367234999999994,-22.195514000000003],[-57.367234999999994,-22.215514],[-57.267235,-22.215514],[-57.267235,-22.235514000000002],[-57.147234999999995,-22.235514000000002],[-57.147234999999995,-22.255513999999998],[-56.867234999999994,-22.295513999999997],[-56.867234999999994,-22.275514],[-56.807235,-22.275514],[-56.807235,-22.255513999999998],[-56.767235,-22.255513999999998],[-56.767235,-22.235514000000002],[-56.72723499999999,-22.235514000000002],[-56.72723499999999,-22.215514],[-56.687235,-22.215514],[-56.687235,-22.195514000000003],[-56.647234999999995,-22.195514000000003],[-56.647234999999995,-22.175514],[-56.607235,-22.175514],[-56.607235,-22.155514000000004],[-56.567235,-22.155514000000004],[-56.567235,-22.135514],[-56.467235,-22.095514],[-56.467235,-22.115513999999997],[-56.367234999999994,-22.135514],[-56.367234999999994,-22.155514000000004],[-56.267235,-22.175514],[-56.267235,-22.195514000000003],[-56.207235,-22.195514000000003],[-56.167235,-22.235514000000002],[-56.107235,-22.235514000000002],[-56.067235,-22.275514],[-56.007234999999994,-22.275514],[-55.967235,-22.315514],[-55.907235,-22.315514],[-55.867234999999994,-22.355514],[-55.807235,-22.355514],[-55.767235,-22.455514],[-55.687235,-22.535514],[-55.667235,-22.615513999999997],[-55.627235,-22.635514],[-55.627235,-22.695514000000003],[-55.607235,-22.695514000000003],[-55.547235,-23.495514],[-55.527235,-23.495514],[-55.527235,-23.615513999999997],[-55.507234999999994,-23.615513999999997],[-55.507234999999994,-23.675514],[-55.487235,-23.675514],[-55.487235,-23.755513999999998],[-55.467235,-23.755513999999998],[-55.467235,-23.815514],[-55.447235,-23.815514],[-55.447235,-23.875514000000003],[-55.427234999999996,-23.875514000000003],[-55.427234999999996,-23.955514],[-55.407235,-23.975513999999997],[-55.247234999999996,-23.975513999999997],[-55.247234999999996,-23.995514],[-55.007234999999994,-24.015514000000003],[-54.967235,-23.975513999999997],[-54.907235,-23.975513999999997],[-54.907235,-23.955514],[-54.827235,-23.935513999999998],[-54.827235,-23.915514],[-54.767235,-23.915514],[-54.767235,-23.895514],[-54.72723499999999,-23.895514],[-54.687235,-23.855514],[-54.627235,-23.855514],[-54.627235,-23.875514000000003],[-54.58723499999999,-23.875514000000003],[-54.547235,-23.915514],[-54.507234999999994,-23.915514],[-54.467235,-23.955514],[-54.307235,-24.015514000000003],[-54.307235,-24.055514000000002],[-54.22723499999999,-24.055514000000002],[-54.22723499999999,-24.035514],[-54.187235,-24.035514],[-54.167235,-23.995514],[-54.127235,-23.995514],[-54.067235,-23.935513999999998],[-54.067235,-23.815514],[-54.047235,-23.815514],[-54.047235,-23.735514000000002],[-54.027235,-23.735514000000002],[-54.027235,-23.675514],[-54.007234999999994,-23.675514],[-54.007234999999994,-23.615513999999997],[-53.987235,-23.615513999999997],[-53.967235,-23.435513999999998],[-53.787234999999995,-23.375514000000003],[-53.707235,-23.295513999999997],[-53.687235,-23.215514],[-53.647234999999995,-23.175514],[-53.647234999999995,-23.115513999999997],[-53.627235,-23.115513999999997],[-53.627235,-22.975513999999997],[-53.567235,-22.915514],[-53.567235,-22.875514000000003],[-53.527235,-22.875514000000003],[-53.507234999999994,-22.835514000000003],[-53.447235,-22.835514000000003],[-53.407235,-22.795513999999997],[-53.287234999999995,-22.775514],[-53.247234999999996,-22.735514000000002],[-53.187235,-22.735514000000002],[-53.107235,-22.655514000000004],[-53.067235,-22.655514000000004],[-53.067235,-22.615513999999997],[-53.007234999999994,-22.575514],[-53.007234999999994,-22.515514000000003],[-52.967235,-22.475513999999997],[-52.867234999999994,-22.455514],[-52.767235,-22.355514],[-52.72723499999999,-22.355514],[-52.707235,-22.315514],[-52.667235,-22.315514],[-52.667235,-22.295513999999997],[-52.467235,-22.215514],[-52.347235,-22.095514],[-52.307235,-21.975513999999997],[-52.147234999999995,-21.835514000000003],[-52.147234999999995,-21.775514],[-52.047235,-21.715514],[-52.027235,-21.635514],[-52.067235,-21.615513999999997],[-52.08723499999999,-21.535514],[-52.067235,-21.515514000000003],[-51.967235,-21.515514000000003],[-51.927234999999996,-21.475513999999997],[-51.927234999999996,-21.435513999999998],[-51.907235,-21.435513999999998],[-51.907235,-21.375514000000003],[-51.847235,-21.335514000000003],[-51.867234999999994,-21.135514],[-51.787234999999995,-21.095514],[-51.747234999999996,-20.995514],[-51.607235,-20.875514000000003],[-51.607235,-20.655514000000004],[-51.58723499999999,-20.655514000000004],[-51.58723499999999,-20.615513999999997],[-51.447235,-20.535514],[-51.447235,-20.495514],[-51.367234999999994,-20.435513999999998],[-51.367234999999994,-20.395514],[-51.327235,-20.355514],[-51.287234999999995,-20.355514],[-51.267235,-20.315514],[-51.147234999999995,-20.315514],[-51.147234999999995,-20.295513999999997],[-51.067235,-20.275514],[-51.027235,-20.235514000000002],[-51.027235,-20.195514000000003],[-51.007234999999994,-20.195514000000003],[-51.007234999999994,-20.055514000000002],[-50.987235,-20.055514000000002],[-51.007234999999994,-19.675514],[-50.987235,-19.675514],[-50.967235,-19.575514],[-50.947235,-19.575514],[-50.927234999999996,-19.435513999999998],[-50.987235,-19.415514],[-51.107235,-19.295513999999997],[-51.307235,-19.275514],[-51.427234999999996,-19.155514000000004],[-51.667235,-19.135514],[-51.667235,-19.115513999999997],[-51.747234999999996,-19.095514],[-51.747234999999996,-19.075514],[-51.847235,-19.055514000000002],[-51.887235,-18.995514],[-52.027235,-18.975513999999997],[-52.107235,-18.875514000000003],[-52.147234999999995,-18.875514000000003],[-52.187235,-18.835514000000003],[-52.367234999999994,-18.815514],[-52.487235,-18.695514000000003],[-52.547235,-18.695514000000003],[-52.547235,-18.675514],[-52.607235,-18.675514],[-52.607235,-18.655514000000004],[-52.887235,-18.655514000000004],[-52.907235,-18.635514],[-52.907235,-18.535514],[-52.887235,-18.535514],[-52.887235,-18.475513999999997],[-52.807235,-18.415514],[-52.807235,-18.355514],[-52.907235,-18.315514],[-52.907235,-18.295513999999997],[-53.067235,-18.335514000000003],[-53.147234999999995,-18.255513999999998],[-53.147234999999995,-18.095514],[-53.067235,-18.015514000000003],[-53.067235,-17.955514],[-53.107235,-17.915514],[-53.107235,-17.675514],[-53.147234999999995,-17.655514000000004],[-53.147234999999995,-17.615513999999997],[-53.207235,-17.555514000000002],[-53.187235,-17.295513999999997],[-54.627235,-17.295513999999997]]]}},{"type":"Feature","properties":{"name":"Minas Gerais","sigla":"MG","ibge_code":"31"},"geometry":{"type":"Polygon","coordinates":[[[-44.347235,-14.255514],[-44.387235,-14.295513999999999],[-44.447235,-14.295513999999999],[-44.467235,-14.335514000000002],[-44.547235,-14.335514000000002],[-44.58723499999999,-14.375514],[-44.627235,-14.375514],[-44.72723499999999,-14.475513999999999],[-44.807235,-14.495514000000002],[-44.887235,-14.615514],[-45.047235,-14.675514000000002],[-45.067235,-14.715514],[-45.22723499999999,-14.735514],[-45.247234999999996,-14.795513999999999],[-45.327235,-14.875514],[-45.407235,-14.895514],[-45.467235,-14.955513999999999],[-45.567235,-14.955513999999999],[-45.667235,-15.055514],[-45.667235,-15.095514],[-45.707235,-15.135513999999999],[-45.747234999999996,-15.135513999999999],[-45.747234999999996,-15.155514000000002],[-45.927234999999996,-15.135513999999999],[-45.987235,-15.215514],[-46.047235,-15.215514],[-46.027235,-15.095514],[-46.007234999999994,-15.095514],[-46.007234999999994,-15.055514],[-45.967235,-15.015514000000001],[-45.987235,-14.955513999999999],[-46.027235,-14.935514],[-46.027235,-14.895514],[-46.067235,-14.895514],[-46.08723499999999,-14.935514],[-46.287234999999995,-14.915514],[-46.347235,-14.795513999999999],[-46.467235,-14.755514],[-46.487235,-14.715514],[-46.527235,-14.715514],[-46.547235,-14.775514],[-46.567235,-14.775514],[-46.547235,-15.035514000000001],[-46.58723499999999,-15.075514],[-46.647234999999995,-15.075514],[-46.687235,-15.035514000000001],[-46.747234999999996,-15.035514000000001],[-46.747234999999996,-15.015514000000001],[-46.887235,-15.035514000000001],[-46.927234999999996,-15.235514],[-46.847235,-15.295513999999999],[-46.847235,-15.335514000000002],[-46.927234999999996,-15.395514],[-46.927234999999996,-15.555514],[-46.847235,-15.615514],[-46.827235,-15.855514000000001],[-46.867234999999994,-15.895514],[-46.907235,-15.895514],[-46.907235,-15.915514],[-47.147234999999995,-15.935514],[-47.147234999999995,-15.975513999999999],[-47.187235,-16.015514000000003],[-47.287234999999995,-16.035514],[-47.287234999999995,-16.075514],[-47.327235,-16.095514],[-47.307235,-16.235514000000002],[-47.327235,-16.235514000000002],[-47.367234999999994,-16.355514],[-47.427234999999996,-16.395514],[-47.427234999999996,-16.455514],[-47.447235,-16.455514],[-47.447235,-16.515514000000003],[-47.407235,-16.535514],[-47.407235,-16.575514],[-47.327235,-16.595514],[-47.247234999999996,-16.675514],[-47.22723499999999,-16.775514],[-47.187235,-16.815514],[-47.187235,-16.875514000000003],[-47.167235,-16.875514000000003],[-47.167235,-16.935513999999998],[-47.147234999999995,-16.935513999999998],[-47.22723499999999,-17.015514000000003],[-47.22723499999999,-17.075514],[-47.407235,-17.255513999999998],[-47.407235,-17.315514],[-47.447235,-17.355514],[-47.507234999999994,-17.335514000000003],[-47.507234999999994,-17.415514],[-47.527235,-17.415514],[-47.527235,-17.475513999999997],[-47.467235,-17.535514],[-47.447235,-17.515514000000003],[-47.347235,-17.515514000000003],[-47.347235,-17.535514],[-47.307235,-17.535514],[-47.267235,-17.575514],[-47.267235,-17.675514],[-47.307235,-17.695514000000003],[-47.327235,-17.795513999999997],[-47.347235,-17.795513999999997],[-47.347235,-17.875514000000003],[-47.327235,-17.875514000000003],[-47.327235,-17.935513999999998],[-47.307235,-17.935513999999998],[-47.307235,-17.995514],[-47.287234999999995,-17.995514],[-47.287234999999995,-18.055514000000002],[-47.367234999999994,-18.135514],[-47.407235,-18.135514],[-47.427234999999996,-18.175514],[-47.467235,-18.175514],[-47.507234999999994,-18.215514],[-47.547235,-18.195514000000003],[-47.627235,-18.275514],[-47.627235,-18.315514],[-47.667235,-18.315514],[-47.767235,-18.415514],[-47.827235,-18.415514],[-47.867234999999994,-18.475513999999997],[-47.967235,-18.475513999999997],[-48.027235,-18.415514],[-48.107235,-18.435513999999998],[-48.147234999999995,-18.375514000000003],[-48.207235,-18.375514000000003],[-48.247234999999996,-18.335514000000003],[-48.287234999999995,-18.335514000000003],[-48.307235,-18.375514000000003],[-48.407235,-18.375514000000003],[-48.407235,-18.355514],[-48.467235,-18.375514000000003],[-48.467235,-18.355514],[-48.547235,-18.355514],[-48.547235,-18.335514000000003],[-48.807235,-18.355514],[-48.827235,-18.375514000000003],[-48.887235,-18.315514],[-48.967235,-18.315514],[-49.047235,-18.415514],[-49.08723499999999,-18.415514],[-49.08723499999999,-18.395514],[-49.187235,-18.415514],[-49.187235,-18.455514],[-49.367234999999994,-18.635514],[-49.407235,-18.635514],[-49.467235,-18.575514],[-49.467235,-18.535514],[-49.527235,-18.495514],[-49.567235,-18.555514000000002],[-49.627235,-18.555514000000002],[-49.667235,-18.595514],[-49.707235,-18.595514],[-49.707235,-18.615513999999997],[-49.767235,-18.615513999999997],[-49.767235,-18.635514],[-50.047235,-18.615513999999997],[-50.08723499999999,-18.675514],[-50.327235,-18.695514000000003],[-50.367234999999994,-18.795513999999997],[-50.487235,-18.915514],[-50.487235,-19.055514000000002],[-50.567235,-19.135514],[-50.687235,-19.135514],[-50.847235,-19.295513999999997],[-50.867234999999994,-19.455514],[-50.907235,-19.455514],[-50.947235,-19.495514],[-50.947235,-19.575514],[-50.967235,-19.575514],[-50.987235,-19.675514],[-51.007234999999994,-19.675514],[-50.987235,-20.035514],[-50.907235,-20.015514000000003],[-50.907235,-19.995514],[-50.867234999999994,-19.995514],[-50.827235,-19.955514],[-50.667235,-19.935513999999998],[-50.627235,-19.895514],[-50.627235,-19.855514],[-50.527235,-19.815514],[-50.527235,-19.795513999999997],[-50.407235,-19.795513999999997],[-50.327235,-19.895514],[-50.08723499999999,-19.895514],[-50.047235,-19.935513999999998],[-49.927234999999996,-19.935513999999998],[-49.927234999999996,-19.955514],[-49.827235,-19.955514],[-49.827235,-19.935513999999998],[-49.687235,-19.935513999999998],[-49.667235,-19.955514],[-49.627235,-19.915514],[-49.507234999999994,-19.915514],[-49.447235,-19.995514],[-49.287234999999995,-19.975513999999997],[-49.287234999999995,-20.175514],[-49.267235,-20.175514],[-49.267235,-20.215514],[-49.247234999999996,-20.215514],[-49.207235,-20.315514],[-49.167235,-20.315514],[-49.08723499999999,-20.235514000000002],[-49.047235,-20.155514000000004],[-49.007234999999994,-20.155514000000004],[-48.967235,-20.195514000000003],[-48.967235,-20.395514],[-48.927234999999996,-20.435513999999998],[-48.887235,-20.435513999999998],[-48.887235,-20.395514],[-48.867234999999994,-20.395514],[-48.887235,-20.255513999999998],[-48.847235,-20.215514],[-48.847235,-20.155514000000004],[-48.667235,-20.155514000000004],[-48.647234999999995,-20.175514],[-48.607235,-20.135514],[-48.427234999999996,-20.135514],[-48.427234999999996,-20.115513999999997],[-48.287234999999995,-20.115513999999997],[-48.287234999999995,-20.135514],[-48.247234999999996,-20.135514],[-48.207235,-20.075514],[-48.147234999999995,-20.095514],[-48.127235,-20.135514],[-48.047235,-20.155514000000004],[-48.027235,-20.115513999999997],[-47.987235,-20.115513999999997],[-47.987235,-20.075514],[-47.887235,-20.115513999999997],[-47.867234999999994,-19.995514],[-47.687235,-19.995514],[-47.667235,-20.035514],[-47.607235,-20.035514],[-47.58723499999999,-19.995514],[-47.447235,-19.975513999999997],[-47.427234999999996,-20.055514000000002],[-47.387235,-20.095514],[-47.327235,-20.095514],[-47.22723499999999,-20.195514000000003],[-47.22723499999999,-20.255513999999998],[-47.267235,-20.275514],[-47.287234999999995,-20.455514],[-47.247234999999996,-20.495514],[-47.207235,-20.495514],[-47.207235,-20.515514000000003],[-47.167235,-20.515514000000003],[-47.127235,-20.555514000000002],[-47.127235,-20.595514],[-47.107235,-20.595514],[-47.127235,-20.695514000000003],[-47.167235,-20.715514],[-47.167235,-20.755513999999998],[-47.207235,-20.795513999999997],[-47.207235,-20.915514],[-47.147234999999995,-20.975513999999997],[-47.127235,-21.135514],[-47.027235,-21.215514],[-47.027235,-21.295513999999997],[-46.987235,-21.335514000000003],[-46.987235,-21.395514],[-46.967235,-21.415514],[-46.867234999999994,-21.415514],[-46.847235,-21.375514000000003],[-46.72723499999999,-21.375514000000003],[-46.72723499999999,-21.395514],[-46.647234999999995,-21.375514000000003],[-46.607235,-21.435513999999998],[-46.527235,-21.435513999999998],[-46.507234999999994,-21.455514],[-46.507234999999994,-21.515514000000003],[-46.487235,-21.515514000000003],[-46.507234999999994,-21.595514],[-46.607235,-21.695514000000003],[-46.607235,-21.755513999999998],[-46.667235,-21.815514],[-46.647234999999995,-21.935513999999998],[-46.627235,-21.935513999999998],[-46.627235,-22.015514000000003],[-46.667235,-22.035514],[-46.667235,-22.075514],[-46.607235,-22.115513999999997],[-46.607235,-22.155514000000004],[-46.647234999999995,-22.175514],[-46.647234999999995,-22.215514],[-46.687235,-22.255513999999998],[-46.687235,-22.335514000000003],[-46.647234999999995,-22.355514],[-46.627235,-22.435513999999998],[-46.547235,-22.435513999999998],[-46.487235,-22.515514000000003],[-46.407235,-22.535514],[-46.407235,-22.635514],[-46.467235,-22.695514000000003],[-46.427234999999996,-22.735514000000002],[-46.347235,-22.755513999999998],[-46.347235,-22.855514],[-46.287234999999995,-22.875514000000003],[-46.287234999999995,-22.895514],[-46.207235,-22.875514000000003],[-46.207235,-22.855514],[-46.147234999999995,-22.855514],[-46.127235,-22.895514],[-46.027235,-22.895514],[-45.987235,-22.835514000000003],[-45.927234999999996,-22.835514000000003],[-45.927234999999996,-22.815514],[-45.887235,-22.855514],[-45.787234999999995,-22.835514000000003],[-45.747234999999996,-22.795513999999997],[-45.767235,-22.695514000000003],[-45.687235,-22.615513999999997],[-45.667235,-22.635514],[-45.547235,-22.635514],[-45.547235,-22.655514000000004],[-45.487235,-22.655514000000004],[-45.467235,-22.615513999999997],[-45.407235,-22.615513999999997],[-45.367234999999994,-22.655514000000004],[-45.327235,-22.615513999999997],[-45.247234999999996,-22.595514],[-45.207235,-22.535514],[-45.08723499999999,-22.495514],[-45.08723499999999,-22.475513999999997],[-44.887235,-22.455514],[-44.847235,-22.415514],[-44.787234999999995,-22.415514],[-44.767235,-22.375514000000003],[-44.667235,-22.375514000000003],[-44.627235,-22.315514],[-44.527235,-22.315514],[-44.467235,-22.255513999999998],[-44.407235,-22.255513999999998],[-44.407235,-22.275514],[-44.247234999999996,-22.255513999999998],[-44.22723499999999,-22.275514],[-44.22723499999999,-22.255513999999998],[-44.147234999999995,-22.235514000000002],[-44.107235,-22.175514],[-43.927234999999996,-22.135514],[-43.927234999999996,-22.115513999999997],[-43.847235,-22.095514],[-43.847235,-22.075514],[-43.667235,-22.075514],[-43.667235,-22.055514000000002],[-43.627235,-22.055514000000002],[-43.627235,-22.075514],[-43.607235,-22.055514000000002],[-43.467235,-22.075514],[-43.467235,-22.055514000000002],[-43.427234999999996,-22.055514000000002],[-43.387235,-22.015514000000003],[-43.22723499999999,-22.015514000000003],[-43.22723499999999,-22.035514],[-43.147234999999995,-22.035514],[-43.127235,-22.075514],[-43.067235,-22.075514],[-43.047235,-22.035514],[-42.947235,-22.015514000000003],[-42.887235,-21.955514],[-42.807235,-21.955514],[-42.807235,-21.935513999999998],[-42.72723499999999,-21.915514],[-42.687235,-21.875514000000003],[-42.567235,-21.855514],[-42.527235,-21.815514],[-42.487235,-21.815514],[-42.487235,-21.795513999999997],[-42.407235,-21.775514],[-42.407235,-21.755513999999998],[-42.327234999999995,-21.755513999999998],[-42.267235,-21.695514000000003],[-42.267235,-21.655514000000004],[-42.347235,-21.655514000000004],[-42.367235,-21.575514],[-42.287234999999995,-21.495514],[-42.287234999999995,-21.375514000000003],[-42.247234999999996,-21.375514000000003],[-42.207235,-21.335514000000003],[-42.207235,-21.255513999999998],[-42.167235,-21.215514],[-42.167235,-21.115513999999997],[-42.087235,-21.035514],[-42.127235,-20.995514],[-42.127235,-20.935513999999998],[-41.987235,-20.935513999999998],[-41.927234999999996,-20.875514000000003],[-41.927234999999996,-20.835514000000003],[-41.867235,-20.795513999999997],[-41.847235,-20.695514000000003],[-41.807235,-20.675514],[-41.847235,-20.595514],[-41.787234999999995,-20.535514],[-41.787234999999995,-20.495514],[-41.807235,-20.495514],[-41.787234999999995,-20.435513999999998],[-41.847235,-20.395514],[-41.847235,-20.335514000000003],[-41.747234999999996,-20.255513999999998],[-41.747234999999996,-20.215514],[-41.387235,-20.215514],[-41.347235,-20.175514],[-41.347235,-20.115513999999997],[-41.327234999999995,-20.115513999999997],[-41.327234999999995,-20.055514000000002],[-41.307235,-20.055514000000002],[-41.307235,-19.935513999999998],[-41.247234999999996,-19.935513999999998],[-41.167235,-19.855514],[-41.167235,-19.695514000000003],[-41.147234999999995,-19.695514000000003],[-41.147234999999995,-19.655514000000004],[-41.027235,-19.555514000000002],[-41.027235,-19.515514000000003],[-40.987235,-19.515514000000003],[-40.947235,-19.475513999999997],[-40.947235,-19.375514000000003],[-40.927234999999996,-19.375514000000003],[-40.927234999999996,-19.315514],[-40.907235,-19.315514],[-40.947235,-19.275514],[-40.927234999999996,-19.155514000000004],[-41.007234999999994,-19.095514],[-41.027235,-18.955514],[-41.127235,-18.875514000000003],[-41.127235,-18.835514000000003],[-40.967234999999995,-18.835514000000003],[-40.907235,-18.775514],[-40.907235,-18.735514000000002],[-40.927234999999996,-18.735514000000002],[-40.947235,-18.675514],[-41.007234999999994,-18.655514000000004],[-41.007234999999994,-18.495514],[-40.987235,-18.495514],[-41.007234999999994,-18.415514],[-41.047235,-18.375514000000003],[-41.127235,-18.375514000000003],[-41.107234999999996,-18.235514000000002],[-41.067235,-18.195514000000003],[-41.027235,-18.195514000000003],[-41.007234999999994,-18.155514000000004],[-40.967234999999995,-18.155514000000004],[-40.947235,-18.115513999999997],[-40.787234999999995,-18.155514000000004],[-40.767235,-18.095514],[-40.867235,-18.015514000000003],[-40.867235,-17.975513999999997],[-40.627235,-17.955514],[-40.607234999999996,-17.915514],[-40.447235,-17.915514],[-40.447235,-17.895514],[-40.347235,-17.915514],[-40.307235,-17.955514],[-40.227235,-17.955514],[-40.227235,-17.915514],[-40.187234999999994,-17.875514000000003],[-40.187234999999994,-17.775514],[-40.227235,-17.735514000000002],[-40.267235,-17.735514000000002],[-40.407235,-17.575514],[-40.487235,-17.555514000000002],[-40.487235,-17.475513999999997],[-40.467234999999995,-17.475513999999997],[-40.487235,-17.415514],[-40.587235,-17.375514000000003],[-40.587235,-17.275514],[-40.547235,-17.255513999999998],[-40.567235,-17.075514],[-40.547235,-17.075514],[-40.527235,-16.935513999999998],[-40.507234999999994,-16.935513999999998],[-40.487235,-16.875514000000003],[-40.447235,-16.875514000000003],[-40.447235,-16.895514],[-40.307235,-16.895514],[-40.307235,-16.875514000000003],[-40.267235,-16.875514000000003],[-40.227235,-16.835514000000003],[-40.267235,-16.795513999999997],[-40.267235,-16.575514],[-40.167235,-16.555514000000002],[-40.127235,-16.515514000000003],[-40.107234999999996,-16.435513999999998],[-39.927234999999996,-16.315514],[-39.907235,-16.195514000000003],[-39.847235,-16.135514],[-39.867235,-16.075514],[-39.927234999999996,-16.015514000000003],[-40.027235,-15.995514000000002],[-40.087235,-15.915514],[-40.147234999999995,-15.915514],[-40.207235,-15.835514000000002],[-40.367235,-15.835514000000002],[-40.367235,-15.815513999999999],[-40.407235,-15.815513999999999],[-40.447235,-15.775514],[-40.547235,-15.795513999999999],[-40.587235,-15.735514],[-40.767235,-15.735514],[-40.787234999999995,-15.695514000000001],[-40.927234999999996,-15.695514000000001],[-40.927234999999996,-15.675514000000002],[-40.967234999999995,-15.675514000000002],[-41.007234999999994,-15.735514],[-41.107234999999996,-15.755514],[-41.147234999999995,-15.795513999999999],[-41.207235,-15.775514],[-41.207235,-15.755514],[-41.307235,-15.755514],[-41.327234999999995,-15.735514],[-41.347235,-15.495514000000002],[-41.387235,-15.455513999999999],[-41.427234999999996,-15.455513999999999],[-41.587235,-15.275514],[-41.627235,-15.275514],[-41.767235,-15.115514],[-41.887235,-15.135513999999999],[-41.927234999999996,-15.175514000000002],[-42.087235,-15.195514000000001],[-42.147234999999995,-15.115514],[-42.207235,-15.115514],[-42.207235,-15.135513999999999],[-42.287234999999995,-15.115514],[-42.327234999999995,-15.075514],[-42.447235,-15.035514000000001],[-42.547235,-14.935514],[-42.607235,-14.935514],[-42.607235,-14.955513999999999],[-42.667235,-14.935514],[-42.787234999999995,-14.815513999999999],[-42.827235,-14.815513999999999],[-42.927234999999996,-14.695514000000001],[-43.08723499999999,-14.675514000000002],[-43.08723499999999,-14.655514000000002],[-43.147234999999995,-14.655514000000002],[-43.147234999999995,-14.635513999999999],[-43.387235,-14.695514000000001],[-43.467235,-14.795513999999999],[-43.687235,-14.755514],[-43.707235,-14.715514],[-43.827235,-14.695514000000001],[-43.847235,-14.615514],[-43.867234999999994,-14.615514],[-43.867234999999994,-14.495514000000002],[-43.847235,-14.495514000000002],[-43.827235,-14.415514],[-43.807235,-14.415514],[-43.807235,-14.375514],[-43.787234999999995,-14.375514],[-43.827235,-14.315513999999999],[-43.947235,-14.315513999999999],[-43.987235,-14.275514],[-44.067235,-14.295513999999999],[-44.067235,-14.275514],[-44.187235,-14.275514],[-44.187235,-14.255514],[-44.347235,-14.255514]]]}},{"type":"Feature","properties":{"name":"Pará","sigla":"PA","ibge_code":"15"},"geometry":{"type":"Polygon","coordinates":[[[-55.987235,2.524486],[-56.027235,2.3644860000000003],[-56.047235,2.3644860000000003],[-56.047235,2.3044860000000003],[-56.067235,2.3044860000000003],[-56.067235,2.244486],[-56.08723499999999,2.244486],[-56.08723499999999,2.204486],[-56.027235,2.164486],[-56.027235,2.124486],[-55.927234999999996,2.044486],[-55.927234999999996,1.984486],[-55.967235,1.944486],[-55.967235,1.8844860000000003],[-55.987235,1.8844860000000003],[-56.007234999999994,1.8244860000000003],[-56.027235,1.8444860000000003],[-56.287234999999995,1.8644860000000003],[-56.287234999999995,1.8844860000000003],[-56.427234999999996,1.8844860000000003],[-56.427234999999996,1.9044860000000003],[-56.907235,1.8844860000000003],[-56.907235,1.9044860000000003],[-57.047235,1.9044860000000003],[-57.047235,1.924486],[-57.167235,1.924486],[-57.167235,1.944486],[-57.307235,1.944486],[-57.307235,1.964486],[-57.347235,1.964486],[-57.467235,1.8444860000000003],[-57.507234999999994,1.8444860000000003],[-57.587235,1.7444860000000002],[-57.627235,1.7444860000000002],[-57.667235,1.6844859999999997],[-57.72723499999999,1.6844859999999997],[-57.767235,1.6444860000000006],[-57.827235,1.6444860000000006],[-57.867234999999994,1.6044860000000005],[-57.927234999999996,1.6044860000000005],[-57.967235,1.5644860000000005],[-58.087235,1.544486],[-58.087235,1.5244860000000005],[-58.147234999999995,1.5244860000000005],[-58.147234999999995,1.504486],[-58.427234999999996,1.4844860000000004],[-58.547235,1.2844860000000002],[-58.887235,1.3044859999999998],[-58.947235,1.2444860000000002],[-58.907235,0.8044859999999998],[-58.887235,0.8044859999999998],[-58.887235,0.6244860000000001],[-58.867234999999994,0.6244860000000001],[-58.867234999999994,0.46448599999999995],[-58.847235,0.46448599999999995],[-58.847235,0.28448600000000024],[-58.827235,0.28448600000000024],[-58.847235,0.20448600000000017],[-58.827235,0.20448600000000017],[-58.827235,0.1244860000000001],[-58.807235,0.1244860000000001],[-58.807235,-0.05551399999999962],[-58.787234999999995,-0.05551399999999962],[-58.767235,-0.39551400000000037],[-58.747234999999996,-0.39551400000000037],[-58.747234999999996,-0.5555139999999996],[-58.727235,-0.5555139999999996],[-58.707235,-0.6755139999999997],[-58.627235,-0.7355140000000002],[-58.607234999999996,-0.8155140000000003],[-58.527235,-0.8955140000000004],[-58.467235,-0.9155139999999999],[-58.447235,-1.0555139999999996],[-58.387235,-1.0955139999999997],[-58.387235,-1.1955140000000002],[-58.347235,-1.2155139999999998],[-58.347235,-1.3355139999999999],[-58.287234999999995,-1.3955140000000004],[-58.22723499999999,-1.375514],[-58.22723499999999,-1.415514],[-58.147234999999995,-1.495514],[-58.147234999999995,-1.5555139999999996],[-58.067235,-1.6155140000000001],[-58.047235,-1.6955140000000002],[-57.867234999999994,-1.6555140000000002],[-57.867234999999994,-1.6755139999999997],[-57.747234999999996,-1.6755139999999997],[-57.72723499999999,-1.7155139999999998],[-57.587235,-1.7155139999999998],[-57.547235,-1.7755140000000003],[-57.427234999999996,-1.7555139999999998],[-57.407235,-1.7155139999999998],[-57.247234999999996,-1.7355140000000002],[-57.22723499999999,-1.7755140000000003],[-57.147234999999995,-1.7755140000000003],[-57.127235,-1.8155140000000003],[-57.067235,-1.8355139999999999],[-57.067235,-1.875514],[-56.987235,-1.955514],[-56.907235,-1.9755139999999995],[-56.847235,-2.035514],[-56.747234999999996,-2.035514],[-56.72723499999999,-2.0555139999999996],[-56.747234999999996,-2.1755139999999997],[-56.647234999999995,-2.2355140000000002],[-56.607235,-2.3555139999999994],[-56.507234999999994,-2.3555139999999994],[-56.467235,-2.455513999999999],[-56.447235,-2.455513999999999],[-56.467235,-2.6155139999999992],[-56.487235,-2.6155139999999992],[-56.507234999999994,-2.6955139999999993],[-56.527235,-2.6955139999999993],[-56.527235,-2.755514],[-56.547235,-2.755514],[-56.58723499999999,-2.875514000000001],[-56.607235,-2.875514000000001],[-56.607235,-2.9355139999999995],[-56.627235,-2.9355139999999995],[-56.647234999999995,-3.0155139999999996],[-56.667235,-3.0155139999999996],[-56.667235,-3.075514],[-56.687235,-3.075514],[-56.72723499999999,-3.1955139999999993],[-56.747234999999996,-3.1955139999999993],[-56.747234999999996,-3.255514],[-56.767235,-3.255514],[-56.787234999999995,-3.335514],[-56.807235,-3.335514],[-56.807235,-3.3955140000000004],[-56.827235,-3.3955140000000004],[-56.847235,-3.4755140000000004],[-56.867234999999994,-3.4755140000000004],[-56.867234999999994,-3.535513999999999],[-56.887235,-3.535513999999999],[-56.927234999999996,-3.655514],[-56.947235,-3.655514],[-56.947235,-3.7155140000000006],[-56.967235,-3.7155140000000006],[-56.987235,-3.7955140000000007],[-57.007234999999994,-3.7955140000000007],[-57.007234999999994,-3.8555139999999994],[-57.027235,-3.8555139999999994],[-57.027235,-3.8955140000000004],[-57.047235,-3.8955140000000004],[-57.067235,-3.9755140000000004],[-57.08723499999999,-3.9755140000000004],[-57.08723499999999,-4.035513999999999],[-57.107235,-4.035513999999999],[-57.107235,-4.075514],[-57.147234999999995,-4.115513999999999],[-57.147234999999995,-4.175514],[-57.167235,-4.175514],[-57.167235,-4.215514000000001],[-57.187235,-4.215514000000001],[-57.207235,-4.295514000000001],[-57.22723499999999,-4.295514000000001],[-57.22723499999999,-4.355513999999999],[-57.247234999999996,-4.355513999999999],[-57.287234999999995,-4.475514],[-57.307235,-4.475514],[-57.307235,-4.535513999999999],[-57.327235,-4.535513999999999],[-57.367234999999994,-4.655514],[-57.387235,-4.655514],[-57.387235,-4.715514000000001],[-57.407235,-4.715514000000001],[-57.427234999999996,-4.795514000000001],[-57.467235,-4.835514],[-57.467235,-4.895514],[-57.507234999999994,-4.9355139999999995],[-57.507234999999994,-4.975514],[-57.527235,-4.975514],[-57.527235,-5.015514],[-57.547235,-5.015514],[-57.547235,-5.075514],[-57.567235,-5.075514],[-57.567235,-5.115513999999999],[-57.587235,-5.115513999999999],[-57.587235,-5.155514],[-57.627235,-5.195513999999999],[-57.627235,-5.255514],[-57.647234999999995,-5.255514],[-57.647234999999995,-5.295514000000001],[-57.667235,-5.295514000000001],[-57.667235,-5.335514],[-57.707235,-5.375514000000001],[-57.707235,-5.4355139999999995],[-57.72723499999999,-5.4355139999999995],[-57.72723499999999,-5.475514],[-57.747234999999996,-5.475514],[-57.747234999999996,-5.515514],[-57.787234999999995,-5.5555140000000005],[-57.787234999999995,-5.615513999999999],[-57.807235,-5.615513999999999],[-57.807235,-5.655514],[-57.827235,-5.655514],[-57.847235,-5.735514],[-57.867234999999994,-5.735514],[-57.867234999999994,-5.795514000000001],[-57.887235,-5.795514000000001],[-57.927234999999996,-5.915514],[-57.947235,-5.915514],[-57.947235,-5.975514],[-57.967235,-5.975514],[-57.987235,-6.0555140000000005],[-58.007234999999994,-6.0555140000000005],[-58.007234999999994,-6.115513999999999],[-58.027235,-6.115513999999999],[-58.067235,-6.235514],[-58.087235,-6.235514],[-58.087235,-6.295514000000001],[-58.107235,-6.295514000000001],[-58.147234999999995,-6.415514],[-58.167235,-6.415514],[-58.167235,-6.475514],[-58.187235,-6.475514],[-58.22723499999999,-6.595514],[-58.307235,-6.655514],[-58.307235,-6.695513999999999],[-58.347235,-6.735514],[-58.327235,-6.915514],[-58.267235,-6.975514],[-58.22723499999999,-6.975514],[-58.127235,-7.075514],[-58.107235,-7.155514],[-58.067235,-7.195513999999999],[-58.067235,-7.355513999999999],[-58.027235,-7.355513999999999],[-57.967235,-7.415514],[-57.927234999999996,-7.535514000000001],[-57.887235,-7.5555140000000005],[-57.827235,-7.795514000000001],[-57.807235,-7.795514000000001],[-57.807235,-7.855513999999999],[-57.787234999999995,-7.855513999999999],[-57.767235,-7.955514000000001],[-57.747234999999996,-7.955514000000001],[-57.747234999999996,-8.015514],[-57.72723499999999,-8.015514],[-57.72723499999999,-8.055514],[-57.667235,-8.095514],[-57.667235,-8.135514],[-57.587235,-8.215514],[-57.587235,-8.315514],[-57.607235,-8.315514],[-57.587235,-8.555514],[-57.607235,-8.555514],[-57.607235,-8.635514],[-57.587235,-8.635514],[-57.587235,-8.695514],[-57.567235,-8.695514],[-57.567235,-8.755514],[-57.527235,-8.795514],[-57.427234999999996,-8.815514],[-57.347235,-8.955514],[-57.167235,-8.975514],[-57.08723499999999,-9.055514],[-57.08723499999999,-9.095514],[-57.047235,-9.115514],[-57.027235,-9.275514],[-56.987235,-9.315514],[-56.807235,-9.315514],[-56.767235,-9.435514],[-56.72723499999999,-9.475514],[-56.707235,-9.455514],[-56.58723499999999,-9.455514],[-56.58723499999999,-9.475514],[-56.307235,-9.475514],[-56.307235,-9.495514],[-55.747234999999996,-9.515514],[-55.747234999999996,-9.535514000000001],[-55.467235,-9.535514000000001],[-55.467235,-9.555514],[-54.347235,-9.615514],[-54.347235,-9.635514],[-54.027235,-9.635514],[-54.027235,-9.655514],[-53.667235,-9.655514],[-53.667235,-9.675514],[-53.307235,-9.675514],[-53.307235,-9.695514],[-52.947235,-9.695514],[-52.947235,-9.715514],[-52.567235,-9.715514],[-52.567235,-9.735514],[-52.207235,-9.735514],[-52.207235,-9.755514],[-51.847235,-9.755514],[-51.847235,-9.775514],[-51.467235,-9.775514],[-51.467235,-9.795514],[-51.107235,-9.795514],[-51.107235,-9.815514],[-50.747234999999996,-9.815514],[-50.747234999999996,-9.835514],[-50.22723499999999,-9.855514],[-50.22723499999999,-9.815514],[-50.187235,-9.795514],[-50.187235,-9.735514],[-50.127235,-9.675514],[-50.107235,-9.575514],[-50.08723499999999,-9.575514],[-50.08723499999999,-9.435514],[-50.067235,-9.435514],[-50.067235,-9.375514],[-50.047235,-9.375514],[-50.047235,-9.295514],[-49.867234999999994,-9.115514],[-49.867234999999994,-9.075514],[-49.787234999999995,-8.995514],[-49.787234999999995,-8.955514],[-49.707235,-8.875514],[-49.607235,-8.875514],[-49.567235,-8.835514],[-49.527235,-8.735514],[-49.487235,-8.715514],[-49.487235,-8.635514],[-49.427234999999996,-8.575514],[-49.387235,-8.435514],[-49.287234999999995,-8.355514],[-49.267235,-8.215514],[-49.22723499999999,-8.175514],[-49.22723499999999,-8.095514],[-49.187235,-8.055514],[-49.187235,-7.975514],[-49.167235,-7.975514],[-49.147234999999995,-7.795514000000001],[-49.207235,-7.775513999999999],[-49.307235,-7.675514],[-49.307235,-7.635514000000001],[-49.347235,-7.615513999999999],[-49.367234999999994,-7.515514],[-49.327235,-7.475514],[-49.327235,-7.4355139999999995],[-49.22723499999999,-7.355513999999999],[-49.187235,-7.235514],[-49.167235,-7.235514],[-49.187235,-7.215514000000001],[-49.207235,-6.915514],[-49.167235,-6.915514],[-49.127235,-6.855513999999999],[-49.08723499999999,-6.855513999999999],[-49.047235,-6.795514000000001],[-48.987235,-6.795514000000001],[-48.947235,-6.755514],[-48.847235,-6.755514],[-48.847235,-6.735514],[-48.72723499999999,-6.695513999999999],[-48.72723499999999,-6.675514],[-48.687235,-6.675514],[-48.647234999999995,-6.635514000000001],[-48.647234999999995,-6.495514],[-48.627235,-6.495514],[-48.627235,-6.455514000000001],[-48.58723499999999,-6.415514],[-48.547235,-6.415514],[-48.507234999999994,-6.355513999999999],[-48.407235,-6.335514],[-48.427234999999996,-6.155514],[-48.327235,-6.135514000000001],[-48.287234999999995,-6.095514],[-48.287234999999995,-6.0555140000000005],[-48.327235,-6.035513999999999],[-48.327235,-5.975514],[-48.267235,-5.975514],[-48.22723499999999,-5.9355139999999995],[-48.22723499999999,-5.895514],[-48.287234999999995,-5.855513999999999],[-48.287234999999995,-5.735514],[-48.207235,-5.735514],[-48.127235,-5.655514],[-48.147234999999995,-5.595514],[-48.187235,-5.5555140000000005],[-48.22723499999999,-5.5555140000000005],[-48.22723499999999,-5.535513999999999],[-48.287234999999995,-5.535513999999999],[-48.307235,-5.475514],[-48.367234999999994,-5.415514],[-48.607235,-5.415514],[-48.647234999999995,-5.375514000000001],[-48.647234999999995,-5.315514],[-48.567235,-5.255514],[-48.547235,-5.195513999999999],[-48.467235,-5.175514],[-48.447235,-5.095514],[-48.407235,-5.095514],[-48.347235,-5.015514],[-48.307235,-5.015514],[-48.22723499999999,-4.915514],[-48.187235,-4.915514],[-48.127235,-4.835514],[-48.08723499999999,-4.835514],[-48.027235,-4.755514],[-47.987235,-4.755514],[-47.927234999999996,-4.675514],[-47.887235,-4.675514],[-47.827235,-4.595514],[-47.787234999999995,-4.595514],[-47.787234999999995,-4.615513999999999],[-47.767235,-4.595514],[-47.647234999999995,-4.615513999999999],[-47.527235,-4.495514],[-47.527235,-4.455514000000001],[-47.467235,-4.415514],[-47.447235,-4.315514],[-47.407235,-4.315514],[-47.347235,-4.255514],[-47.327235,-4.095514],[-47.287234999999995,-4.0555140000000005],[-47.247234999999996,-4.0555140000000005],[-47.147234999999995,-3.955514000000001],[-47.147234999999995,-3.915514],[-47.107235,-3.915514],[-47.067235,-3.875514000000001],[-47.047235,-3.7155140000000006],[-47.027235,-3.7155140000000006],[-47.027235,-3.6755139999999997],[-47.047235,-3.6755139999999997],[-47.027235,-3.655514],[-47.027235,-3.575514],[-46.967235,-3.535513999999999],[-46.927234999999996,-3.3955140000000004],[-46.747234999999996,-3.2355140000000002],[-46.747234999999996,-3.1955139999999993],[-46.707235,-3.1755139999999997],[-46.707235,-3.1355140000000006],[-46.647234999999995,-3.075514],[-46.647234999999995,-2.995514],[-46.627235,-2.995514],[-46.647234999999995,-2.8955140000000004],[-46.58723499999999,-2.8555139999999994],[-46.58723499999999,-2.8155140000000003],[-46.647234999999995,-2.7755139999999994],[-46.647234999999995,-2.6955139999999993],[-46.547235,-2.655514],[-46.487235,-2.5955139999999997],[-46.487235,-2.5555140000000005],[-46.427234999999996,-2.5155139999999996],[-46.407235,-2.255514],[-46.367234999999994,-2.255514],[-46.267235,-2.155514],[-46.267235,-2.075514],[-46.247234999999996,-2.075514],[-46.247234999999996,-2.0155139999999996],[-46.207235,-1.9755139999999995],[-46.207235,-1.8155140000000003],[-46.267235,-1.7955139999999998],[-46.287234999999995,-1.7555139999999998],[-46.22723499999999,-1.7355140000000002],[-46.22723499999999,-1.6955140000000002],[-46.187235,-1.6755139999999997],[-46.187235,-1.575514],[-46.167235,-1.575514],[-46.187235,-1.5555139999999996],[-46.187235,-1.455514],[-46.167235,-1.455514],[-46.167235,-1.415514],[-46.127235,-1.375514],[-46.127235,-1.3355139999999999],[-46.167235,-1.2955139999999998],[-46.147234999999995,-1.2955139999999998],[-46.147234999999995,-1.2355140000000002],[-46.107235,-1.2155139999999998],[-46.107235,-1.0955139999999997],[-46.187235,-1.075514],[-46.187235,-1.0555139999999996],[-46.247234999999996,-1.0555139999999996],[-46.247234999999996,-1.035514],[-46.307235,-1.035514],[-46.347235,-0.995514],[-46.467235,-0.9755139999999995],[-46.507234999999994,-0.9355139999999995],[-46.567235,-0.9355139999999995],[-46.567235,-0.9155139999999999],[-46.647234999999995,-0.9155139999999999],[-46.647234999999995,-0.8955140000000004],[-46.707235,-0.8955140000000004],[-46.707235,-0.8755139999999999],[-46.787234999999995,-0.8755139999999999],[-46.787234999999995,-0.8555140000000003],[-46.847235,-0.8555140000000003],[-46.847235,-0.8355139999999999],[-46.927234999999996,-0.8355139999999999],[-46.927234999999996,-0.8155140000000003],[-46.987235,-0.8155140000000003],[-46.987235,-0.7955139999999998],[-47.067235,-0.7955139999999998],[-47.067235,-0.7755140000000003],[-47.127235,-0.7755140000000003],[-47.127235,-0.7555139999999998],[-47.267235,-0.7355140000000002],[-47.267235,-0.7155139999999998],[-47.347235,-0.7155139999999998],[-47.347235,-0.6955140000000002],[-47.407235,-0.6955140000000002],[-47.407235,-0.6755139999999997],[-47.487235,-0.6755139999999997],[-47.487235,-0.6555140000000002],[-47.547235,-0.6555140000000002],[-47.547235,-0.6355139999999997],[-47.687235,-0.6155140000000001],[-47.687235,-0.5955139999999997],[-47.847235,-0.5755140000000001],[-48.027235,-0.7555139999999998],[-48.067235,-0.7555139999999998],[-48.167235,-0.8755139999999999],[-48.207235,-0.8755139999999999],[-48.327235,-1.0155139999999996],[-48.367234999999994,-1.0155139999999996],[-48.467235,-1.1355139999999997],[-48.507234999999994,-1.1355139999999997],[-48.567235,-1.1955140000000002],[-48.567235,-1.1555140000000002],[-48.58723499999999,-1.1555140000000002],[-48.607235,-0.21551399999999976],[-48.827235,-0.21551399999999976],[-48.827235,-0.1955140000000002],[-49.067235,-0.1955140000000002],[-49.067235,-0.17551399999999973],[-49.367234999999994,-0.15551400000000015],[-49.407235,-0.1955140000000002],[-49.407235,-0.23551400000000022],[-49.447235,-0.2555139999999998],[-49.447235,-0.29551399999999983],[-49.487235,-0.3155140000000003],[-49.507234999999994,-0.39551400000000037],[-49.547235,-0.41551399999999994],[-49.567235,-0.47551399999999955],[-49.58723499999999,-0.455514],[-49.72723499999999,-0.455514],[-49.72723499999999,-0.4355139999999995],[-49.887235,-0.4355139999999995],[-49.887235,-0.41551399999999994],[-50.067235,-0.41551399999999994],[-50.067235,-0.39551400000000037],[-50.307235,-0.39551400000000037],[-50.307235,-0.3755139999999999],[-50.607235,-0.3755139999999999],[-50.607235,-0.39551400000000037],[-50.927234999999996,-0.455514],[-50.927234999999996,-0.47551399999999955],[-50.967235,-0.47551399999999955],[-50.987235,-0.5155139999999996],[-51.027235,-0.5155139999999996],[-51.107235,-0.5955139999999997],[-51.187235,-0.6755139999999997],[-51.187235,-0.7155139999999998],[-51.22723499999999,-0.7555139999999998],[-51.267235,-0.7555139999999998],[-51.307235,-0.8155140000000003],[-51.347235,-0.8155140000000003],[-51.407235,-0.8755139999999999],[-51.427234999999996,-0.9755139999999995],[-51.487235,-1.0155139999999996],[-51.527235,-1.1155140000000001],[-51.567235,-1.1355139999999997],[-51.567235,-1.1755139999999997],[-51.607235,-1.1755139999999997],[-51.627235,-1.2155139999999998],[-51.747234999999996,-1.2555139999999998],[-51.747234999999996,-1.2755140000000003],[-51.787234999999995,-1.2755140000000003],[-51.807235,-1.2355140000000002],[-51.847235,-1.2355140000000002],[-51.887235,-1.1755139999999997],[-51.967235,-1.1555140000000002],[-51.967235,-1.1355139999999997],[-52.007234999999994,-1.1755139999999997],[-52.047235,-1.1755139999999997],[-52.047235,-1.1955140000000002],[-52.08723499999999,-1.1955140000000002],[-52.107235,-1.1555140000000002],[-52.247234999999996,-1.1555140000000002],[-52.247234999999996,-1.1355139999999997],[-52.287234999999995,-1.1355139999999997],[-52.367234999999994,-1.0555139999999996],[-52.367234999999994,-0.995514],[-52.387235,-0.995514],[-52.367234999999994,-0.8955140000000004],[-52.387235,-0.8755139999999999],[-52.507234999999994,-0.8755139999999999],[-52.507234999999994,-0.6555140000000002],[-52.607235,-0.6155140000000001],[-52.607235,-0.5755140000000001],[-52.627235,-0.5755140000000001],[-52.627235,-0.39551400000000037],[-52.687235,-0.35551400000000033],[-52.687235,-0.29551399999999983],[-52.787234999999995,-0.1955140000000002],[-52.867234999999994,-0.1955140000000002],[-52.887235,-0.21551399999999976],[-52.927234999999996,-0.17551399999999973],[-52.947235,-0.035514000000000046],[-53.007234999999994,0.024486000000000452],[-53.027235,0.2444860000000002],[-53.08723499999999,0.28448600000000024],[-53.107235,0.3844859999999999],[-53.127235,0.3844859999999999],[-53.107235,0.7244859999999997],[-53.287234999999995,0.7844860000000002],[-53.327235,0.8244860000000003],[-53.327235,0.8644860000000003],[-53.407235,0.9244859999999999],[-53.427234999999996,1.084486],[-53.447235,1.084486],[-53.447235,1.1644860000000001],[-53.407235,1.1844859999999997],[-53.427234999999996,1.2444860000000002],[-53.507234999999994,1.2444860000000002],[-53.547235,1.2844860000000002],[-53.567235,1.3644860000000003],[-53.627235,1.3644860000000003],[-53.647234999999995,1.4044860000000003],[-53.707235,1.4044860000000003],[-53.707235,1.424486],[-53.867234999999994,1.3844859999999999],[-53.967235,1.504486],[-54.047235,1.504486],[-54.167235,1.6644860000000001],[-54.207235,1.6444860000000006],[-54.307235,1.7444860000000002],[-54.407235,1.7444860000000002],[-54.407235,1.7644860000000002],[-54.427234999999996,1.7444860000000002],[-54.527235,1.7444860000000002],[-54.567235,1.7844860000000002],[-54.72723499999999,1.7644860000000002],[-54.747234999999996,1.7844860000000002],[-54.747234999999996,1.8844860000000003],[-54.767235,1.8844860000000003],[-54.747234999999996,1.984486],[-54.787234999999995,2.004486],[-54.787234999999995,2.044486],[-54.747234999999996,2.064486],[-54.767235,2.124486],[-54.787234999999995,2.124486],[-54.787234999999995,2.184486],[-54.707235,2.244486],[-54.707235,2.3644860000000003],[-54.687235,2.3644860000000003],[-54.707235,2.4044860000000003],[-54.827235,2.424486],[-54.867234999999994,2.464486],[-54.987235,2.484486],[-55.027235,2.524486],[-55.187235,2.524486],[-55.187235,2.504486],[-55.467235,2.464486],[-55.467235,2.444486],[-55.667235,2.444486],[-55.667235,2.464486],[-55.747234999999996,2.464486],[-55.747234999999996,2.484486],[-55.847235,2.484486],[-55.847235,2.504486],[-55.987235,2.524486]]]}},{"type":"Feature","properties":{"name":"Paraíba","sigla":"PB","ibge_code":"25"},"geometry":{"type":"Polygon","coordinates":[[[-37.287234999999995,-6.035513999999999],[-37.327234999999995,-6.075514],[-37.387235,-6.075514],[-37.407235,-6.115513999999999],[-37.427234999999996,-6.095514],[-37.567235,-6.095514],[-37.587235,-6.135514000000001],[-37.667235,-6.135514000000001],[-37.667235,-6.155514],[-37.767235,-6.175514],[-37.787234999999995,-6.295514000000001],[-37.867235,-6.375514000000001],[-37.987235,-6.415514],[-38.007234999999994,-6.455514000000001],[-38.067235,-6.455514000000001],[-38.107234999999996,-6.515514],[-38.307235,-6.495514],[-38.307235,-6.475514],[-38.387235,-6.455514000000001],[-38.407235,-6.415514],[-38.547235,-6.395514],[-38.547235,-6.455514000000001],[-38.587235,-6.495514],[-38.607234999999996,-6.615513999999999],[-38.647234999999995,-6.655514],[-38.607234999999996,-6.775513999999999],[-38.727235,-6.895514],[-38.747234999999996,-6.975514],[-38.667235,-7.035514000000001],[-38.667235,-7.095514],[-38.647234999999995,-7.095514],[-38.667235,-7.155514],[-38.587235,-7.235514],[-38.527235,-7.255514],[-38.527235,-7.335514],[-38.547235,-7.335514],[-38.587235,-7.455514000000001],[-38.627235,-7.455514000000001],[-38.627235,-7.535514000000001],[-38.687234999999994,-7.575514],[-38.687234999999994,-7.615513999999999],[-38.527235,-7.775513999999999],[-38.487235,-7.775513999999999],[-38.467234999999995,-7.735514],[-38.407235,-7.755514],[-38.387235,-7.715514000000001],[-38.327234999999995,-7.715514000000001],[-38.307235,-7.775513999999999],[-38.287234999999995,-7.775513999999999],[-38.287234999999995,-7.835514],[-38.167235,-7.815514],[-38.167235,-7.795514000000001],[-38.067235,-7.795514000000001],[-38.047235,-7.755514],[-37.967234999999995,-7.775513999999999],[-37.887235,-7.675514],[-37.787234999999995,-7.655514],[-37.727235,-7.5555140000000005],[-37.667235,-7.5555140000000005],[-37.627235,-7.515514],[-37.587235,-7.515514],[-37.487235,-7.415514],[-37.467234999999995,-7.355513999999999],[-37.387235,-7.355513999999999],[-37.347235,-7.295514000000001],[-37.227235,-7.275513999999999],[-37.127235,-7.375514000000001],[-37.027235,-7.395514],[-36.987235,-7.475514],[-37.047235,-7.535514000000001],[-37.207235,-7.575514],[-37.207235,-7.675514],[-37.167235,-7.715514000000001],[-37.167235,-7.775513999999999],[-37.247234999999996,-7.835514],[-37.247234999999996,-7.875514000000001],[-37.287234999999995,-7.915514],[-37.287234999999995,-7.975514],[-37.147234999999995,-7.975514],[-37.127235,-7.995514],[-37.147234999999995,-8.015514],[-37.127235,-8.175514],[-37.047235,-8.255514],[-36.927234999999996,-8.275514],[-36.887235,-8.235514],[-36.787234999999995,-8.235514],[-36.707235,-8.135514],[-36.667235,-8.135514],[-36.627235,-8.095514],[-36.647234999999995,-7.975514],[-36.607234999999996,-7.975514],[-36.567235,-7.915514],[-36.447235,-7.915514],[-36.407235,-7.875514000000001],[-36.407235,-7.815514],[-36.267235,-7.835514],[-36.247234999999996,-7.795514000000001],[-36.187234999999994,-7.795514000000001],[-36.187234999999994,-7.815514],[-36.067235,-7.795514000000001],[-36.047235,-7.835514],[-35.987235,-7.835514],[-35.987235,-7.815514],[-35.907235,-7.835514],[-35.867235,-7.755514],[-35.807235,-7.755514],[-35.807235,-7.735514],[-35.747234999999996,-7.735514],[-35.747234999999996,-7.715514000000001],[-35.647234999999995,-7.715514000000001],[-35.627235,-7.675514],[-35.587235,-7.675514],[-35.527235,-7.615513999999999],[-35.527235,-7.575514],[-35.507234999999994,-7.575514],[-35.507234999999994,-7.475514],[-35.487235,-7.455514000000001],[-35.407235,-7.455514000000001],[-35.387235,-7.475514],[-35.307235,-7.395514],[-35.187234999999994,-7.395514],[-35.187234999999994,-7.415514],[-35.087235,-7.395514],[-35.087235,-7.415514],[-35.047235,-7.415514],[-34.987235,-7.475514],[-34.967234999999995,-7.535514000000001],[-34.767235,-7.5555140000000005],[-34.747234999999996,-7.415514],[-34.727235,-7.415514],[-34.727235,-7.275513999999999],[-34.747234999999996,-7.275513999999999],[-34.767235,-7.115513999999999],[-34.787234999999995,-7.115513999999999],[-34.787234999999995,-7.0555140000000005],[-34.807235,-7.0555140000000005],[-34.807235,-6.975514],[-34.827234999999995,-6.975514],[-34.827234999999995,-6.915514],[-34.847235,-6.915514],[-34.847235,-6.835514],[-34.867235,-6.835514],[-34.867235,-6.755514],[-34.887235,-6.755514],[-34.887235,-6.695513999999999],[-34.907235,-6.695513999999999],[-34.907235,-6.615513999999999],[-34.927234999999996,-6.615513999999999],[-34.927234999999996,-6.535514000000001],[-34.947235,-6.515514],[-35.027235,-6.515514],[-35.027235,-6.535514000000001],[-35.287234999999995,-6.515514],[-35.287234999999995,-6.535514000000001],[-35.347235,-6.535514000000001],[-35.387235,-6.495514],[-35.587235,-6.495514],[-35.587235,-6.475514],[-35.647234999999995,-6.475514],[-35.647234999999995,-6.455514000000001],[-35.787234999999995,-6.475514],[-35.787234999999995,-6.495514],[-35.987235,-6.495514],[-35.987235,-6.475514],[-36.127235,-6.495514],[-36.127235,-6.475514],[-36.207235,-6.455514000000001],[-36.267235,-6.395514],[-36.287234999999995,-6.295514000000001],[-36.327234999999995,-6.295514000000001],[-36.347235,-6.335514],[-36.507234999999994,-6.395514],[-36.507234999999994,-6.515514],[-36.447235,-6.575514],[-36.467234999999995,-6.575514],[-36.467234999999995,-6.615513999999999],[-36.527235,-6.635514000000001],[-36.527235,-6.755514],[-36.487235,-6.775513999999999],[-36.527235,-6.875514000000001],[-36.587235,-6.9355139999999995],[-36.667235,-6.9355139999999995],[-36.667235,-6.955514000000001],[-36.727235,-6.975514],[-36.747234999999996,-6.955514000000001],[-36.747234999999996,-6.875514000000001],[-36.787234999999995,-6.835514],[-36.767235,-6.795514000000001],[-36.807235,-6.755514],[-36.947235,-6.755514],[-36.947235,-6.775513999999999],[-37.047235,-6.755514],[-37.087235,-6.815514],[-37.107234999999996,-6.795514000000001],[-37.187234999999994,-6.795514000000001],[-37.227235,-6.835514],[-37.287234999999995,-6.715514000000001],[-37.387235,-6.715514000000001],[-37.387235,-6.695513999999999],[-37.467234999999995,-6.715514000000001],[-37.487235,-6.695513999999999],[-37.467234999999995,-6.595514],[-37.387235,-6.515514],[-37.387235,-6.375514000000001],[-37.347235,-6.335514],[-37.347235,-6.295514000000001],[-37.287234999999995,-6.275513999999999],[-37.267235,-6.215514000000001],[-37.227235,-6.195513999999999],[-37.227235,-6.155514],[-37.167235,-6.115513999999999],[-37.187234999999994,-6.035513999999999],[-37.287234999999995,-6.035513999999999]]]}},{"type":"Feature","properties":{"name":"Paraná","sigla":"PR","ibge_code":"41"},"geometry":{"type":"Polygon","coordinates":[[[-52.127235,-22.535514],[-52.187235,-22.635514],[-52.22723499999999,-22.635514],[-52.22723499999999,-22.615513999999997],[-52.327235,-22.615513999999997],[-52.327235,-22.635514],[-52.347235,-22.615513999999997],[-52.487235,-22.615513999999997],[-52.507234999999994,-22.635514],[-52.567235,-22.575514],[-52.627235,-22.575514],[-52.667235,-22.615513999999997],[-52.827235,-22.615513999999997],[-52.827235,-22.595514],[-52.907235,-22.595514],[-52.907235,-22.575514],[-53.027235,-22.575514],[-53.067235,-22.615513999999997],[-53.067235,-22.655514000000004],[-53.107235,-22.655514000000004],[-53.187235,-22.735514000000002],[-53.247234999999996,-22.735514000000002],[-53.287234999999995,-22.775514],[-53.407235,-22.795513999999997],[-53.447235,-22.835514000000003],[-53.507234999999994,-22.835514000000003],[-53.527235,-22.875514000000003],[-53.567235,-22.875514000000003],[-53.567235,-22.915514],[-53.627235,-22.975513999999997],[-53.627235,-23.115513999999997],[-53.647234999999995,-23.115513999999997],[-53.647234999999995,-23.175514],[-53.687235,-23.215514],[-53.707235,-23.295513999999997],[-53.787234999999995,-23.375514000000003],[-53.967235,-23.435513999999998],[-53.987235,-23.615513999999997],[-54.007234999999994,-23.615513999999997],[-54.007234999999994,-23.675514],[-54.027235,-23.675514],[-54.027235,-23.735514000000002],[-54.047235,-23.735514000000002],[-54.047235,-23.815514],[-54.067235,-23.815514],[-54.067235,-23.935513999999998],[-54.127235,-23.995514],[-54.167235,-23.995514],[-54.187235,-24.035514],[-54.22723499999999,-24.035514],[-54.22723499999999,-24.055514000000002],[-54.307235,-24.055514000000002],[-54.307235,-24.615513999999997],[-54.327235,-24.615513999999997],[-54.327235,-24.715514],[-54.347235,-24.715514],[-54.347235,-24.795513999999997],[-54.367234999999994,-24.795513999999997],[-54.367234999999994,-24.875514000000003],[-54.387235,-24.875514000000003],[-54.387235,-24.975513999999997],[-54.407235,-24.975513999999997],[-54.447235,-25.215514],[-54.487235,-25.255513999999998],[-54.487235,-25.315514],[-54.507234999999994,-25.315514],[-54.507234999999994,-25.375514000000003],[-54.527235,-25.375514000000003],[-54.527235,-25.435513999999998],[-54.547235,-25.435513999999998],[-54.58723499999999,-25.615513999999997],[-54.607235,-25.615513999999997],[-54.627235,-25.755513999999998],[-54.127235,-25.555514000000002],[-54.107235,-25.615513999999997],[-53.967235,-25.735514000000002],[-53.967235,-25.775514],[-53.847235,-25.875514000000003],[-53.847235,-25.915514],[-53.647234999999995,-26.115513999999997],[-53.647234999999995,-26.275514],[-53.447235,-26.295513999999997],[-53.407235,-26.255513999999998],[-53.267235,-26.255513999999998],[-53.22723499999999,-26.315514],[-53.147234999999995,-26.335513999999996],[-53.127235,-26.375513999999995],[-52.72723499999999,-26.355514],[-52.72723499999999,-26.375513999999995],[-52.647234999999995,-26.375513999999995],[-52.627235,-26.415514],[-52.487235,-26.415514],[-52.487235,-26.435513999999998],[-52.427234999999996,-26.435513999999998],[-52.427234999999996,-26.455514],[-52.167235,-26.455514],[-52.047235,-26.575514],[-52.007234999999994,-26.575514],[-52.007234999999994,-26.595514],[-51.487235,-26.615513999999997],[-51.427234999999996,-26.695513999999996],[-51.307235,-26.675514],[-51.307235,-26.655513999999997],[-51.267235,-26.655513999999997],[-51.22723499999999,-26.615513999999997],[-51.22723499999999,-26.575514],[-51.267235,-26.535514],[-51.287234999999995,-26.415514],[-51.247234999999996,-26.395514],[-51.247234999999996,-26.335513999999996],[-51.207235,-26.295513999999997],[-51.127235,-26.295513999999997],[-51.08723499999999,-26.235514000000002],[-51.047235,-26.235514000000002],[-51.047235,-26.255513999999998],[-50.807235,-26.255513999999998],[-50.807235,-26.235514000000002],[-50.747234999999996,-26.235514000000002],[-50.667235,-26.155514000000004],[-50.647234999999995,-26.075514],[-50.58723499999999,-26.055514000000002],[-50.58723499999999,-26.035514],[-50.447235,-26.035514],[-50.447235,-26.055514000000002],[-50.347235,-26.095514],[-50.287234999999995,-26.035514],[-50.067235,-26.055514000000002],[-50.067235,-26.035514],[-50.007234999999994,-26.035514],[-50.007234999999994,-26.015514000000003],[-49.927234999999996,-26.015514000000003],[-49.927234999999996,-26.035514],[-49.867234999999994,-26.035514],[-49.827235,-26.095514],[-49.747234999999996,-26.115513999999997],[-49.647234999999995,-26.215514],[-49.507234999999994,-26.235514000000002],[-49.467235,-26.175514],[-49.347235,-26.155514000000004],[-49.22723499999999,-26.035514],[-49.167235,-26.035514],[-49.127235,-25.995514],[-49.107235,-26.015514000000003],[-48.687235,-25.995514],[-48.687235,-25.975514000000004],[-48.507234999999994,-25.995514],[-48.487235,-25.875514000000003],[-48.287234999999995,-25.675514],[-48.287234999999995,-25.635514],[-48.167235,-25.535514],[-48.167235,-25.495514],[-48.067235,-25.415514],[-48.047235,-25.335514000000003],[-48.107235,-25.275514],[-48.107235,-25.235514000000002],[-48.167235,-25.215514],[-48.167235,-25.135514],[-48.187235,-25.135514],[-48.187235,-25.095514],[-48.22723499999999,-25.075514],[-48.247234999999996,-24.995514],[-48.307235,-24.935513999999998],[-48.327235,-24.955514],[-48.427234999999996,-24.955514],[-48.447235,-25.035514],[-48.487235,-25.075514],[-48.547235,-25.075514],[-48.58723499999999,-25.035514],[-48.58723499999999,-24.995514],[-48.547235,-24.975513999999997],[-48.547235,-24.815514],[-48.487235,-24.775514],[-48.567235,-24.695514000000003],[-48.787234999999995,-24.695514000000003],[-48.787234999999995,-24.675514],[-48.967235,-24.695514000000003],[-48.987235,-24.655514000000004],[-49.067235,-24.675514],[-49.067235,-24.695514000000003],[-49.267235,-24.695514000000003],[-49.287234999999995,-24.675514],[-49.307235,-24.535514],[-49.267235,-24.515514000000003],[-49.287234999999995,-24.455514],[-49.247234999999996,-24.435513999999998],[-49.22723499999999,-24.335514000000003],[-49.267235,-24.335514000000003],[-49.287234999999995,-24.255513999999998],[-49.327235,-24.235514000000002],[-49.327235,-24.135514],[-49.367234999999994,-24.095514],[-49.407235,-24.095514],[-49.487235,-24.015514000000003],[-49.487235,-23.975513999999997],[-49.58723499999999,-23.895514],[-49.58723499999999,-23.835514000000003],[-49.547235,-23.815514],[-49.547235,-23.695514000000003],[-49.627235,-23.635514],[-49.627235,-23.535514],[-49.647234999999995,-23.535514],[-49.647234999999995,-23.475513999999997],[-49.607235,-23.435513999999998],[-49.607235,-23.395514],[-49.627235,-23.395514],[-49.627235,-23.235514000000002],[-49.647234999999995,-23.235514000000002],[-49.647234999999995,-23.195514000000003],[-49.72723499999999,-23.115513999999997],[-49.807235,-23.095514],[-49.807235,-23.075514],[-49.867234999999994,-23.075514],[-49.907235,-23.035514],[-49.907235,-22.995514],[-49.987235,-22.915514],[-50.047235,-22.915514],[-50.08723499999999,-22.955514],[-50.327235,-22.955514],[-50.327235,-22.935513999999998],[-50.507234999999994,-22.955514],[-50.547235,-22.915514],[-50.58723499999999,-22.915514],[-50.58723499999999,-22.935513999999998],[-50.607235,-22.915514],[-50.687235,-22.915514],[-50.72723499999999,-22.975513999999997],[-50.767235,-22.975513999999997],[-50.787234999999995,-22.895514],[-50.867234999999994,-22.815514],[-51.127235,-22.775514],[-51.127235,-22.755513999999998],[-51.207235,-22.735514000000002],[-51.267235,-22.655514000000004],[-51.447235,-22.655514000000004],[-51.467235,-22.695514000000003],[-51.58723499999999,-22.695514000000003],[-51.627235,-22.655514000000004],[-51.687235,-22.675514],[-51.72723499999999,-22.635514],[-51.867234999999994,-22.635514],[-51.927234999999996,-22.575514],[-52.027235,-22.555514000000002],[-52.027235,-22.535514],[-52.127235,-22.535514]]]}},{"type":"Feature","properties":{"name":"Pernambuco","sigla":"PE","ibge_code":"26"},"geometry":{"type":"Polygon","coordinates":[[[-37.267235,-7.275513999999999],[-37.267235,-7.295514000000001],[-37.347235,-7.295514000000001],[-37.387235,-7.355513999999999],[-37.467234999999995,-7.355513999999999],[-37.487235,-7.415514],[-37.587235,-7.515514],[-37.627235,-7.515514],[-37.667235,-7.5555140000000005],[-37.727235,-7.5555140000000005],[-37.787234999999995,-7.655514],[-37.887235,-7.675514],[-37.967234999999995,-7.775513999999999],[-38.047235,-7.755514],[-38.067235,-7.795514000000001],[-38.167235,-7.795514000000001],[-38.167235,-7.815514],[-38.227235,-7.815514],[-38.227235,-7.835514],[-38.287234999999995,-7.835514],[-38.287234999999995,-7.775513999999999],[-38.307235,-7.775513999999999],[-38.327234999999995,-7.715514000000001],[-38.387235,-7.715514000000001],[-38.407235,-7.755514],[-38.467234999999995,-7.735514],[-38.487235,-7.775513999999999],[-38.527235,-7.775513999999999],[-38.667235,-7.615513999999999],[-38.707235,-7.615513999999999],[-38.727235,-7.655514],[-38.807235,-7.655514],[-38.827234999999995,-7.715514000000001],[-38.887235,-7.715514000000001],[-38.887235,-7.755514],[-38.927234999999996,-7.775513999999999],[-38.927234999999996,-7.815514],[-38.967234999999995,-7.855513999999999],[-38.987235,-7.835514],[-39.067235,-7.835514],[-39.127235,-7.735514],[-39.247234999999996,-7.695513999999999],[-39.347235,-7.5555140000000005],[-39.427234999999996,-7.535514000000001],[-39.467234999999995,-7.495514],[-39.527235,-7.495514],[-39.627235,-7.375514000000001],[-39.927234999999996,-7.355513999999999],[-39.927234999999996,-7.375514000000001],[-39.987235,-7.375514000000001],[-39.987235,-7.395514],[-40.047235,-7.395514],[-40.047235,-7.415514],[-40.127235,-7.415514],[-40.127235,-7.4355139999999995],[-40.147234999999995,-7.415514],[-40.247234999999996,-7.415514],[-40.247234999999996,-7.395514],[-40.447235,-7.415514],[-40.447235,-7.395514],[-40.507234999999994,-7.395514],[-40.507234999999994,-7.375514000000001],[-40.567235,-7.375514000000001],[-40.607234999999996,-7.415514],[-40.687235,-7.415514],[-40.687235,-7.515514],[-40.667235,-7.515514],[-40.627235,-7.635514000000001],[-40.607234999999996,-7.635514000000001],[-40.607234999999996,-7.675514],[-40.647234999999995,-7.715514000000001],[-40.647234999999995,-7.775513999999999],[-40.527235,-7.835514],[-40.547235,-8.075514],[-40.707235,-8.235514],[-40.747234999999996,-8.235514],[-40.747234999999996,-8.275514],[-40.827234999999995,-8.355514],[-40.887235,-8.355514],[-40.887235,-8.395514],[-40.927234999999996,-8.435514],[-41.027235,-8.435514],[-41.127235,-8.555514],[-41.167235,-8.555514],[-41.167235,-8.595514],[-41.247234999999996,-8.655514],[-41.247234999999996,-8.695514],[-41.107234999999996,-8.715514],[-41.067235,-8.795514],[-41.007234999999994,-8.775514],[-40.967234999999995,-8.835514],[-40.907235,-8.835514],[-40.907235,-8.875514],[-40.887235,-8.875514],[-40.887235,-9.055514],[-40.847235,-9.075514],[-40.847235,-9.155514],[-40.827234999999995,-9.175514],[-40.787234999999995,-9.175514],[-40.767235,-9.215514],[-40.687235,-9.235514],[-40.687235,-9.355514],[-40.727235,-9.395514],[-40.727235,-9.455514],[-40.647234999999995,-9.475514],[-40.647234999999995,-9.495514],[-40.587235,-9.495514],[-40.527235,-9.415514],[-40.467234999999995,-9.415514],[-40.427234999999996,-9.375514],[-40.347235,-9.375514],[-40.347235,-9.335514],[-40.307235,-9.315514],[-40.287234999999995,-9.135514],[-40.267235,-9.135514],[-40.247234999999996,-9.075514],[-40.167235,-9.075514],[-40.147234999999995,-9.115514],[-40.107234999999996,-9.115514],[-40.087235,-9.075514],[-39.967234999999995,-9.055514],[-39.887235,-8.975514],[-39.887235,-8.935514],[-39.867235,-8.935514],[-39.887235,-8.835514],[-39.727235,-8.815514],[-39.667235,-8.755514],[-39.667235,-8.655514],[-39.607234999999996,-8.655514],[-39.607234999999996,-8.635514],[-39.567235,-8.635514],[-39.567235,-8.615514],[-39.447235,-8.575514],[-39.407235,-8.535514000000001],[-39.287234999999995,-8.555514],[-39.207235,-8.695514],[-39.147234999999995,-8.695514],[-39.107234999999996,-8.735514],[-39.027235,-8.735514],[-38.967234999999995,-8.795514],[-38.887235,-8.795514],[-38.887235,-8.775514],[-38.787234999999995,-8.795514],[-38.767235,-8.835514],[-38.727235,-8.835514],[-38.667235,-8.895514],[-38.647234999999995,-8.975514],[-38.607234999999996,-8.975514],[-38.567235,-8.835514],[-38.487235,-8.835514],[-38.467234999999995,-8.855514],[-38.467234999999995,-8.915514],[-38.507234999999994,-8.935514],[-38.487235,-8.995514],[-38.447235,-9.035514000000001],[-38.307235,-9.015514],[-38.307235,-9.155514],[-38.287234999999995,-9.155514],[-38.227235,-9.315514],[-38.147234999999995,-9.275514],[-38.107234999999996,-9.195514],[-37.967234999999995,-9.155514],[-37.947235,-9.095514],[-37.807235,-8.995514],[-37.807235,-8.875514],[-37.767235,-8.875514],[-37.767235,-8.855514],[-37.687234999999994,-8.935514],[-37.707235,-8.955514],[-37.687234999999994,-9.035514000000001],[-37.607234999999996,-9.035514000000001],[-37.587235,-8.995514],[-37.527235,-8.995514],[-37.507234999999994,-9.035514000000001],[-37.427234999999996,-9.015514],[-37.407235,-9.055514],[-37.367235,-9.055514],[-37.247234999999996,-9.175514],[-37.227235,-9.235514],[-37.187234999999994,-9.235514],[-37.147234999999995,-9.295514],[-37.007234999999994,-9.315514],[-36.967234999999995,-9.375514],[-36.927234999999996,-9.375514],[-36.927234999999996,-9.335514],[-36.887235,-9.295514],[-36.867235,-9.315514],[-36.567235,-9.335514],[-36.507234999999994,-9.275514],[-36.467234999999995,-9.275514],[-36.467234999999995,-9.255514],[-36.327234999999995,-9.235514],[-36.307235,-9.195514],[-36.267235,-9.195514],[-36.227235,-9.155514],[-36.227235,-9.095514],[-36.027235,-8.895514],[-35.947235,-8.915514],[-35.947235,-8.895514],[-35.787234999999995,-8.875514],[-35.767235,-8.915514],[-35.707235,-8.935514],[-35.647234999999995,-8.875514],[-35.607234999999996,-8.875514],[-35.607234999999996,-8.855514],[-35.467234999999995,-8.835514],[-35.407235,-8.895514],[-35.227235,-8.895514],[-35.227235,-8.915514],[-35.147234999999995,-8.915514],[-35.147234999999995,-8.935514],[-35.087235,-8.915514],[-35.087235,-8.835514],[-35.067235,-8.835514],[-35.027235,-8.595514],[-35.007234999999994,-8.595514],[-35.007234999999994,-8.495514],[-34.987235,-8.495514],[-34.987235,-8.415514],[-34.967234999999995,-8.415514],[-34.967234999999995,-8.335514],[-34.947235,-8.335514],[-34.947235,-8.255514],[-34.927234999999996,-8.255514],[-34.927234999999996,-8.175514],[-34.907235,-8.175514],[-34.907235,-8.095514],[-34.887235,-8.095514],[-34.887235,-8.015514],[-34.867235,-8.015514],[-34.867235,-7.915514],[-34.847235,-7.915514],[-34.847235,-7.835514],[-34.827234999999995,-7.835514],[-34.827234999999995,-7.755514],[-34.807235,-7.755514],[-34.807235,-7.675514],[-34.787234999999995,-7.675514],[-34.767235,-7.5555140000000005],[-34.967234999999995,-7.535514000000001],[-34.987235,-7.475514],[-35.047235,-7.415514],[-35.087235,-7.415514],[-35.087235,-7.395514],[-35.127235,-7.395514],[-35.127235,-7.415514],[-35.307235,-7.395514],[-35.387235,-7.475514],[-35.407235,-7.455514000000001],[-35.487235,-7.455514000000001],[-35.507234999999994,-7.475514],[-35.507234999999994,-7.575514],[-35.527235,-7.575514],[-35.527235,-7.615513999999999],[-35.587235,-7.675514],[-35.627235,-7.675514],[-35.647234999999995,-7.715514000000001],[-35.747234999999996,-7.715514000000001],[-35.747234999999996,-7.735514],[-35.867235,-7.755514],[-35.907235,-7.835514],[-35.967234999999995,-7.835514],[-35.967234999999995,-7.815514],[-36.047235,-7.835514],[-36.067235,-7.795514000000001],[-36.147234999999995,-7.795514000000001],[-36.147234999999995,-7.815514],[-36.247234999999996,-7.795514000000001],[-36.267235,-7.835514],[-36.407235,-7.815514],[-36.407235,-7.875514000000001],[-36.447235,-7.915514],[-36.567235,-7.915514],[-36.607234999999996,-7.975514],[-36.647234999999995,-7.975514],[-36.627235,-8.095514],[-36.667235,-8.135514],[-36.707235,-8.135514],[-36.787234999999995,-8.235514],[-36.887235,-8.235514],[-36.927234999999996,-8.275514],[-37.007234999999994,-8.275514],[-37.007234999999994,-8.255514],[-37.047235,-8.255514],[-37.127235,-8.175514],[-37.127235,-8.075514],[-37.147234999999995,-8.075514],[-37.127235,-7.995514],[-37.147234999999995,-7.975514],[-37.287234999999995,-7.975514],[-37.287234999999995,-7.915514],[-37.247234999999996,-7.875514000000001],[-37.247234999999996,-7.835514],[-37.167235,-7.775513999999999],[-37.167235,-7.715514000000001],[-37.207235,-7.675514],[-37.207235,-7.575514],[-37.047235,-7.535514000000001],[-36.987235,-7.455514000000001],[-37.007234999999994,-7.455514000000001],[-37.027235,-7.395514],[-37.127235,-7.375514000000001],[-37.227235,-7.275513999999999],[-37.267235,-7.275513999999999]]]}},{"type":"Feature","properties":{"name":"Piauí","sigla":"PI","ibge_code":"22"},"geometry":{"type":"Polygon","coordinates":[[[-41.847235,-2.7955140000000007],[-41.867235,-2.875514000000001],[-41.807235,-2.9355139999999995],[-41.827234999999995,-3.035513999999999],[-41.927234999999996,-3.1155139999999992],[-41.927234999999996,-3.155514],[-42.027235,-3.255514],[-42.107234999999996,-3.2755139999999994],[-42.107234999999996,-3.335514],[-42.227235,-3.455514000000001],[-42.387235,-3.455514000000001],[-42.387235,-3.4755140000000004],[-42.447235,-3.4755140000000004],[-42.447235,-3.495514],[-42.467234999999995,-3.4755140000000004],[-42.527235,-3.495514],[-42.527235,-3.535513999999999],[-42.667235,-3.6755139999999997],[-42.667235,-3.8155140000000003],[-42.687235,-3.8155140000000003],[-42.707235,-3.8955140000000004],[-42.827235,-3.995514],[-42.867234999999994,-4.135514000000001],[-42.967235,-4.195513999999999],[-42.967235,-4.375514000000001],[-42.867234999999994,-4.4355139999999995],[-42.867234999999994,-4.495514],[-42.847235,-4.495514],[-42.867234999999994,-4.515514],[-42.867234999999994,-4.595514],[-42.947235,-4.655514],[-42.947235,-4.695513999999999],[-42.927234999999996,-4.695513999999999],[-42.947235,-4.795514000000001],[-42.887235,-4.835514],[-42.887235,-4.895514],[-42.847235,-4.9355139999999995],[-42.847235,-5.035513999999999],[-42.827235,-5.035513999999999],[-42.827235,-5.115513999999999],[-42.807235,-5.115513999999999],[-42.807235,-5.215514000000001],[-42.827235,-5.215514000000001],[-42.807235,-5.295514000000001],[-42.827235,-5.295514000000001],[-42.827235,-5.335514],[-42.867234999999994,-5.375514000000001],[-42.907235,-5.375514000000001],[-42.947235,-5.475514],[-42.987235,-5.495514],[-42.987235,-5.535513999999999],[-43.08723499999999,-5.615513999999999],[-43.107235,-5.815514],[-43.08723499999999,-5.815514],[-43.08723499999999,-5.995514],[-43.047235,-6.015514],[-43.067235,-6.075514],[-42.967235,-6.155514],[-42.947235,-6.215514000000001],[-42.907235,-6.215514000000001],[-42.847235,-6.275513999999999],[-42.847235,-6.395514],[-42.867234999999994,-6.395514],[-42.847235,-6.495514],[-42.867234999999994,-6.495514],[-42.867234999999994,-6.575514],[-42.907235,-6.595514],[-42.907235,-6.675514],[-43.007234999999994,-6.775513999999999],[-43.127235,-6.775513999999999],[-43.127235,-6.795514000000001],[-43.147234999999995,-6.775513999999999],[-43.247234999999996,-6.775513999999999],[-43.287234999999995,-6.815514],[-43.387235,-6.815514],[-43.407235,-6.855513999999999],[-43.467235,-6.855513999999999],[-43.487235,-6.815514],[-43.527235,-6.815514],[-43.567235,-6.755514],[-43.607235,-6.755514],[-43.647234999999995,-6.715514000000001],[-43.827235,-6.715514000000001],[-43.867234999999994,-6.755514],[-43.927234999999996,-6.755514],[-43.927234999999996,-6.775513999999999],[-44.007234999999994,-6.755514],[-44.267235,-7.015514],[-44.267235,-7.075514],[-44.327235,-7.135514000000001],[-44.407235,-7.135514000000001],[-44.407235,-7.155514],[-44.487235,-7.175514],[-44.507234999999994,-7.215514000000001],[-44.547235,-7.215514000000001],[-44.687235,-7.355513999999999],[-44.687235,-7.395514],[-44.72723499999999,-7.395514],[-44.72723499999999,-7.375514000000001],[-44.807235,-7.395514],[-44.827235,-7.375514000000001],[-44.947235,-7.495514],[-45.187235,-7.515514],[-45.187235,-7.535514000000001],[-45.247234999999996,-7.535514000000001],[-45.247234999999996,-7.5555140000000005],[-45.367234999999994,-7.575514],[-45.467235,-7.675514],[-45.467235,-7.715514000000001],[-45.507234999999994,-7.755514],[-45.527235,-7.915514],[-45.547235,-7.915514],[-45.547235,-8.095514],[-45.567235,-8.095514],[-45.58723499999999,-8.195514],[-45.647234999999995,-8.235514],[-45.667235,-8.355514],[-45.72723499999999,-8.415514],[-45.72723499999999,-8.535514000000001],[-45.767235,-8.555514],[-45.767235,-8.615514],[-45.807235,-8.655514],[-45.807235,-8.695514],[-45.887235,-8.775514],[-45.927234999999996,-8.775514],[-45.927234999999996,-8.835514],[-45.967235,-8.875514],[-45.967235,-8.975514],[-45.927234999999996,-9.015514],[-45.927234999999996,-9.155514],[-45.887235,-9.195514],[-45.887235,-9.335514],[-45.807235,-9.395514],[-45.787234999999995,-9.495514],[-45.827235,-9.535514000000001],[-45.827235,-9.795514],[-45.847235,-9.795514],[-45.847235,-9.855514],[-45.867234999999994,-9.855514],[-45.847235,-9.975514],[-45.887235,-9.995514],[-45.887235,-10.095514],[-45.947235,-10.155514],[-45.947235,-10.195514],[-45.927234999999996,-10.195514],[-45.927234999999996,-10.275514],[-45.947235,-10.295513999999999],[-45.907235,-10.335514000000002],[-45.58723499999999,-10.335514000000002],[-45.507234999999994,-10.415514],[-45.507234999999994,-10.455513999999999],[-45.467235,-10.475513999999999],[-45.447235,-10.595514],[-45.427234999999996,-10.595514],[-45.407235,-10.675514000000002],[-45.347235,-10.715514],[-45.347235,-10.755514],[-45.307235,-10.795513999999999],[-45.247234999999996,-10.795513999999999],[-45.22723499999999,-10.835514000000002],[-45.167235,-10.835514000000002],[-45.107235,-10.895514],[-45.007234999999994,-10.895514],[-45.007234999999994,-10.875514],[-44.867234999999994,-10.875514],[-44.867234999999994,-10.895514],[-44.827235,-10.895514],[-44.747234999999996,-10.815513999999999],[-44.747234999999996,-10.775514],[-44.667235,-10.755514],[-44.567235,-10.635513999999999],[-44.467235,-10.635513999999999],[-44.447235,-10.595514],[-44.327235,-10.595514],[-44.327235,-10.615514],[-44.267235,-10.615514],[-44.267235,-10.635513999999999],[-44.187235,-10.635513999999999],[-44.007234999999994,-10.455513999999999],[-43.947235,-10.455513999999999],[-43.907235,-10.415514],[-43.907235,-10.375514],[-43.847235,-10.335514000000002],[-43.827235,-10.255514],[-43.807235,-10.255514],[-43.807235,-10.195514],[-43.747234999999996,-10.155514],[-43.747234999999996,-10.095514],[-43.687235,-10.055514],[-43.707235,-9.915514],[-43.667235,-9.875514],[-43.667235,-9.795514],[-43.72723499999999,-9.755514],[-43.72723499999999,-9.695514],[-43.747234999999996,-9.695514],[-43.747234999999996,-9.615514],[-43.767235,-9.615514],[-43.787234999999995,-9.535514000000001],[-43.827235,-9.515514],[-43.827235,-9.435514],[-43.707235,-9.455514],[-43.647234999999995,-9.395514],[-43.627235,-9.335514],[-43.607235,-9.355514],[-43.507234999999994,-9.355514],[-43.487235,-9.315514],[-43.427234999999996,-9.315514],[-43.347235,-9.435514],[-43.327235,-9.415514],[-43.167235,-9.415514],[-43.147234999999995,-9.375514],[-43.08723499999999,-9.375514],[-43.08723499999999,-9.395514],[-43.027235,-9.395514],[-43.007234999999994,-9.435514],[-42.967235,-9.435514],[-42.927234999999996,-9.475514],[-42.927234999999996,-9.515514],[-42.867234999999994,-9.535514000000001],[-42.867234999999994,-9.555514],[-42.827235,-9.555514],[-42.827235,-9.535514000000001],[-42.667235,-9.535514000000001],[-42.667235,-9.555514],[-42.627235,-9.555514],[-42.58723499999999,-9.495514],[-42.487235,-9.495514],[-42.487235,-9.455514],[-42.447235,-9.415514],[-42.407235,-9.415514],[-42.327234999999995,-9.315514],[-42.287234999999995,-9.315514],[-42.287234999999995,-9.335514],[-42.267235,-9.315514],[-42.167235,-9.315514],[-42.067235,-9.215514],[-41.967234999999995,-9.215514],[-41.967234999999995,-9.235514],[-41.907235,-9.215514],[-41.907235,-9.235514],[-41.847235,-9.255514],[-41.807235,-9.215514],[-41.807235,-9.175514],[-41.767235,-9.175514],[-41.727235,-9.135514],[-41.727235,-8.995514],[-41.547235,-8.975514],[-41.467234999999995,-8.895514],[-41.467234999999995,-8.855514],[-41.387235,-8.795514],[-41.367235,-8.715514],[-41.247234999999996,-8.695514],[-41.247234999999996,-8.655514],[-41.167235,-8.595514],[-41.167235,-8.555514],[-41.127235,-8.555514],[-41.027235,-8.435514],[-40.927234999999996,-8.435514],[-40.887235,-8.395514],[-40.887235,-8.355514],[-40.827234999999995,-8.355514],[-40.747234999999996,-8.275514],[-40.747234999999996,-8.235514],[-40.707235,-8.235514],[-40.547235,-8.075514],[-40.527235,-7.835514],[-40.647234999999995,-7.775513999999999],[-40.647234999999995,-7.715514000000001],[-40.607234999999996,-7.675514],[-40.607234999999996,-7.635514000000001],[-40.627235,-7.635514000000001],[-40.647234999999995,-7.5555140000000005],[-40.687235,-7.515514],[-40.687235,-7.415514],[-40.607234999999996,-7.415514],[-40.607234999999996,-7.395514],[-40.527235,-7.375514000000001],[-40.527235,-7.315514],[-40.567235,-7.275513999999999],[-40.567235,-7.155514],[-40.547235,-7.155514],[-40.547235,-7.095514],[-40.527235,-7.095514],[-40.527235,-7.035514000000001],[-40.507234999999994,-7.035514000000001],[-40.487235,-6.955514000000001],[-40.407235,-6.875514000000001],[-40.407235,-6.795514000000001],[-40.467234999999995,-6.735514],[-40.587235,-6.695513999999999],[-40.647234999999995,-6.635514000000001],[-40.687235,-6.635514000000001],[-40.707235,-6.595514],[-40.747234999999996,-6.595514],[-40.827234999999995,-6.515514],[-40.827234999999995,-6.415514],[-40.807235,-6.415514],[-40.807235,-6.355513999999999],[-40.787234999999995,-6.355513999999999],[-40.787234999999995,-6.255514],[-40.807235,-6.255514],[-40.827234999999995,-6.155514],[-40.847235,-6.155514],[-40.867235,-5.955514000000001],[-40.927234999999996,-5.895514],[-40.927234999999996,-5.855513999999999],[-40.967234999999995,-5.835514],[-40.987235,-5.755514],[-41.027235,-5.735514],[-41.027235,-5.695513999999999],[-41.067235,-5.675514],[-41.067235,-5.635514000000001],[-41.087235,-5.635514000000001],[-41.087235,-5.575514],[-41.047235,-5.535513999999999],[-41.027235,-5.415514],[-41.007234999999994,-5.415514],[-41.007234999999994,-5.335514],[-40.987235,-5.335514],[-40.987235,-5.095514],[-41.007234999999994,-5.095514],[-41.007234999999994,-5.035513999999999],[-41.027235,-5.035513999999999],[-41.047235,-4.955514000000001],[-41.067235,-4.955514000000001],[-41.067235,-4.755514],[-41.087235,-4.755514],[-41.087235,-4.655514],[-41.127235,-4.615513999999999],[-41.087235,-4.495514],[-41.067235,-4.495514],[-41.067235,-4.275513999999999],[-41.087235,-4.275513999999999],[-41.087235,-4.215514000000001],[-41.127235,-4.175514],[-41.167235,-3.955514000000001],[-41.187235,-3.955514000000001],[-41.207235,-3.875514000000001],[-41.247234999999996,-3.835514],[-41.247234999999996,-3.7755139999999994],[-41.267235,-3.7755139999999994],[-41.267235,-3.7355140000000002],[-41.307235,-3.7155140000000006],[-41.307235,-3.6755139999999997],[-41.347235,-3.655514],[-41.347235,-3.6155139999999992],[-41.387235,-3.575514],[-41.367235,-3.415514],[-41.407235,-3.3955140000000004],[-41.407235,-3.2955140000000007],[-41.327234999999995,-3.2155140000000006],[-41.287234999999995,-3.1155139999999992],[-41.247234999999996,-3.0955139999999997],[-41.247234999999996,-2.9755140000000004],[-41.307235,-2.9355139999999995],[-41.307235,-2.8955140000000004],[-41.527235,-2.8955140000000004],[-41.527235,-2.875514000000001],[-41.587235,-2.875514000000001],[-41.587235,-2.8555139999999994],[-41.667235,-2.8555139999999994],[-41.667235,-2.835514],[-41.747234999999996,-2.835514],[-41.747234999999996,-2.8155140000000003],[-41.827234999999995,-2.8155140000000003],[-41.847235,-2.7955140000000007]]]}},{"type":"Feature","properties":{"name":"Rio de Janeiro","sigla":"RJ","ibge_code":"33"},"geometry":{"type":"Polygon","coordinates":[[[-41.867235,-20.775514],[-41.987235,-20.935513999999998],[-42.127235,-20.935513999999998],[-42.127235,-20.995514],[-42.087235,-21.035514],[-42.167235,-21.115513999999997],[-42.167235,-21.215514],[-42.207235,-21.255513999999998],[-42.207235,-21.335514000000003],[-42.247234999999996,-21.375514000000003],[-42.287234999999995,-21.375514000000003],[-42.287234999999995,-21.495514],[-42.367235,-21.575514],[-42.347235,-21.655514000000004],[-42.267235,-21.655514000000004],[-42.267235,-21.695514000000003],[-42.327234999999995,-21.755513999999998],[-42.407235,-21.755513999999998],[-42.407235,-21.775514],[-42.487235,-21.795513999999997],[-42.487235,-21.815514],[-42.527235,-21.815514],[-42.567235,-21.855514],[-42.687235,-21.875514000000003],[-42.72723499999999,-21.915514],[-42.807235,-21.935513999999998],[-42.807235,-21.955514],[-42.887235,-21.955514],[-42.947235,-22.015514000000003],[-43.047235,-22.035514],[-43.067235,-22.075514],[-43.127235,-22.075514],[-43.147234999999995,-22.035514],[-43.22723499999999,-22.035514],[-43.22723499999999,-22.015514000000003],[-43.387235,-22.015514000000003],[-43.387235,-22.035514],[-43.427234999999996,-22.035514],[-43.467235,-22.075514],[-43.567235,-22.075514],[-43.567235,-22.055514000000002],[-43.607235,-22.055514000000002],[-43.607235,-22.075514],[-43.627235,-22.055514000000002],[-43.667235,-22.055514000000002],[-43.667235,-22.075514],[-43.847235,-22.075514],[-43.847235,-22.095514],[-43.927234999999996,-22.115513999999997],[-43.927234999999996,-22.135514],[-44.107235,-22.175514],[-44.147234999999995,-22.235514000000002],[-44.187235,-22.235514000000002],[-44.22723499999999,-22.275514],[-44.247234999999996,-22.255513999999998],[-44.367234999999994,-22.255513999999998],[-44.367234999999994,-22.275514],[-44.467235,-22.255513999999998],[-44.527235,-22.315514],[-44.627235,-22.315514],[-44.667235,-22.375514000000003],[-44.767235,-22.375514000000003],[-44.787234999999995,-22.415514],[-44.707235,-22.475513999999997],[-44.707235,-22.515514000000003],[-44.607235,-22.615513999999997],[-44.527235,-22.615513999999997],[-44.507234999999994,-22.635514],[-44.507234999999994,-22.615513999999997],[-44.387235,-22.615513999999997],[-44.387235,-22.595514],[-44.347235,-22.595514],[-44.347235,-22.615513999999997],[-44.207235,-22.595514],[-44.207235,-22.635514],[-44.167235,-22.655514000000004],[-44.167235,-22.695514000000003],[-44.207235,-22.695514000000003],[-44.247234999999996,-22.735514000000002],[-44.247234999999996,-22.795513999999997],[-44.307235,-22.855514],[-44.407235,-22.875514000000003],[-44.407235,-22.915514],[-44.467235,-22.975513999999997],[-44.467235,-23.075514],[-44.487235,-23.075514],[-44.487235,-23.135514],[-44.507234999999994,-23.135514],[-44.507234999999994,-23.235514000000002],[-44.467235,-23.255513999999998],[-44.467235,-23.295513999999997],[-44.407235,-23.315514],[-44.407235,-23.295513999999997],[-44.247234999999996,-23.275514],[-44.247234999999996,-23.255513999999998],[-44.08723499999999,-23.235514000000002],[-44.08723499999999,-23.215514],[-44.007234999999994,-23.215514],[-44.007234999999994,-23.195514000000003],[-43.907235,-23.195514000000003],[-43.907235,-23.175514],[-43.747234999999996,-23.155514000000004],[-43.747234999999996,-23.135514],[-43.667235,-23.135514],[-43.667235,-23.115513999999997],[-43.58723499999999,-23.115513999999997],[-43.58723499999999,-23.095514],[-43.507234999999994,-23.095514],[-43.507234999999994,-23.075514],[-43.347235,-23.055514000000002],[-43.347235,-23.035514],[-43.187235,-23.015514000000003],[-43.187235,-22.995514],[-43.08723499999999,-22.995514],[-43.08723499999999,-22.975513999999997],[-41.967234999999995,-22.975513999999997],[-41.927234999999996,-22.815514],[-41.887235,-22.775514],[-41.887235,-22.715514],[-41.847235,-22.675514],[-41.847235,-22.615513999999997],[-41.807235,-22.575514],[-41.807235,-22.515514000000003],[-41.787234999999995,-22.515514000000003],[-41.787234999999995,-22.455514],[-41.747234999999996,-22.415514],[-41.747234999999996,-22.375514000000003],[-41.707235,-22.375514000000003],[-41.687235,-22.335514000000003],[-41.647234999999995,-22.335514000000003],[-41.607234999999996,-22.295513999999997],[-41.407235,-22.215514],[-41.387235,-22.175514],[-41.307235,-22.155514000000004],[-41.267235,-22.115513999999997],[-41.147234999999995,-22.075514],[-41.127235,-22.035514],[-40.927234999999996,-21.955514],[-40.867235,-21.475513999999997],[-40.847235,-21.475513999999997],[-40.847235,-21.355514],[-40.827234999999995,-21.355514],[-40.827234999999995,-21.275514],[-41.007234999999994,-21.255513999999998],[-41.047235,-21.215514],[-41.287234999999995,-21.235514000000002],[-41.327234999999995,-21.195514000000003],[-41.567235,-21.175514],[-41.567235,-21.155514000000004],[-41.627235,-21.155514000000004],[-41.627235,-21.135514],[-41.707235,-21.115513999999997],[-41.727235,-21.095514],[-41.727235,-21.015514000000003],[-41.707235,-21.015514000000003],[-41.727235,-20.895514],[-41.707235,-20.875514000000003],[-41.727235,-20.875514000000003],[-41.747234999999996,-20.815514],[-41.867235,-20.775514]]]}},{"type":"Feature","properties":{"name":"Rio Grande do Norte","sigla":"RN","ibge_code":"24"},"geometry":{"type":"Polygon","coordinates":[[[-37.247234999999996,-4.795514000000001],[-37.247234999999996,-4.815514],[-37.307235,-4.815514],[-37.327234999999995,-4.855513999999999],[-37.367235,-4.855513999999999],[-37.367235,-4.875514000000001],[-37.427234999999996,-4.875514000000001],[-37.427234999999996,-4.895514],[-37.507234999999994,-4.915514],[-37.507234999999994,-4.9355139999999995],[-37.607234999999996,-4.955514000000001],[-37.667235,-5.035513999999999],[-37.727235,-5.0555140000000005],[-37.747234999999996,-5.135514000000001],[-37.787234999999995,-5.175514],[-37.787234999999995,-5.235514],[-37.807235,-5.235514],[-37.827234999999995,-5.315514],[-37.867235,-5.355513999999999],[-37.907235,-5.475514],[-37.947235,-5.495514],[-37.947235,-5.535513999999999],[-38.007234999999994,-5.595514],[-38.047235,-5.595514],[-38.067235,-5.755514],[-38.127235,-5.815514],[-38.127235,-5.895514],[-38.227235,-5.955514000000001],[-38.247234999999996,-6.035513999999999],[-38.307235,-6.095514],[-38.387235,-6.095514],[-38.387235,-6.075514],[-38.467234999999995,-6.075514],[-38.487235,-6.095514],[-38.487235,-6.155514],[-38.567235,-6.235514],[-38.567235,-6.395514],[-38.407235,-6.415514],[-38.387235,-6.455514000000001],[-38.347235,-6.455514000000001],[-38.307235,-6.495514],[-38.107234999999996,-6.515514],[-38.067235,-6.455514000000001],[-38.007234999999994,-6.455514000000001],[-37.987235,-6.415514],[-37.867235,-6.375514000000001],[-37.787234999999995,-6.295514000000001],[-37.767235,-6.175514],[-37.667235,-6.155514],[-37.667235,-6.135514000000001],[-37.587235,-6.135514000000001],[-37.567235,-6.095514],[-37.427234999999996,-6.095514],[-37.407235,-6.115513999999999],[-37.387235,-6.075514],[-37.327234999999995,-6.075514],[-37.287234999999995,-6.035513999999999],[-37.187234999999994,-6.035513999999999],[-37.167235,-6.115513999999999],[-37.227235,-6.155514],[-37.227235,-6.195513999999999],[-37.267235,-6.215514000000001],[-37.287234999999995,-6.275513999999999],[-37.347235,-6.295514000000001],[-37.347235,-6.335514],[-37.387235,-6.375514000000001],[-37.387235,-6.515514],[-37.467234999999995,-6.595514],[-37.487235,-6.695513999999999],[-37.467234999999995,-6.715514000000001],[-37.427234999999996,-6.715514000000001],[-37.427234999999996,-6.695513999999999],[-37.287234999999995,-6.715514000000001],[-37.227235,-6.835514],[-37.187234999999994,-6.795514000000001],[-37.107234999999996,-6.795514000000001],[-37.087235,-6.815514],[-37.047235,-6.755514],[-36.987235,-6.755514],[-36.987235,-6.775513999999999],[-36.947235,-6.775513999999999],[-36.947235,-6.755514],[-36.807235,-6.755514],[-36.767235,-6.795514000000001],[-36.787234999999995,-6.835514],[-36.747234999999996,-6.875514000000001],[-36.747234999999996,-6.955514000000001],[-36.727235,-6.975514],[-36.667235,-6.955514000000001],[-36.667235,-6.9355139999999995],[-36.587235,-6.9355139999999995],[-36.527235,-6.875514000000001],[-36.527235,-6.835514],[-36.487235,-6.795514000000001],[-36.527235,-6.755514],[-36.527235,-6.635514000000001],[-36.467234999999995,-6.615513999999999],[-36.467234999999995,-6.575514],[-36.447235,-6.575514],[-36.507234999999994,-6.515514],[-36.507234999999994,-6.395514],[-36.347235,-6.335514],[-36.327234999999995,-6.295514000000001],[-36.287234999999995,-6.295514000000001],[-36.267235,-6.395514],[-36.207235,-6.455514000000001],[-36.127235,-6.475514],[-36.127235,-6.495514],[-36.087235,-6.495514],[-36.087235,-6.475514],[-35.787234999999995,-6.495514],[-35.787234999999995,-6.475514],[-35.647234999999995,-6.455514000000001],[-35.647234999999995,-6.475514],[-35.587235,-6.475514],[-35.587235,-6.495514],[-35.387235,-6.495514],[-35.347235,-6.535514000000001],[-35.287234999999995,-6.535514000000001],[-35.287234999999995,-6.515514],[-35.147234999999995,-6.515514],[-35.147234999999995,-6.535514000000001],[-34.947235,-6.515514],[-34.967234999999995,-6.395514],[-34.987235,-6.395514],[-34.987235,-6.315514],[-35.007234999999994,-6.315514],[-35.007234999999994,-6.235514],[-35.027235,-6.235514],[-35.027235,-6.155514],[-35.047235,-6.155514],[-35.067235,-6.015514],[-35.087235,-6.015514],[-35.087235,-5.9355139999999995],[-35.107234999999996,-5.9355139999999995],[-35.107234999999996,-5.855513999999999],[-35.127235,-5.855513999999999],[-35.147234999999995,-5.715514000000001],[-35.167235,-5.715514000000001],[-35.187234999999994,-5.5555140000000005],[-35.207235,-5.5555140000000005],[-35.207235,-5.495514],[-35.227235,-5.495514],[-35.227235,-5.4355139999999995],[-35.267235,-5.4355139999999995],[-35.527235,-5.175514],[-35.567235,-5.175514],[-35.587235,-5.135514000000001],[-36.487235,-5.095514],[-36.527235,-5.0555140000000005],[-36.647234999999995,-5.035513999999999],[-36.687234999999994,-4.995514],[-36.807235,-4.975514],[-36.847235,-4.9355139999999995],[-36.967234999999995,-4.915514],[-37.007234999999994,-4.875514000000001],[-37.067235,-4.875514000000001],[-37.067235,-4.855513999999999],[-37.127235,-4.855513999999999],[-37.127235,-4.835514],[-37.247234999999996,-4.795514000000001]]]}},{"type":"Feature","properties":{"name":"Rio Grande do Sul","sigla":"RS","ibge_code":"43"},"geometry":{"type":"Polygon","coordinates":[[[-53.887235,-27.055513999999995],[-53.947235,-27.115513999999997],[-53.987235,-27.115513999999997],[-54.007234999999994,-27.155513999999997],[-54.047235,-27.155513999999997],[-54.067235,-27.195513999999996],[-54.107235,-27.195513999999996],[-54.127235,-27.235514000000002],[-54.167235,-27.235514000000002],[-54.187235,-27.275514],[-54.267235,-27.295513999999997],[-54.287234999999995,-27.335513999999996],[-54.327235,-27.335513999999996],[-54.407235,-27.415514],[-54.507234999999994,-27.455514],[-54.527235,-27.495514],[-54.607235,-27.515513999999996],[-54.627235,-27.555513999999995],[-54.707235,-27.575514],[-54.72723499999999,-27.615513999999997],[-54.807235,-27.635514],[-54.827235,-27.675514],[-54.907235,-27.695513999999996],[-54.927234999999996,-27.735514000000002],[-54.967235,-27.735514000000002],[-54.987235,-27.775514],[-55.027235,-27.775514],[-55.08723499999999,-27.835513999999996],[-55.167235,-27.855514],[-55.22723499999999,-27.935513999999998],[-55.267235,-27.935513999999998],[-55.527235,-28.195513999999996],[-55.567235,-28.195513999999996],[-55.667235,-28.315514],[-55.707235,-28.315514],[-55.807235,-28.435513999999998],[-55.847235,-28.435513999999998],[-56.08723499999999,-28.675514],[-56.127235,-28.675514],[-56.22723499999999,-28.795513999999997],[-56.267235,-28.795513999999997],[-56.58723499999999,-29.115513999999997],[-56.58723499999999,-29.155513999999997],[-57.507234999999994,-30.055514000000002],[-57.507234999999994,-30.095514],[-57.627235,-30.195513999999996],[-57.627235,-30.235514000000002],[-57.607235,-30.215514],[-57.487235,-30.215514],[-57.487235,-30.195513999999996],[-57.367234999999994,-30.195513999999996],[-57.367234999999994,-30.175514],[-57.247234999999996,-30.175514],[-57.247234999999996,-30.155513999999997],[-57.127235,-30.155513999999997],[-57.127235,-30.135514],[-57.007234999999994,-30.135514],[-56.987235,-30.115513999999997],[-56.907235,-30.195513999999996],[-56.867234999999994,-30.195513999999996],[-56.827235,-30.255513999999998],[-56.787234999999995,-30.255513999999998],[-56.72723499999999,-30.335513999999996],[-56.687235,-30.335513999999996],[-56.647234999999995,-30.395514],[-56.607235,-30.395514],[-56.547235,-30.475513999999997],[-56.507234999999994,-30.475513999999997],[-56.467235,-30.535514],[-56.427234999999996,-30.535514],[-56.387235,-30.595514],[-56.347235,-30.595514],[-56.287234999999995,-30.675514],[-56.247234999999996,-30.675514],[-56.127235,-30.795513999999997],[-56.08723499999999,-30.795513999999997],[-56.027235,-30.875513999999995],[-55.987235,-30.875513999999995],[-55.987235,-30.895514],[-55.567235,-30.875513999999995],[-55.547235,-30.915514],[-55.507234999999994,-30.915514],[-55.487235,-30.955514],[-55.407235,-30.975513999999997],[-55.327235,-31.055514000000002],[-55.247234999999996,-31.075514],[-55.167235,-31.155513999999997],[-55.08723499999999,-31.175514],[-55.007234999999994,-31.255513999999998],[-54.927234999999996,-31.275514],[-54.847235,-31.355514],[-54.807235,-31.355514],[-54.747234999999996,-31.415514],[-54.667235,-31.435513999999998],[-54.647234999999995,-31.475513999999997],[-54.547235,-31.515513999999996],[-54.527235,-31.555514000000002],[-54.487235,-31.555514000000002],[-54.447235,-31.615513999999997],[-54.347235,-31.655513999999997],[-54.327235,-31.695513999999996],[-54.287234999999995,-31.695513999999996],[-54.247234999999996,-31.755513999999998],[-54.147234999999995,-31.795513999999997],[-54.107235,-31.855514],[-54.067235,-31.855514],[-54.047235,-31.895514],[-53.947235,-31.935513999999998],[-53.907235,-31.995514],[-53.807235,-32.035514],[-53.747234999999996,-32.095514],[-53.747234999999996,-32.135514],[-53.647234999999995,-32.215514],[-53.647234999999995,-32.255514],[-53.527235,-32.355514],[-53.527235,-32.395514],[-53.407235,-32.495514],[-53.407235,-32.535514],[-53.307235,-32.615514],[-53.307235,-32.655514],[-53.22723499999999,-32.715514],[-53.347235,-32.835513999999996],[-53.347235,-32.875513999999995],[-53.667235,-33.195513999999996],[-53.627235,-33.295514],[-53.607235,-33.295514],[-53.607235,-33.335513999999996],[-53.58723499999999,-33.335513999999996],[-53.58723499999999,-33.375513999999995],[-53.567235,-33.375513999999995],[-53.567235,-33.415514],[-53.547235,-33.415514],[-53.547235,-33.455514],[-53.527235,-33.455514],[-53.527235,-33.495514],[-53.507234999999994,-33.495514],[-53.507234999999994,-33.555514],[-53.487235,-33.555514],[-53.467235,-33.635514],[-53.447235,-33.635514],[-53.447235,-33.675514],[-53.427234999999996,-33.675514],[-53.407235,-33.755514],[-53.347235,-33.775514],[-53.287234999999995,-33.695513999999996],[-53.247234999999996,-33.695513999999996],[-53.127235,-33.555514],[-53.08723499999999,-33.555514],[-52.987235,-33.435514],[-52.947235,-33.435514],[-52.847235,-33.315514],[-52.807235,-33.315514],[-52.687235,-33.195513999999996],[-52.607235,-32.995514],[-52.567235,-32.955514],[-52.567235,-32.895514],[-52.527235,-32.855514],[-52.527235,-32.815514],[-52.507234999999994,-32.815514],[-52.507234999999994,-32.775514],[-52.467235,-32.735514],[-52.467235,-32.695513999999996],[-52.447235,-32.695513999999996],[-52.447235,-32.655514],[-52.427234999999996,-32.655514],[-52.407235,-32.575514],[-52.387235,-32.575514],[-52.387235,-32.535514],[-52.367234999999994,-32.535514],[-52.367234999999994,-32.495514],[-52.347235,-32.495514],[-52.347235,-32.435514],[-52.307235,-32.395514],[-52.307235,-32.355514],[-52.287234999999995,-32.355514],[-52.267235,-32.275514],[-52.207235,-32.215514],[-52.167235,-32.215514],[-52.147234999999995,-32.175514],[-52.107235,-32.175514],[-52.067235,-32.115514],[-52.027235,-32.115514],[-52.007234999999994,-32.075514],[-51.907235,-32.035514],[-51.887235,-31.995514],[-51.847235,-31.995514],[-51.827235,-31.955514],[-51.787234999999995,-31.955514],[-51.747234999999996,-31.895514],[-51.647234999999995,-31.855514],[-51.627235,-31.815514],[-51.58723499999999,-31.815514],[-51.507234999999994,-31.715514],[-51.467235,-31.715514],[-51.307235,-31.535514],[-51.267235,-31.535514],[-51.107235,-31.355514],[-51.067235,-31.355514],[-50.907235,-31.175514],[-50.867234999999994,-31.175514],[-50.647234999999995,-30.955514],[-50.627235,-30.875513999999995],[-50.547235,-30.795513999999997],[-50.527235,-30.715514],[-50.487235,-30.695513999999996],[-50.487235,-30.655513999999997],[-50.407235,-30.575514],[-50.387235,-30.495514],[-50.307235,-30.415514],[-50.287234999999995,-30.335513999999996],[-50.247234999999996,-30.315514],[-50.247234999999996,-30.275514],[-50.167235,-30.195513999999996],[-50.147234999999995,-30.115513999999997],[-50.067235,-30.035514],[-50.047235,-29.955514],[-49.967235,-29.875513999999995],[-49.947235,-29.795513999999997],[-49.907235,-29.775514],[-49.907235,-29.735514000000002],[-49.867234999999994,-29.715514],[-49.867234999999994,-29.675514],[-49.807235,-29.615513999999997],[-49.807235,-29.575514],[-49.72723499999999,-29.495514],[-49.707235,-29.415514],[-49.667235,-29.395514],[-49.667235,-29.355514],[-49.72723499999999,-29.295513999999997],[-49.787234999999995,-29.295513999999997],[-49.827235,-29.235514000000002],[-49.927234999999996,-29.215514],[-49.927234999999996,-29.195513999999996],[-49.987235,-29.215514],[-49.987235,-29.235514000000002],[-50.047235,-29.235514000000002],[-50.08723499999999,-29.275514],[-50.08723499999999,-29.315514],[-50.167235,-29.295513999999997],[-50.167235,-29.195513999999996],[-50.08723499999999,-29.115513999999997],[-50.027235,-29.115513999999997],[-49.987235,-29.075514],[-49.987235,-29.035514],[-49.947235,-29.015513999999996],[-49.947235,-28.775514],[-49.907235,-28.755513999999998],[-49.907235,-28.715514],[-49.847235,-28.715514],[-49.787234999999995,-28.615513999999997],[-49.72723499999999,-28.595514],[-49.707235,-28.535514],[-49.747234999999996,-28.495514],[-49.807235,-28.515513999999996],[-49.847235,-28.455514],[-49.887235,-28.455514],[-49.887235,-28.475513999999997],[-49.987235,-28.455514],[-49.987235,-28.475513999999997],[-50.08723499999999,-28.495514],[-50.107235,-28.455514],[-50.187235,-28.475513999999997],[-50.187235,-28.455514],[-50.347235,-28.455514],[-50.347235,-28.435513999999998],[-50.467235,-28.435513999999998],[-50.467235,-28.415514],[-50.607235,-28.395514],[-50.627235,-28.335513999999996],[-50.747234999999996,-28.235514000000002],[-50.767235,-28.155513999999997],[-50.847235,-28.135514],[-50.887235,-28.095514],[-50.867234999999994,-28.035514],[-51.047235,-27.895514],[-51.067235,-27.835513999999996],[-51.107235,-27.835513999999996],[-51.167235,-27.775514],[-51.267235,-27.755513999999998],[-51.327235,-27.655513999999997],[-51.387235,-27.655513999999997],[-51.447235,-27.575514],[-51.527235,-27.575514],[-51.58723499999999,-27.515513999999996],[-51.647234999999995,-27.515513999999996],[-51.647234999999995,-27.495514],[-51.72723499999999,-27.515513999999996],[-51.72723499999999,-27.495514],[-51.767235,-27.495514],[-51.807235,-27.535514],[-51.867234999999994,-27.515513999999996],[-51.907235,-27.455514],[-51.947235,-27.455514],[-51.947235,-27.415514],[-51.987235,-27.395514],[-52.007234999999994,-27.335513999999996],[-52.08723499999999,-27.355514],[-52.167235,-27.275514],[-52.387235,-27.275514],[-52.427234999999996,-27.235514000000002],[-52.467235,-27.235514000000002],[-52.487235,-27.275514],[-52.507234999999994,-27.255513999999998],[-52.747234999999996,-27.255513999999998],[-52.827235,-27.175514],[-52.967235,-27.195513999999996],[-53.007234999999994,-27.135514],[-53.067235,-27.135514],[-53.08723499999999,-27.175514],[-53.127235,-27.175514],[-53.127235,-27.155513999999997],[-53.287234999999995,-27.175514],[-53.287234999999995,-27.115513999999997],[-53.327235,-27.115513999999997],[-53.327235,-27.095514],[-53.387235,-27.095514],[-53.407235,-27.135514],[-53.487235,-27.135514],[-53.487235,-27.175514],[-53.627235,-27.215514],[-53.647234999999995,-27.175514],[-53.72723499999999,-27.175514],[-53.747234999999996,-27.195513999999996],[-53.887235,-27.055513999999995]]]}},{"type":"Feature","properties":{"name":"Rondônia","sigla":"RO","ibge_code":"11"},"geometry":{"type":"Polygon","coordinates":[[[-63.547235,-8.015514],[-63.587235,-8.115514],[-63.607234999999996,-8.115514],[-63.607234999999996,-8.155514],[-63.627235,-8.155514],[-63.647234999999995,-8.255514],[-63.687235,-8.295514],[-63.867234999999994,-8.275514],[-63.887235,-8.315514],[-63.927234999999996,-8.315514],[-63.947235,-8.395514],[-64.007235,-8.435514],[-64.007235,-8.475514],[-63.947235,-8.515514],[-63.967235,-8.655514],[-64.007235,-8.695514],[-64.047235,-8.675514],[-64.08723499999999,-8.715514],[-64.08723499999999,-8.775514],[-64.187235,-8.875514],[-64.267235,-8.895514],[-64.267235,-8.915514],[-64.327235,-8.915514],[-64.327235,-8.935514],[-64.407235,-8.935514],[-64.407235,-8.955514],[-64.607235,-8.975514],[-64.707235,-9.075514],[-64.907235,-9.155514],[-64.987235,-9.235514],[-65.02723499999999,-9.355514],[-65.047235,-9.355514],[-65.047235,-9.395514],[-65.08723499999999,-9.435514],[-65.147235,-9.435514],[-65.187235,-9.395514],[-65.30723499999999,-9.395514],[-65.367235,-9.455514],[-65.44723499999999,-9.475514],[-65.467235,-9.515514],[-65.547235,-9.515514],[-65.567235,-9.535514000000001],[-65.567235,-9.515514],[-65.647235,-9.515514],[-65.647235,-9.495514],[-65.747235,-9.475514],[-65.767235,-9.435514],[-65.80723499999999,-9.435514],[-65.867235,-9.375514],[-66.02723499999999,-9.375514],[-66.02723499999999,-9.395514],[-66.107235,-9.395514],[-66.107235,-9.415514],[-66.287235,-9.415514],[-66.287235,-9.395514],[-66.327235,-9.395514],[-66.327235,-9.415514],[-66.387235,-9.435514],[-66.427235,-9.595514],[-66.507235,-9.675514],[-66.767235,-9.755514],[-66.80723499999999,-9.795514],[-66.80723499999999,-9.835514],[-66.767235,-9.875514],[-66.647235,-9.915514],[-66.647235,-9.935514],[-66.507235,-9.935514],[-66.507235,-9.915514],[-66.367235,-9.915514],[-66.367235,-9.895514],[-66.207235,-9.895514],[-66.207235,-9.875514],[-66.047235,-9.875514],[-66.047235,-9.855514],[-65.887235,-9.855514],[-65.887235,-9.835514],[-65.747235,-9.835514],[-65.747235,-9.815514],[-65.58723499999999,-9.815514],[-65.58723499999999,-9.795514],[-65.347235,-9.775514],[-65.347235,-9.815514],[-65.367235,-9.815514],[-65.367235,-9.955514],[-65.387235,-9.955514],[-65.387235,-10.095514],[-65.407235,-10.095514],[-65.407235,-10.235514],[-65.427235,-10.235514],[-65.427235,-10.375514],[-65.44723499999999,-10.375514],[-65.44723499999999,-10.575514],[-65.427235,-10.575514],[-65.387235,-10.755514],[-65.367235,-10.755514],[-65.367235,-10.835514000000002],[-65.347235,-10.835514000000002],[-65.347235,-10.895514],[-65.327235,-10.895514],[-65.327235,-10.935514],[-65.347235,-10.935514],[-65.347235,-11.095514],[-65.367235,-11.095514],[-65.367235,-11.255514],[-65.387235,-11.255514],[-65.407235,-11.595514],[-65.367235,-11.595514],[-65.167235,-11.795513999999999],[-65.127235,-11.795513999999999],[-65.047235,-11.895514],[-65.007235,-11.895514],[-64.827235,-12.075514],[-64.787235,-12.075514],[-64.707235,-12.175514000000002],[-64.667235,-12.175514000000002],[-64.607235,-12.255514],[-64.567235,-12.255514],[-64.367235,-12.455513999999999],[-64.227235,-12.475513999999999],[-64.227235,-12.495514000000002],[-64.107235,-12.495514000000002],[-64.107235,-12.515514000000001],[-63.967235,-12.515514000000001],[-63.967235,-12.535514000000001],[-63.827235,-12.535514000000001],[-63.827235,-12.555514],[-63.687235,-12.555514],[-63.687235,-12.575514],[-63.547235,-12.575514],[-63.547235,-12.595514],[-63.207235,-12.635513999999999],[-62.827235,-13.015514000000001],[-62.687235,-13.035514000000001],[-62.687235,-13.055514],[-62.567235,-13.075514],[-62.567235,-13.095514],[-62.427234999999996,-13.115514],[-62.427234999999996,-13.135513999999999],[-62.347235,-13.135513999999999],[-62.347235,-13.155514000000002],[-62.287234999999995,-13.155514000000002],[-62.287234999999995,-13.175514000000002],[-62.147234999999995,-13.195514000000001],[-62.087235,-13.255514],[-62.047235,-13.255514],[-62.007234999999994,-13.315513999999999],[-61.967235,-13.315513999999999],[-61.947235,-13.355514000000001],[-61.847235,-13.395514],[-61.807235,-13.455513999999999],[-61.767235,-13.455513999999999],[-61.747234999999996,-13.495514000000002],[-61.067235,-13.495514000000002],[-61.067235,-13.515514000000001],[-61.027235,-13.515514000000001],[-61.027235,-13.535514000000001],[-60.987235,-13.535514000000001],[-60.987235,-13.555514],[-60.947235,-13.555514],[-60.947235,-13.575514],[-60.907235,-13.575514],[-60.907235,-13.595514],[-60.867234999999994,-13.595514],[-60.867234999999994,-13.615514],[-60.827235,-13.615514],[-60.827235,-13.635513999999999],[-60.727235,-13.675514000000002],[-60.627235,-13.575514],[-60.587235,-13.575514],[-60.567235,-13.535514000000001],[-60.487235,-13.515514000000001],[-60.467235,-13.475513999999999],[-60.427234999999996,-13.475513999999999],[-60.367234999999994,-13.415514],[-60.347235,-13.255514],[-60.307235,-13.235514],[-60.307235,-13.195514000000001],[-60.267235,-13.155514000000002],[-60.267235,-13.035514000000001],[-60.187235,-12.955513999999999],[-60.107234999999996,-12.955513999999999],[-60.047235,-12.895514],[-60.047235,-12.855514000000001],[-60.027235,-12.855514000000001],[-60.047235,-12.715514],[-60.007234999999994,-12.715514],[-59.887235,-12.595514],[-59.887235,-12.555514],[-59.847235,-12.515514000000001],[-59.867234999999994,-12.075514],[-59.927234999999996,-12.035514000000001],[-59.947235,-11.895514],[-60.047235,-11.835514000000002],[-60.047235,-11.735514],[-60.067235,-11.735514],[-60.047235,-11.555514],[-59.967235,-11.475513999999999],[-59.927234999999996,-11.475513999999999],[-59.887235,-11.435514],[-59.887235,-11.355514000000001],[-59.907235,-11.355514000000001],[-59.907235,-11.295513999999999],[-59.927234999999996,-11.295513999999999],[-59.907235,-11.235514],[-59.967235,-11.175514000000002],[-60.047235,-11.175514000000002],[-60.067235,-11.135513999999999],[-60.247234999999996,-11.135513999999999],[-60.267235,-11.095514],[-60.347235,-11.115514],[-60.407235,-11.015514000000001],[-61.087235,-11.015514000000001],[-61.127235,-10.915514],[-61.147234999999995,-10.915514],[-61.147234999999995,-10.875514],[-61.207235,-10.835514000000002],[-61.207235,-10.795513999999999],[-61.247234999999996,-10.755514],[-61.287234999999995,-10.755514],[-61.407235,-10.635513999999999],[-61.407235,-10.595514],[-61.447235,-10.575514],[-61.447235,-10.535514000000001],[-61.487235,-10.495514000000002],[-61.487235,-10.415514],[-61.507234999999994,-10.415514],[-61.507234999999994,-10.175514],[-61.487235,-10.175514],[-61.467235,-10.075514],[-61.447235,-10.075514],[-61.447235,-10.035514000000001],[-61.407235,-9.995514],[-61.407235,-9.935514],[-61.387235,-9.935514],[-61.387235,-9.875514],[-61.367234999999994,-9.875514],[-61.367234999999994,-9.815514],[-61.347235,-9.815514],[-61.347235,-9.735514],[-61.327235,-9.735514],[-61.327235,-9.455514],[-61.347235,-9.455514],[-61.367234999999994,-9.295514],[-61.387235,-9.295514],[-61.387235,-9.215514],[-61.407235,-9.215514],[-61.407235,-9.135514],[-61.427234999999996,-9.135514],[-61.427234999999996,-8.975514],[-61.387235,-8.935514],[-61.387235,-8.835514],[-61.447235,-8.775514],[-61.907235,-8.695514],[-61.967235,-8.635514],[-62.007234999999994,-8.635514],[-62.027235,-8.595514],[-62.107234999999996,-8.575514],[-62.107234999999996,-8.555514],[-62.167235,-8.555514],[-62.167235,-8.535514000000001],[-62.227235,-8.535514000000001],[-62.227235,-8.515514],[-62.387235,-8.475514],[-62.647234999999995,-8.215514],[-62.647234999999995,-8.175514],[-62.707235,-8.135514],[-62.707235,-8.095514],[-62.727235,-8.095514],[-62.727235,-8.055514],[-62.767235,-8.015514],[-63.547235,-8.015514]]]}},{"type":"Feature","properties":{"name":"Roraima","sigla":"RR","ibge_code":"14"},"geometry":{"type":"Polygon","coordinates":[[[-60.467235,5.244486],[-60.467235,5.224486000000001],[-60.687235,5.224486000000001],[-60.687235,5.204486],[-60.747234999999996,5.204486],[-60.727235,5.124486],[-60.707235,5.124486],[-60.687235,5.044486],[-60.667235,5.044486],[-60.667235,5.004486],[-60.627235,4.964486],[-60.627235,4.904486],[-60.787234999999995,4.764486],[-60.787234999999995,4.724486000000001],[-60.967235,4.544486],[-61.127235,4.504486],[-61.127235,4.484486],[-61.187235,4.484486],[-61.187235,4.464486],[-61.247234999999996,4.464486],[-61.247234999999996,4.444486],[-61.307235,4.444486],[-61.307235,4.424486],[-61.367234999999994,4.424486],[-61.367234999999994,4.404486],[-61.427234999999996,4.404486],[-61.427234999999996,4.384486],[-61.487235,4.384486],[-61.487235,4.364486],[-61.547235,4.364486],[-61.547235,4.344486],[-61.607234999999996,4.344486],[-61.607234999999996,4.324486],[-61.667235,4.324486],[-61.667235,4.304486000000001],[-61.727235,4.304486000000001],[-61.727235,4.284486],[-61.787234999999995,4.284486],[-61.787234999999995,4.264486],[-61.847235,4.264486],[-61.847235,4.244486],[-61.907235,4.244486],[-61.907235,4.224486000000001],[-61.967235,4.224486000000001],[-61.967235,4.204486],[-62.027235,4.204486],[-62.027235,4.184486],[-62.087235,4.184486],[-62.087235,4.164486],[-62.367234999999994,4.124486],[-62.367234999999994,4.104486],[-62.547235,4.084486],[-62.547235,4.0644860000000005],[-62.647234999999995,4.0644860000000005],[-62.647234999999995,4.044486],[-62.727235,4.044486],[-62.727235,4.0244860000000005],[-62.827235,4.0244860000000005],[-62.907235,3.924486],[-62.947235,3.924486],[-63.087235,3.7844860000000002],[-63.247234999999996,3.8244860000000003],[-63.247234999999996,3.844486],[-63.327235,3.844486],[-63.327235,3.8644860000000003],[-63.447235,3.884486],[-63.447235,3.9044860000000003],[-63.627235,3.9444860000000004],[-63.627235,3.964486],[-63.707235,3.964486],[-63.707235,3.9844860000000004],[-63.827235,4.004486],[-63.827235,4.0244860000000005],[-64.007235,4.044486],[-64.007235,4.0644860000000005],[-64.127235,4.0644860000000005],[-64.127235,4.084486],[-64.247235,4.084486],[-64.247235,4.104486],[-64.367235,4.104486],[-64.367235,4.124486],[-64.487235,4.124486],[-64.487235,4.144486000000001],[-64.58723499999999,4.144486000000001],[-64.58723499999999,4.164486],[-64.647235,4.164486],[-64.647235,4.144486000000001],[-64.687235,4.144486000000001],[-64.687235,4.124486],[-64.727235,4.124486],[-64.727235,4.104486],[-64.827235,4.0644860000000005],[-64.80723499999999,4.0244860000000005],[-64.727235,4.004486],[-64.707235,3.964486],[-64.627235,3.9444860000000004],[-64.607235,3.9044860000000003],[-64.567235,3.9044860000000003],[-64.567235,3.884486],[-64.487235,3.8644860000000003],[-64.467235,3.8244860000000003],[-64.387235,3.8044860000000003],[-64.387235,3.504486],[-64.407235,3.504486],[-64.407235,3.164486],[-64.427235,3.164486],[-64.427235,3.104486],[-64.407235,3.104486],[-64.407235,3.024486],[-64.387235,3.024486],[-64.387235,2.9244860000000004],[-64.367235,2.9244860000000004],[-64.367235,2.8444860000000003],[-64.347235,2.8444860000000003],[-64.347235,2.744486],[-64.327235,2.744486],[-64.327235,2.664486],[-64.30723499999999,2.664486],[-64.287235,2.484486],[-63.427234999999996,2.4044860000000003],[-63.407235,2.264486],[-63.387235,2.264486],[-63.387235,2.204486],[-63.427234999999996,2.204486],[-63.427234999999996,2.164486],[-63.387235,2.164486],[-63.307235,2.064486],[-63.267235,2.064486],[-63.207235,1.984486],[-63.167235,1.984486],[-63.127235,1.924486],[-63.087235,1.924486],[-63.027235,1.8444860000000003],[-62.987235,1.8444860000000003],[-62.887235,1.7444860000000002],[-62.787234999999995,1.4844860000000004],[-62.747234999999996,1.464486],[-62.747234999999996,1.424486],[-62.627235,1.3044859999999998],[-62.607234999999996,1.1444859999999997],[-62.547235,1.084486],[-62.547235,1.044486],[-62.527235,1.044486],[-62.527235,1.004486],[-62.487235,0.964486],[-62.487235,0.8244860000000003],[-62.467235,0.8244860000000003],[-62.467235,0.7044860000000002],[-62.487235,0.7044860000000002],[-62.487235,0.3044859999999998],[-62.467235,0.3044859999999998],[-62.467235,0.20448600000000017],[-62.447235,0.20448600000000017],[-62.427234999999996,0.044486000000000026],[-62.407235,0.044486000000000026],[-62.407235,-0.27551400000000026],[-62.367234999999994,-0.3155140000000003],[-62.367234999999994,-0.47551399999999955],[-62.307235,-0.5155139999999996],[-62.307235,-0.5955139999999997],[-62.287234999999995,-0.5955139999999997],[-62.367234999999994,-0.7155139999999998],[-62.487235,-0.7155139999999998],[-62.487235,-0.7955139999999998],[-62.427234999999996,-0.8155140000000003],[-62.167235,-1.075514],[-62.107234999999996,-1.075514],[-62.067235,-1.1355139999999997],[-62.027235,-1.1355139999999997],[-61.987235,-1.1755139999999997],[-61.987235,-1.2155139999999998],[-61.907235,-1.2755140000000003],[-61.907235,-1.3155140000000003],[-61.887235,-1.3155140000000003],[-61.887235,-1.3555140000000003],[-61.847235,-1.3955140000000004],[-61.827235,-1.375514],[-61.727235,-1.375514],[-61.707235,-1.415514],[-61.607234999999996,-1.3955140000000004],[-61.607234999999996,-1.2355140000000002],[-61.587235,-1.2355140000000002],[-61.587235,-1.1755139999999997],[-61.567235,-1.1755139999999997],[-61.567235,-1.0555139999999996],[-61.547235,-1.0555139999999996],[-61.547235,-1.0155139999999996],[-61.567235,-1.0155139999999996],[-61.567235,-0.8555140000000003],[-61.547235,-0.8555140000000003],[-61.527235,-0.7155139999999998],[-61.467235,-0.6755139999999997],[-61.467235,-0.6355139999999997],[-61.407235,-0.6355139999999997],[-61.407235,-0.6155140000000001],[-61.367234999999994,-0.6155140000000001],[-61.327235,-0.5755140000000001],[-61.267235,-0.5755140000000001],[-61.227235,-0.535514],[-61.227235,-0.495514],[-61.087235,-0.495514],[-61.027235,-0.5555139999999996],[-60.927234999999996,-0.5555139999999996],[-60.907235,-0.6155140000000001],[-60.787234999999995,-0.6955140000000002],[-60.787234999999995,-0.7555139999999998],[-60.747234999999996,-0.7955139999999998],[-60.747234999999996,-0.8355139999999999],[-60.647234999999995,-0.8755139999999999],[-60.627235,-0.8355139999999999],[-60.527235,-0.8355139999999999],[-60.467235,-0.7355140000000002],[-60.387235,-0.7355140000000002],[-60.387235,-0.7155139999999998],[-60.307235,-0.6955140000000002],[-60.307235,-0.6155140000000001],[-60.387235,-0.535514],[-60.367234999999994,-0.41551399999999994],[-60.327235,-0.3755139999999999],[-60.227235,-0.35551400000000033],[-60.027235,-0.15551400000000015],[-60.047235,-0.09551399999999965],[-60.067235,-0.09551399999999965],[-60.047235,0.024486000000000452],[-60.007234999999994,0.06448600000000049],[-59.967235,0.06448600000000049],[-59.967235,0.08448600000000006],[-59.927234999999996,0.08448600000000006],[-59.867234999999994,0.14448599999999967],[-59.847235,0.22448599999999974],[-58.847235,0.22448599999999974],[-58.847235,0.2644859999999998],[-58.827235,0.2644859999999998],[-58.847235,0.28448600000000024],[-58.847235,0.46448599999999995],[-58.867234999999994,0.46448599999999995],[-58.867234999999994,0.6244860000000001],[-58.887235,0.6244860000000001],[-58.907235,0.964486],[-58.927234999999996,0.964486],[-58.927234999999996,1.1444859999999997],[-58.947235,1.1444859999999997],[-58.947235,1.2444860000000002],[-58.887235,1.2844860000000002],[-58.887235,1.3244860000000003],[-59.027235,1.3244860000000003],[-59.047235,1.3644860000000003],[-59.087235,1.3644860000000003],[-59.127235,1.424486],[-59.167235,1.424486],[-59.207235,1.4844860000000004],[-59.247234999999996,1.4844860000000004],[-59.287234999999995,1.544486],[-59.327235,1.544486],[-59.387235,1.624486],[-59.427234999999996,1.624486],[-59.467235,1.6844859999999997],[-59.507234999999994,1.6844859999999997],[-59.547235,1.7444860000000002],[-59.587235,1.7444860000000002],[-59.647234999999995,1.8044860000000003],[-59.707235,2.2844860000000002],[-59.727235,2.2844860000000002],[-59.787234999999995,2.444486],[-59.827235,2.464486],[-59.827235,2.504486],[-59.847235,2.504486],[-59.867234999999994,2.584486],[-59.887235,2.584486],[-59.887235,2.624486],[-59.907235,2.624486],[-59.927234999999996,2.704486],[-59.947235,2.704486],[-59.947235,2.744486],[-59.967235,2.744486],[-59.807235,3.604486],[-59.687235,3.724486],[-59.687235,3.764486],[-59.627235,3.8044860000000003],[-59.627235,3.844486],[-59.547235,3.9044860000000003],[-59.527235,3.9844860000000004],[-59.547235,3.9844860000000004],[-59.567235,4.0644860000000005],[-59.587235,4.0644860000000005],[-59.607234999999996,4.144486000000001],[-59.647234999999995,4.184486],[-59.647234999999995,4.224486000000001],[-59.687235,4.264486],[-59.747234999999996,4.424486],[-60.087235,4.584486],[-60.087235,4.644486000000001],[-60.067235,4.644486000000001],[-60.067235,4.704486],[-60.047235,4.704486],[-60.047235,4.784486],[-60.027235,4.784486],[-60.027235,4.844486],[-60.007234999999994,4.844486],[-60.007234999999994,4.924486],[-59.987235,4.924486],[-59.967235,5.0244860000000005],[-60.187235,5.244486],[-60.467235,5.244486]]]}},{"type":"Feature","properties":{"name":"Santa Catarina","sigla":"SC","ibge_code":"42"},"geometry":{"type":"Polygon","coordinates":[[[-48.687235,-25.975514000000004],[-48.687235,-25.995514],[-48.947235,-25.995514],[-48.947235,-26.015514000000003],[-49.107235,-26.015514000000003],[-49.127235,-25.995514],[-49.167235,-26.035514],[-49.22723499999999,-26.035514],[-49.347235,-26.155514000000004],[-49.467235,-26.175514],[-49.507234999999994,-26.235514000000002],[-49.647234999999995,-26.215514],[-49.747234999999996,-26.115513999999997],[-49.827235,-26.095514],[-49.867234999999994,-26.035514],[-49.927234999999996,-26.035514],[-49.927234999999996,-26.015514000000003],[-50.007234999999994,-26.015514000000003],[-50.007234999999994,-26.035514],[-50.067235,-26.035514],[-50.067235,-26.055514000000002],[-50.287234999999995,-26.035514],[-50.347235,-26.095514],[-50.447235,-26.055514000000002],[-50.447235,-26.035514],[-50.58723499999999,-26.035514],[-50.58723499999999,-26.055514000000002],[-50.647234999999995,-26.075514],[-50.667235,-26.155514000000004],[-50.747234999999996,-26.235514000000002],[-50.807235,-26.235514000000002],[-50.807235,-26.255513999999998],[-51.047235,-26.255513999999998],[-51.047235,-26.235514000000002],[-51.08723499999999,-26.235514000000002],[-51.127235,-26.295513999999997],[-51.207235,-26.295513999999997],[-51.247234999999996,-26.335513999999996],[-51.247234999999996,-26.395514],[-51.287234999999995,-26.415514],[-51.267235,-26.535514],[-51.247234999999996,-26.535514],[-51.22723499999999,-26.615513999999997],[-51.267235,-26.655513999999997],[-51.307235,-26.655513999999997],[-51.307235,-26.675514],[-51.387235,-26.675514],[-51.387235,-26.695513999999996],[-51.427234999999996,-26.695513999999996],[-51.487235,-26.615513999999997],[-52.007234999999994,-26.595514],[-52.007234999999994,-26.575514],[-52.047235,-26.575514],[-52.167235,-26.455514],[-52.427234999999996,-26.455514],[-52.427234999999996,-26.435513999999998],[-52.487235,-26.435513999999998],[-52.487235,-26.415514],[-52.627235,-26.415514],[-52.647234999999995,-26.375513999999995],[-52.72723499999999,-26.375513999999995],[-52.72723499999999,-26.355514],[-53.127235,-26.375513999999995],[-53.147234999999995,-26.335513999999996],[-53.22723499999999,-26.315514],[-53.267235,-26.255513999999998],[-53.407235,-26.255513999999998],[-53.447235,-26.295513999999997],[-53.647234999999995,-26.275514],[-53.647234999999995,-26.855514],[-53.667235,-26.855514],[-53.667235,-26.935513999999998],[-53.707235,-26.935513999999998],[-53.767235,-26.995514],[-53.807235,-26.995514],[-53.827235,-27.035514],[-53.867234999999994,-27.035514],[-53.867234999999994,-27.095514],[-53.807235,-27.155513999999997],[-53.767235,-27.155513999999997],[-53.747234999999996,-27.195513999999996],[-53.72723499999999,-27.175514],[-53.647234999999995,-27.175514],[-53.627235,-27.215514],[-53.487235,-27.175514],[-53.487235,-27.135514],[-53.407235,-27.135514],[-53.387235,-27.095514],[-53.327235,-27.095514],[-53.327235,-27.115513999999997],[-53.287234999999995,-27.115513999999997],[-53.287234999999995,-27.175514],[-53.167235,-27.175514],[-53.167235,-27.155513999999997],[-53.08723499999999,-27.175514],[-53.067235,-27.135514],[-53.007234999999994,-27.135514],[-52.967235,-27.195513999999996],[-52.827235,-27.175514],[-52.747234999999996,-27.255513999999998],[-52.507234999999994,-27.255513999999998],[-52.487235,-27.275514],[-52.467235,-27.235514000000002],[-52.427234999999996,-27.235514000000002],[-52.387235,-27.275514],[-52.167235,-27.275514],[-52.08723499999999,-27.355514],[-52.007234999999994,-27.335513999999996],[-51.987235,-27.395514],[-51.947235,-27.415514],[-51.947235,-27.455514],[-51.907235,-27.455514],[-51.827235,-27.535514],[-51.767235,-27.515513999999996],[-51.767235,-27.495514],[-51.72723499999999,-27.495514],[-51.72723499999999,-27.515513999999996],[-51.647234999999995,-27.495514],[-51.647234999999995,-27.515513999999996],[-51.547235,-27.535514],[-51.527235,-27.575514],[-51.447235,-27.575514],[-51.387235,-27.655513999999997],[-51.327235,-27.655513999999997],[-51.267235,-27.755513999999998],[-51.167235,-27.775514],[-51.107235,-27.835513999999996],[-51.067235,-27.835513999999996],[-51.027235,-27.915514],[-50.987235,-27.955514],[-50.947235,-27.955514],[-50.867234999999994,-28.035514],[-50.887235,-28.095514],[-50.847235,-28.135514],[-50.767235,-28.155513999999997],[-50.747234999999996,-28.235514000000002],[-50.627235,-28.335513999999996],[-50.607235,-28.395514],[-50.467235,-28.415514],[-50.467235,-28.435513999999998],[-50.347235,-28.435513999999998],[-50.347235,-28.455514],[-50.187235,-28.455514],[-50.187235,-28.475513999999997],[-50.107235,-28.455514],[-50.08723499999999,-28.495514],[-49.987235,-28.475513999999997],[-49.987235,-28.455514],[-49.947235,-28.455514],[-49.947235,-28.475513999999997],[-49.847235,-28.455514],[-49.807235,-28.515513999999996],[-49.747234999999996,-28.495514],[-49.707235,-28.535514],[-49.707235,-28.575514],[-49.747234999999996,-28.615513999999997],[-49.787234999999995,-28.615513999999997],[-49.847235,-28.715514],[-49.907235,-28.715514],[-49.907235,-28.755513999999998],[-49.947235,-28.775514],[-49.947235,-29.015513999999996],[-49.987235,-29.035514],[-49.987235,-29.075514],[-50.027235,-29.115513999999997],[-50.08723499999999,-29.115513999999997],[-50.167235,-29.195513999999996],[-50.167235,-29.295513999999997],[-50.08723499999999,-29.315514],[-50.08723499999999,-29.275514],[-50.047235,-29.235514000000002],[-49.987235,-29.235514000000002],[-49.987235,-29.215514],[-49.927234999999996,-29.195513999999996],[-49.927234999999996,-29.215514],[-49.827235,-29.235514000000002],[-49.787234999999995,-29.295513999999997],[-49.72723499999999,-29.295513999999997],[-49.687235,-29.355514],[-49.647234999999995,-29.355514],[-49.547235,-29.195513999999996],[-49.507234999999994,-29.195513999999996],[-49.447235,-29.115513999999997],[-49.407235,-29.115513999999997],[-49.347235,-29.035514],[-49.307235,-29.035514],[-49.267235,-28.975513999999997],[-49.22723499999999,-28.975513999999997],[-49.167235,-28.895514],[-49.127235,-28.895514],[-49.067235,-28.815514],[-49.027235,-28.815514],[-48.987235,-28.755513999999998],[-48.947235,-28.755513999999998],[-48.867234999999994,-28.675514],[-48.827235,-28.555514000000002],[-48.807235,-28.555514000000002],[-48.807235,-28.515513999999996],[-48.767235,-28.475513999999997],[-48.767235,-28.415514],[-48.747234999999996,-28.415514],[-48.687235,-28.255513999999998],[-48.647234999999995,-28.215514],[-48.607235,-27.895514],[-48.58723499999999,-27.895514],[-48.58723499999999,-27.795513999999997],[-48.567235,-27.795513999999997],[-48.567235,-27.695513999999996],[-48.547235,-27.695513999999996],[-48.547235,-27.575514],[-48.527235,-27.575514],[-48.527235,-27.475513999999997],[-48.507234999999994,-27.475513999999997],[-48.507234999999994,-27.355514],[-48.487235,-27.355514],[-48.487235,-27.255513999999998],[-48.467235,-27.255513999999998],[-48.467235,-27.115513999999997],[-48.487235,-27.115513999999997],[-48.507234999999994,-26.995514],[-48.527235,-26.995514],[-48.527235,-26.915514],[-48.547235,-26.915514],[-48.58723499999999,-26.735514000000002],[-48.607235,-26.735514000000002],[-48.607235,-26.655513999999997],[-48.627235,-26.655513999999997],[-48.627235,-26.555513999999995],[-48.607235,-26.555513999999995],[-48.607235,-26.455514],[-48.58723499999999,-26.455514],[-48.58723499999999,-26.355514],[-48.567235,-26.355514],[-48.567235,-26.255513999999998],[-48.547235,-26.255513999999998],[-48.547235,-26.155514000000004],[-48.527235,-26.155514000000004],[-48.507234999999994,-25.995514],[-48.687235,-25.975514000000004]]]}},{"type":"Feature","properties":{"name":"São Paulo","sigla":"SP","ibge_code":"35"},"geometry":{"type":"Polygon","coordinates":[[[-50.527235,-19.795513999999997],[-50.527235,-19.815514],[-50.627235,-19.855514],[-50.627235,-19.895514],[-50.667235,-19.935513999999998],[-50.827235,-19.955514],[-50.867234999999994,-19.995514],[-50.987235,-20.035514],[-51.007234999999994,-20.055514000000002],[-51.007234999999994,-20.195514000000003],[-51.027235,-20.195514000000003],[-51.027235,-20.235514000000002],[-51.067235,-20.275514],[-51.107235,-20.275514],[-51.147234999999995,-20.315514],[-51.267235,-20.315514],[-51.287234999999995,-20.355514],[-51.327235,-20.355514],[-51.367234999999994,-20.395514],[-51.367234999999994,-20.435513999999998],[-51.447235,-20.495514],[-51.447235,-20.535514],[-51.487235,-20.575514],[-51.58723499999999,-20.615513999999997],[-51.58723499999999,-20.655514000000004],[-51.607235,-20.655514000000004],[-51.607235,-20.875514000000003],[-51.747234999999996,-20.995514],[-51.787234999999995,-21.095514],[-51.867234999999994,-21.135514],[-51.847235,-21.335514000000003],[-51.907235,-21.375514000000003],[-51.907235,-21.435513999999998],[-51.927234999999996,-21.435513999999998],[-51.927234999999996,-21.475513999999997],[-51.967235,-21.515514000000003],[-52.067235,-21.515514000000003],[-52.08723499999999,-21.535514],[-52.067235,-21.615513999999997],[-52.027235,-21.635514],[-52.047235,-21.715514],[-52.147234999999995,-21.775514],[-52.147234999999995,-21.835514000000003],[-52.307235,-21.975513999999997],[-52.347235,-22.095514],[-52.467235,-22.215514],[-52.667235,-22.295513999999997],[-52.667235,-22.315514],[-52.707235,-22.315514],[-52.807235,-22.415514],[-52.847235,-22.415514],[-52.867234999999994,-22.455514],[-52.967235,-22.475513999999997],[-53.007234999999994,-22.515514000000003],[-53.007234999999994,-22.575514],[-52.907235,-22.575514],[-52.907235,-22.595514],[-52.827235,-22.595514],[-52.827235,-22.615513999999997],[-52.667235,-22.615513999999997],[-52.627235,-22.575514],[-52.567235,-22.575514],[-52.507234999999994,-22.635514],[-52.487235,-22.615513999999997],[-52.347235,-22.615513999999997],[-52.347235,-22.635514],[-52.327235,-22.615513999999997],[-52.22723499999999,-22.615513999999997],[-52.22723499999999,-22.635514],[-52.187235,-22.635514],[-52.127235,-22.535514],[-52.027235,-22.535514],[-52.027235,-22.555514000000002],[-51.927234999999996,-22.575514],[-51.867234999999994,-22.635514],[-51.72723499999999,-22.635514],[-51.687235,-22.675514],[-51.627235,-22.655514000000004],[-51.58723499999999,-22.695514000000003],[-51.467235,-22.695514000000003],[-51.447235,-22.655514000000004],[-51.267235,-22.655514000000004],[-51.207235,-22.735514000000002],[-51.127235,-22.755513999999998],[-51.127235,-22.775514],[-50.867234999999994,-22.815514],[-50.787234999999995,-22.895514],[-50.767235,-22.975513999999997],[-50.72723499999999,-22.975513999999997],[-50.687235,-22.915514],[-50.607235,-22.915514],[-50.607235,-22.935513999999998],[-50.547235,-22.915514],[-50.507234999999994,-22.955514],[-50.427234999999996,-22.955514],[-50.427234999999996,-22.935513999999998],[-50.08723499999999,-22.955514],[-50.047235,-22.915514],[-49.987235,-22.915514],[-49.907235,-22.995514],[-49.907235,-23.035514],[-49.867234999999994,-23.075514],[-49.807235,-23.075514],[-49.807235,-23.095514],[-49.72723499999999,-23.115513999999997],[-49.647234999999995,-23.195514000000003],[-49.647234999999995,-23.235514000000002],[-49.627235,-23.235514000000002],[-49.627235,-23.395514],[-49.607235,-23.395514],[-49.607235,-23.435513999999998],[-49.647234999999995,-23.475513999999997],[-49.647234999999995,-23.535514],[-49.627235,-23.535514],[-49.627235,-23.635514],[-49.547235,-23.695514000000003],[-49.547235,-23.815514],[-49.58723499999999,-23.835514000000003],[-49.58723499999999,-23.895514],[-49.487235,-23.975513999999997],[-49.487235,-24.015514000000003],[-49.407235,-24.095514],[-49.367234999999994,-24.095514],[-49.327235,-24.135514],[-49.327235,-24.235514000000002],[-49.287234999999995,-24.255513999999998],[-49.267235,-24.335514000000003],[-49.22723499999999,-24.335514000000003],[-49.247234999999996,-24.435513999999998],[-49.287234999999995,-24.455514],[-49.267235,-24.515514000000003],[-49.307235,-24.535514],[-49.287234999999995,-24.675514],[-49.267235,-24.695514000000003],[-49.067235,-24.695514000000003],[-49.067235,-24.675514],[-48.987235,-24.655514000000004],[-48.967235,-24.695514000000003],[-48.887235,-24.695514000000003],[-48.887235,-24.675514],[-48.567235,-24.695514000000003],[-48.487235,-24.775514],[-48.547235,-24.815514],[-48.547235,-24.975513999999997],[-48.58723499999999,-24.995514],[-48.58723499999999,-25.035514],[-48.547235,-25.075514],[-48.487235,-25.075514],[-48.447235,-25.035514],[-48.427234999999996,-24.955514],[-48.327235,-24.955514],[-48.307235,-24.935513999999998],[-48.247234999999996,-24.995514],[-48.247234999999996,-25.035514],[-48.187235,-25.095514],[-48.187235,-25.135514],[-48.167235,-25.135514],[-48.167235,-25.215514],[-48.107235,-25.235514000000002],[-48.107235,-25.275514],[-48.067235,-25.295513999999997],[-48.047235,-25.355514],[-47.947235,-25.275514],[-47.947235,-25.235514000000002],[-47.827235,-25.135514],[-47.827235,-25.095514],[-47.707235,-24.995514],[-47.707235,-24.955514],[-47.627235,-24.875514000000003],[-47.58723499999999,-24.875514000000003],[-47.567235,-24.835514000000003],[-47.467235,-24.795513999999997],[-47.427234999999996,-24.735514000000002],[-47.387235,-24.735514000000002],[-47.307235,-24.655514000000004],[-47.267235,-24.655514000000004],[-47.247234999999996,-24.615513999999997],[-47.147234999999995,-24.575514],[-47.127235,-24.535514],[-47.08723499999999,-24.535514],[-47.067235,-24.495514],[-47.027235,-24.495514],[-47.007234999999994,-24.455514],[-46.907235,-24.415514],[-46.887235,-24.375514000000003],[-46.847235,-24.375514000000003],[-46.827235,-24.335514000000003],[-46.787234999999995,-24.335514000000003],[-46.747234999999996,-24.275514],[-46.647234999999995,-24.235514000000002],[-46.627235,-24.195514000000003],[-46.58723499999999,-24.195514000000003],[-46.507234999999994,-24.115513999999997],[-46.407235,-24.095514],[-46.407235,-24.075514],[-46.327235,-24.075514],[-46.327235,-24.055514000000002],[-46.247234999999996,-24.055514000000002],[-46.247234999999996,-24.035514],[-46.187235,-24.035514],[-46.187235,-24.015514000000003],[-46.107235,-24.015514000000003],[-46.107235,-23.995514],[-46.027235,-23.995514],[-46.027235,-23.975513999999997],[-45.787234999999995,-23.935513999999998],[-45.787234999999995,-23.915514],[-45.72723499999999,-23.915514],[-45.72723499999999,-23.895514],[-45.647234999999995,-23.895514],[-45.647234999999995,-23.875514000000003],[-45.567235,-23.875514000000003],[-45.567235,-23.855514],[-45.347235,-23.815514],[-45.347235,-23.795513999999997],[-45.267235,-23.775514],[-45.247234999999996,-23.735514000000002],[-45.207235,-23.735514000000002],[-45.187235,-23.695514000000003],[-45.147234999999995,-23.695514000000003],[-45.127235,-23.655514000000004],[-45.08723499999999,-23.655514000000004],[-45.027235,-23.595514],[-44.987235,-23.595514],[-44.967235,-23.555514000000002],[-44.887235,-23.535514],[-44.867234999999994,-23.495514],[-44.767235,-23.455514],[-44.747234999999996,-23.415514],[-44.667235,-23.395514],[-44.647234999999995,-23.355514],[-44.567235,-23.355514],[-44.567235,-23.335514000000003],[-44.447235,-23.315514],[-44.467235,-23.255513999999998],[-44.507234999999994,-23.235514000000002],[-44.507234999999994,-23.135514],[-44.487235,-23.135514],[-44.487235,-23.075514],[-44.467235,-23.075514],[-44.467235,-22.975513999999997],[-44.407235,-22.915514],[-44.407235,-22.875514000000003],[-44.307235,-22.855514],[-44.247234999999996,-22.795513999999997],[-44.247234999999996,-22.735514000000002],[-44.207235,-22.695514000000003],[-44.167235,-22.695514000000003],[-44.167235,-22.655514000000004],[-44.207235,-22.635514],[-44.207235,-22.595514],[-44.247234999999996,-22.595514],[-44.247234999999996,-22.615513999999997],[-44.387235,-22.595514],[-44.387235,-22.615513999999997],[-44.507234999999994,-22.615513999999997],[-44.507234999999994,-22.635514],[-44.527235,-22.615513999999997],[-44.607235,-22.615513999999997],[-44.707235,-22.515514000000003],[-44.707235,-22.475513999999997],[-44.767235,-22.415514],[-44.847235,-22.415514],[-44.887235,-22.455514],[-44.987235,-22.455514],[-44.987235,-22.475513999999997],[-45.08723499999999,-22.475513999999997],[-45.08723499999999,-22.495514],[-45.207235,-22.535514],[-45.247234999999996,-22.595514],[-45.367234999999994,-22.635514],[-45.367234999999994,-22.655514000000004],[-45.407235,-22.615513999999997],[-45.467235,-22.615513999999997],[-45.487235,-22.655514000000004],[-45.667235,-22.635514],[-45.687235,-22.615513999999997],[-45.767235,-22.695514000000003],[-45.747234999999996,-22.795513999999997],[-45.787234999999995,-22.835514000000003],[-45.847235,-22.835514000000003],[-45.847235,-22.855514],[-45.887235,-22.855514],[-45.907235,-22.815514],[-45.987235,-22.835514000000003],[-46.027235,-22.895514],[-46.127235,-22.895514],[-46.147234999999995,-22.855514],[-46.207235,-22.855514],[-46.207235,-22.875514000000003],[-46.287234999999995,-22.895514],[-46.287234999999995,-22.875514000000003],[-46.347235,-22.855514],[-46.347235,-22.755513999999998],[-46.427234999999996,-22.735514000000002],[-46.467235,-22.695514000000003],[-46.407235,-22.635514],[-46.407235,-22.535514],[-46.487235,-22.515514000000003],[-46.547235,-22.435513999999998],[-46.627235,-22.435513999999998],[-46.647234999999995,-22.355514],[-46.687235,-22.335514000000003],[-46.687235,-22.255513999999998],[-46.667235,-22.255513999999998],[-46.647234999999995,-22.175514],[-46.607235,-22.155514000000004],[-46.607235,-22.115513999999997],[-46.667235,-22.075514],[-46.667235,-22.035514],[-46.627235,-22.015514000000003],[-46.627235,-21.935513999999998],[-46.647234999999995,-21.935513999999998],[-46.667235,-21.815514],[-46.607235,-21.755513999999998],[-46.607235,-21.695514000000003],[-46.507234999999994,-21.595514],[-46.507234999999994,-21.535514],[-46.487235,-21.535514],[-46.507234999999994,-21.455514],[-46.527235,-21.435513999999998],[-46.607235,-21.435513999999998],[-46.647234999999995,-21.375514000000003],[-46.667235,-21.395514],[-46.847235,-21.375514000000003],[-46.867234999999994,-21.415514],[-46.967235,-21.415514],[-46.987235,-21.395514],[-46.987235,-21.335514000000003],[-47.027235,-21.295513999999997],[-47.027235,-21.215514],[-47.127235,-21.135514],[-47.147234999999995,-20.975513999999997],[-47.207235,-20.915514],[-47.207235,-20.795513999999997],[-47.167235,-20.755513999999998],[-47.167235,-20.715514],[-47.127235,-20.695514000000003],[-47.107235,-20.595514],[-47.127235,-20.595514],[-47.127235,-20.555514000000002],[-47.167235,-20.515514000000003],[-47.207235,-20.515514000000003],[-47.207235,-20.495514],[-47.247234999999996,-20.495514],[-47.287234999999995,-20.455514],[-47.267235,-20.275514],[-47.22723499999999,-20.255513999999998],[-47.22723499999999,-20.195514000000003],[-47.327235,-20.095514],[-47.407235,-20.075514],[-47.447235,-19.975513999999997],[-47.58723499999999,-19.995514],[-47.607235,-20.035514],[-47.667235,-20.035514],[-47.687235,-19.995514],[-47.867234999999994,-19.995514],[-47.887235,-20.115513999999997],[-47.987235,-20.075514],[-47.987235,-20.115513999999997],[-48.027235,-20.115513999999997],[-48.047235,-20.155514000000004],[-48.127235,-20.135514],[-48.187235,-20.075514],[-48.247234999999996,-20.135514],[-48.287234999999995,-20.135514],[-48.287234999999995,-20.115513999999997],[-48.427234999999996,-20.115513999999997],[-48.427234999999996,-20.135514],[-48.607235,-20.135514],[-48.647234999999995,-20.175514],[-48.667235,-20.155514000000004],[-48.847235,-20.155514000000004],[-48.847235,-20.215514],[-48.887235,-20.255513999999998],[-48.867234999999994,-20.395514],[-48.887235,-20.395514],[-48.887235,-20.435513999999998],[-48.927234999999996,-20.435513999999998],[-48.967235,-20.395514],[-48.967235,-20.195514000000003],[-49.007234999999994,-20.155514000000004],[-49.047235,-20.155514000000004],[-49.067235,-20.215514],[-49.167235,-20.315514],[-49.22723499999999,-20.295513999999997],[-49.22723499999999,-20.255513999999998],[-49.247234999999996,-20.255513999999998],[-49.247234999999996,-20.215514],[-49.287234999999995,-20.175514],[-49.287234999999995,-19.975513999999997],[-49.447235,-19.995514],[-49.507234999999994,-19.915514],[-49.627235,-19.915514],[-49.667235,-19.955514],[-49.687235,-19.935513999999998],[-49.927234999999996,-19.955514],[-49.927234999999996,-19.935513999999998],[-50.047235,-19.935513999999998],[-50.08723499999999,-19.895514],[-50.327235,-19.895514],[-50.407235,-19.795513999999997],[-50.527235,-19.795513999999997]]]}},{"type":"Feature","properties":{"name":"Sergipe","sigla":"SE","ibge_code":"28"},"geometry":{"type":"Polygon","coordinates":[[[-37.987235,-9.535514000000001],[-38.047235,-9.595514],[-38.007234999999994,-9.635514],[-38.027235,-9.755514],[-37.987235,-9.775514],[-37.967234999999995,-9.875514],[-37.887235,-9.935514],[-37.887235,-9.975514],[-37.767235,-10.075514],[-37.767235,-10.315513999999999],[-37.807235,-10.355514000000001],[-37.807235,-10.395514],[-37.827234999999995,-10.395514],[-37.807235,-10.595514],[-37.767235,-10.635513999999999],[-37.787234999999995,-10.635513999999999],[-37.787234999999995,-10.675514000000002],[-37.847235,-10.735514],[-37.887235,-10.735514],[-37.887235,-10.755514],[-37.967234999999995,-10.775514],[-37.967234999999995,-10.795513999999999],[-38.067235,-10.755514],[-38.067235,-10.735514],[-38.207235,-10.735514],[-38.207235,-10.775514],[-38.227235,-10.775514],[-38.227235,-10.915514],[-38.087235,-11.055514],[-38.067235,-11.175514000000002],[-37.987235,-11.215514],[-37.987235,-11.275514],[-38.027235,-11.315513999999999],[-38.027235,-11.355514000000001],[-38.007234999999994,-11.355514000000001],[-38.007234999999994,-11.395514],[-37.967234999999995,-11.435514],[-37.887235,-11.415514],[-37.887235,-11.435514],[-37.847235,-11.435514],[-37.807235,-11.475513999999999],[-37.787234999999995,-11.535514000000001],[-37.687234999999994,-11.555514],[-37.687234999999994,-11.575514],[-37.647234999999995,-11.535514000000001],[-37.567235,-11.535514000000001],[-37.567235,-11.555514],[-37.547235,-11.535514000000001],[-37.307235,-11.535514000000001],[-37.267235,-11.435514],[-37.227235,-11.415514],[-37.227235,-11.375514],[-37.187234999999994,-11.335514000000002],[-37.167235,-11.255514],[-37.127235,-11.235514],[-37.087235,-11.115514],[-37.047235,-11.095514],[-37.047235,-11.055514],[-36.447235,-10.475513999999999],[-36.447235,-10.435514],[-36.527235,-10.435514],[-36.547235,-10.415514],[-36.547235,-10.335514000000002],[-36.567235,-10.335514000000002],[-36.567235,-10.295513999999999],[-36.607234999999996,-10.255514],[-36.707235,-10.275514],[-36.747234999999996,-10.235514],[-36.807235,-10.235514],[-36.827234999999995,-10.175514],[-36.927234999999996,-10.115514000000001],[-36.927234999999996,-10.015514],[-36.947235,-9.995514],[-37.047235,-9.995514],[-37.107234999999996,-9.915514],[-37.207235,-9.915514],[-37.347235,-9.775514],[-37.587235,-9.735514],[-37.667235,-9.655514],[-37.787234999999995,-9.655514],[-37.827234999999995,-9.595514],[-37.987235,-9.535514000000001]]]}},{"type":"Feature","properties":{"name":"Tocantins","sigla":"TO","ibge_code":"17"},"geometry":{"type":"Polygon","coordinates":[[[-48.507234999999994,-5.175514],[-48.647234999999995,-5.315514],[-48.647234999999995,-5.375514000000001],[-48.607235,-5.415514],[-48.367234999999994,-5.415514],[-48.307235,-5.475514],[-48.287234999999995,-5.535513999999999],[-48.22723499999999,-5.535513999999999],[-48.22723499999999,-5.5555140000000005],[-48.187235,-5.5555140000000005],[-48.147234999999995,-5.595514],[-48.127235,-5.655514],[-48.207235,-5.735514],[-48.287234999999995,-5.735514],[-48.287234999999995,-5.855513999999999],[-48.22723499999999,-5.895514],[-48.22723499999999,-5.9355139999999995],[-48.267235,-5.975514],[-48.327235,-5.975514],[-48.327235,-6.035513999999999],[-48.287234999999995,-6.0555140000000005],[-48.287234999999995,-6.095514],[-48.327235,-6.135514000000001],[-48.427234999999996,-6.155514],[-48.407235,-6.335514],[-48.507234999999994,-6.355513999999999],[-48.547235,-6.415514],[-48.58723499999999,-6.415514],[-48.627235,-6.455514000000001],[-48.627235,-6.495514],[-48.647234999999995,-6.495514],[-48.647234999999995,-6.635514000000001],[-48.687235,-6.675514],[-48.72723499999999,-6.675514],[-48.72723499999999,-6.695513999999999],[-48.847235,-6.735514],[-48.847235,-6.755514],[-48.947235,-6.755514],[-48.987235,-6.795514000000001],[-49.047235,-6.795514000000001],[-49.08723499999999,-6.855513999999999],[-49.127235,-6.855513999999999],[-49.167235,-6.915514],[-49.207235,-6.915514],[-49.187235,-7.215514000000001],[-49.167235,-7.235514],[-49.187235,-7.235514],[-49.22723499999999,-7.355513999999999],[-49.327235,-7.4355139999999995],[-49.327235,-7.475514],[-49.367234999999994,-7.515514],[-49.347235,-7.615513999999999],[-49.307235,-7.635514000000001],[-49.307235,-7.675514],[-49.207235,-7.775513999999999],[-49.147234999999995,-7.795514000000001],[-49.167235,-7.975514],[-49.187235,-7.975514],[-49.187235,-8.055514],[-49.22723499999999,-8.095514],[-49.22723499999999,-8.175514],[-49.267235,-8.215514],[-49.287234999999995,-8.355514],[-49.387235,-8.435514],[-49.427234999999996,-8.575514],[-49.487235,-8.635514],[-49.487235,-8.715514],[-49.527235,-8.735514],[-49.567235,-8.835514],[-49.607235,-8.875514],[-49.707235,-8.875514],[-49.787234999999995,-8.955514],[-49.807235,-9.035514000000001],[-49.867234999999994,-9.075514],[-49.867234999999994,-9.115514],[-50.047235,-9.295514],[-50.047235,-9.375514],[-50.067235,-9.375514],[-50.067235,-9.435514],[-50.08723499999999,-9.435514],[-50.08723499999999,-9.575514],[-50.127235,-9.615514],[-50.127235,-9.675514],[-50.187235,-9.735514],[-50.187235,-9.795514],[-50.22723499999999,-9.815514],[-50.22723499999999,-9.855514],[-50.247234999999996,-9.855514],[-50.247234999999996,-9.895514],[-50.287234999999995,-9.935514],[-50.287234999999995,-10.015514],[-50.367234999999994,-10.075514],[-50.387235,-10.295513999999999],[-50.487235,-10.395514],[-50.507234999999994,-10.555514],[-50.58723499999999,-10.615514],[-50.58723499999999,-10.735514],[-50.567235,-10.755514],[-50.627235,-10.815513999999999],[-50.607235,-10.835514000000002],[-50.607235,-10.895514],[-50.627235,-10.895514],[-50.607235,-11.075514],[-50.647234999999995,-11.115514],[-50.647234999999995,-11.255514],[-50.687235,-11.275514],[-50.707235,-11.415514],[-50.72723499999999,-11.415514],[-50.72723499999999,-11.535514000000001],[-50.647234999999995,-11.595514],[-50.647234999999995,-11.655514000000002],[-50.707235,-11.695514000000001],[-50.707235,-11.775514],[-50.667235,-11.815513999999999],[-50.667235,-11.875514],[-50.647234999999995,-11.875514],[-50.667235,-12.215514],[-50.607235,-12.275514],[-50.627235,-12.295513999999999],[-50.627235,-12.335514000000002],[-50.607235,-12.335514000000002],[-50.627235,-12.575514],[-50.647234999999995,-12.575514],[-50.667235,-12.635513999999999],[-50.607235,-12.675514000000002],[-50.607235,-12.775514],[-50.527235,-12.855514000000001],[-50.467235,-12.875514],[-50.467235,-12.915514],[-50.487235,-12.915514],[-50.467235,-12.975513999999999],[-49.247234999999996,-12.975513999999999],[-48.347235,-13.895514],[-46.247234999999996,-13.895514],[-46.247234999999996,-13.815513999999999],[-46.267235,-13.815513999999999],[-46.247234999999996,-13.555514],[-46.22723499999999,-13.555514],[-46.207235,-13.435514],[-46.067235,-13.315513999999999],[-46.08723499999999,-13.255514],[-46.167235,-13.215514],[-46.167235,-13.075514],[-46.147234999999995,-13.075514],[-46.147234999999995,-13.015514000000001],[-46.107235,-13.015514000000001],[-46.067235,-12.975513999999999],[-46.067235,-12.935514],[-46.22723499999999,-12.815513999999999],[-46.22723499999999,-12.695514000000001],[-46.167235,-12.635513999999999],[-46.167235,-12.595514],[-46.147234999999995,-12.595514],[-46.147234999999995,-12.515514000000001],[-46.247234999999996,-12.475513999999999],[-46.247234999999996,-12.455513999999999],[-46.287234999999995,-12.455513999999999],[-46.307235,-12.395514],[-46.327235,-12.395514],[-46.327235,-12.095514],[-46.267235,-12.075514],[-46.207235,-11.995514000000002],[-46.127235,-11.975513999999999],[-46.067235,-11.915514],[-46.147234999999995,-11.835514000000002],[-46.167235,-11.855514000000001],[-46.247234999999996,-11.855514000000001],[-46.267235,-11.835514000000002],[-46.267235,-11.735514],[-46.107235,-11.675514000000002],[-46.067235,-11.615514],[-46.167235,-11.575514],[-46.167235,-11.555514],[-46.22723499999999,-11.555514],[-46.22723499999999,-11.535514000000001],[-46.427234999999996,-11.515514000000001],[-46.467235,-11.475513999999999],[-46.467235,-11.435514],[-46.547235,-11.375514],[-46.547235,-11.255514],[-46.527235,-11.255514],[-46.527235,-11.215514],[-46.487235,-11.215514],[-46.447235,-11.175514000000002],[-46.387235,-10.995514000000002],[-46.327235,-10.935514],[-46.267235,-10.935514],[-46.22723499999999,-10.895514],[-46.247234999999996,-10.835514000000002],[-46.307235,-10.795513999999999],[-46.307235,-10.755514],[-46.267235,-10.715514],[-46.22723499999999,-10.715514],[-46.107235,-10.595514],[-46.047235,-10.595514],[-45.987235,-10.535514000000001],[-45.907235,-10.515514000000001],[-45.887235,-10.475513999999999],[-45.847235,-10.475513999999999],[-45.807235,-10.435514],[-45.807235,-10.395514],[-45.787234999999995,-10.395514],[-45.787234999999995,-10.335514000000002],[-45.907235,-10.335514000000002],[-45.927234999999996,-10.295513999999999],[-45.987235,-10.315513999999999],[-46.107235,-10.195514],[-46.327235,-10.195514],[-46.347235,-10.135514],[-46.467235,-10.015514],[-46.447235,-9.995514],[-46.467235,-9.895514],[-46.507234999999994,-9.855514],[-46.547235,-9.855514],[-46.667235,-9.735514],[-46.647234999999995,-9.675514],[-46.58723499999999,-9.635514],[-46.58723499999999,-9.595514],[-46.527235,-9.535514000000001],[-46.567235,-9.495514],[-46.667235,-9.475514],[-46.687235,-9.435514],[-46.787234999999995,-9.395514],[-46.787234999999995,-9.355514],[-46.827235,-9.335514],[-46.827235,-9.175514],[-46.847235,-9.175514],[-46.847235,-9.135514],[-46.887235,-9.095514],[-47.047235,-9.075514],[-47.067235,-9.055514],[-47.067235,-8.975514],[-46.887235,-8.815514],[-46.907235,-8.695514],[-46.887235,-8.695514],[-46.887235,-8.615514],[-46.867234999999994,-8.615514],[-46.867234999999994,-8.535514000000001],[-46.847235,-8.535514000000001],[-46.827235,-8.455514],[-46.747234999999996,-8.435514],[-46.747234999999996,-8.415514],[-46.547235,-8.415514],[-46.547235,-8.395514],[-46.507234999999994,-8.395514],[-46.527235,-8.295514],[-46.487235,-8.255514],[-46.467235,-7.995514],[-46.507234999999994,-7.955514000000001],[-46.547235,-7.955514000000001],[-46.567235,-7.915514],[-46.687235,-7.915514],[-46.687235,-7.9355139999999995],[-46.767235,-7.9355139999999995],[-46.767235,-7.955514000000001],[-46.867234999999994,-7.955514000000001],[-46.867234999999994,-7.975514],[-46.947235,-7.995514],[-47.007234999999994,-8.055514],[-47.08723499999999,-7.975514],[-47.107235,-7.895514],[-47.307235,-7.695513999999999],[-47.307235,-7.655514],[-47.347235,-7.655514],[-47.367234999999994,-7.575514],[-47.407235,-7.575514],[-47.407235,-7.535514000000001],[-47.447235,-7.535514000000001],[-47.507234999999994,-7.475514],[-47.527235,-7.415514],[-47.487235,-7.395514],[-47.467235,-7.315514],[-47.547235,-7.295514000000001],[-47.547235,-7.275513999999999],[-47.647234999999995,-7.295514000000001],[-47.72723499999999,-7.215514000000001],[-47.72723499999999,-7.155514],[-47.627235,-7.155514],[-47.627235,-7.115513999999999],[-47.567235,-7.075514],[-47.567235,-7.035514000000001],[-47.487235,-6.975514],[-47.487235,-6.915514],[-47.467235,-6.915514],[-47.487235,-6.895514],[-47.467235,-6.635514000000001],[-47.447235,-6.635514000000001],[-47.447235,-6.535514000000001],[-47.407235,-6.515514],[-47.407235,-6.395514],[-47.387235,-6.395514],[-47.387235,-6.295514000000001],[-47.367234999999994,-6.295514000000001],[-47.367234999999994,-6.215514000000001],[-47.407235,-6.195513999999999],[-47.407235,-6.095514],[-47.427234999999996,-6.095514],[-47.407235,-5.835514],[-47.467235,-5.775513999999999],[-47.467235,-5.5555140000000005],[-47.547235,-5.475514],[-47.627235,-5.475514],[-47.647234999999995,-5.4355139999999995],[-47.687235,-5.4355139999999995],[-47.72723499999999,-5.395514],[-47.827235,-5.395514],[-47.847235,-5.375514000000001],[-47.847235,-5.295514000000001],[-47.887235,-5.255514],[-47.987235,-5.255514],[-48.007234999999994,-5.235514],[-48.027235,-5.275513999999999],[-48.167235,-5.275513999999999],[-48.167235,-5.255514],[-48.247234999999996,-5.235514],[-48.307235,-5.175514],[-48.507234999999994,-5.175514]]]}}]}